configuration_id,rows,columns,condition,condition_label,n_p,n_q,method,method_label,population_pairs,mean_valid_rate,mean_delta_error,mean_empirical_delta_sd,mean_standard_error,mean_absolute_edgeworth_adjustment,mean_fpr_10,mean_absolute_fpr_error_10,population_sd_fpr_10,mean_fpr_05,mean_absolute_fpr_error_05,population_sd_fpr_05,mean_fpr_01,mean_absolute_fpr_error_01,population_sd_fpr_01
2x2_balanced_control,2,2,balanced_control,Balanced control,100,100,normal_wald,Normal Wald,2,1.0,-0.0024667327310950466,0.061012131803204875,0.06031153146854634,0.035901787590017734,0.09833333333333333,0.008333333333333338,0.0117851130197758,0.045,0.008333333333333335,0.011785113019775794,0.006666666666666667,0.003333333333333333,0.0
2x2_balanced_control,2,2,balanced_control,Balanced control,100,100,simple_welch,Simple Welch,2,0.0,-0.0024667327310950466,0.061012131803204875,0.06031153146854634,0.035901787590017734,,,,,,,,,
2x2_balanced_control,2,2,balanced_control,Balanced control,100,100,expanded_welch,Expanded Welch,2,1.0,-0.0024667327310950466,0.061012131803204875,0.06031153146854634,0.035901787590017734,0.08333333333333334,0.01666666666666667,0.018856180831641263,0.04166666666666667,0.008333333333333335,0.011785113019775794,0.0033333333333333335,0.006666666666666666,0.0
2x2_balanced_control,2,2,balanced_control,Balanced control,100,100,edgeworth_normal,Joint Edgeworth,2,0.9833333333333333,-0.0024667327310950466,0.061012131803204875,0.06031153146854634,0.035901787590017734,0.1016949152542373,0.0033898305084745714,0.004793944279230824,0.04576271186440678,0.0050847457627118675,0.0071909164188462505,0.011864406779661017,0.0018644067796610162,0.0023969721396154154
2x2_balanced_control,2,2,balanced_control,Balanced control,100,100,joint_influence_welch,Joint-Influence Welch,2,0.99,-0.0024667327310950466,0.061012131803204875,0.06031153146854634,0.035901787590017734,0.09932659932659932,0.01178451178451178,0.016665816391602122,0.045454545454545456,0.008417508417508417,0.011904154565430093,0.013468013468013467,0.003468013468013467,0.0
2x2_moderate_sparse,2,2,moderate_sparse,Moderate sparsity,50,50,normal_wald,Normal Wald,2,1.0,-0.00034757782330650084,0.08427434569990341,0.08704808029078573,0.06435742498952575,0.07166666666666666,0.028333333333333342,0.016499158227686106,0.03,0.020000000000000004,0.009428090415820633,0.0033333333333333335,0.006666666666666666,0.0
2x2_moderate_sparse,2,2,moderate_sparse,Moderate sparsity,50,50,simple_welch,Simple Welch,2,0.0,-0.00034757782330650084,0.08427434569990341,0.08704808029078573,0.06435742498952575,,,,,,,,,
2x2_moderate_sparse,2,2,moderate_sparse,Moderate sparsity,50,50,expanded_welch,Expanded Welch,2,1.0,-0.00034757782330650084,0.08427434569990341,0.08704808029078573,0.06435742498952575,0.058333333333333334,0.04166666666666667,0.01178511301977579,0.018333333333333333,0.03166666666666667,0.0023570226039551587,0.0033333333333333335,0.006666666666666666,0.0
2x2_moderate_sparse,2,2,moderate_sparse,Moderate sparsity,50,50,edgeworth_normal,Joint Edgeworth,2,0.975,-0.00034757782330650084,0.08427434569990341,0.08704808029078573,0.06435742498952575,0.09564134932323445,0.016603548635949227,0.023480963664480697,0.04947752296795007,0.018549687916403677,0.0262332202291664,0.011939827477382706,0.0050669752437057305,0.007165785109857363
2x2_moderate_sparse,2,2,moderate_sparse,Moderate sparsity,50,50,joint_influence_welch,Joint-Influence Welch,2,0.9916666666666667,-0.00034757782330650084,0.08427434569990341,0.08704808029078573,0.06435742498952575,0.09232916026394286,0.021383214317996925,0.030240431695641803,0.04864751875621441,0.018242113350809,0.025798244107061396,0.010067341589080719,0.0033105848323239625,0.004681873969259207
2x2_ultra_sparse,2,2,ultra_sparse,Ultra-sparsity,50,50,normal_wald,Normal Wald,2,1.0,0.0032456603215120033,0.10544930939687183,0.09609204125043673,0.0904887424025692,0.13666666666666666,0.03666666666666667,0.009428090415820635,0.06833333333333333,0.018333333333333326,0.01178511301977579,0.018333333333333333,0.015,0.021213203435596427
2x2_ultra_sparse,2,2,ultra_sparse,Ultra-sparsity,50,50,simple_welch,Simple Welch,2,0.0,0.0032456603215120033,0.10544930939687183,0.09609204125043673,0.0904887424025692,,,,,,,,,
2x2_ultra_sparse,2,2,ultra_sparse,Ultra-sparsity,50,50,expanded_welch,Expanded Welch,2,0.9816666666666667,0.0032456603215120033,0.10544930939687183,0.09609204125043673,0.0904887424025692,0.11545823532124902,0.015458235321249014,0.0013861001891254127,0.05276509386098427,0.015728056823947234,0.022242831270200884,0.0136986301369863,0.0136986301369863,0.019372788525658834
2x2_ultra_sparse,2,2,ultra_sparse,Ultra-sparsity,50,50,edgeworth_normal,Joint Edgeworth,2,0.96,0.0032456603215120033,0.10544930939687183,0.09609204125043673,0.0904887424025692,0.14931275620930792,0.04931275620930792,0.0014663897560174342,0.07804436942367976,0.028044369423679764,0.016420155058660364,0.02423438630335182,0.01423438630335182,0.01449338712342815
2x2_ultra_sparse,2,2,ultra_sparse,Ultra-sparsity,50,50,joint_influence_welch,Joint-Influence Welch,2,0.9716666666666667,0.0032456603215120033,0.10544930939687183,0.09609204125043673,0.0904887424025692,0.1269330351888902,0.02693303518889019,0.0009237242875333366,0.06519948217017771,0.015199482170177706,0.005325977874066029,0.02232552665646699,0.012325526656466988,0.007439725342835982
2x2_ultra_imbalanced,2,2,ultra_imbalanced,Ultra-sparsity with imbalance,50,250,normal_wald,Normal Wald,2,1.0,0.0013921743460592485,0.08046637861081055,0.07386067126277143,0.2619984294096331,0.18166666666666667,0.08166666666666667,0.044783429475148025,0.12833333333333333,0.07833333333333334,0.021213203435596437,0.07833333333333334,0.06833333333333333,0.030641293851417065
2x2_ultra_imbalanced,2,2,ultra_imbalanced,Ultra-sparsity with imbalance,50,250,simple_welch,Simple Welch,2,0.0,0.0013921743460592485,0.08046637861081055,0.07386067126277143,0.2619984294096331,,,,,,,,,
2x2_ultra_imbalanced,2,2,ultra_imbalanced,Ultra-sparsity with imbalance,50,250,expanded_welch,Expanded Welch,2,0.9883333333333333,0.0013921743460592485,0.08046637861081055,0.07386067126277143,0.2619984294096331,0.11468855218855219,0.014688552188552181,0.014582589342651867,0.07253844753844754,0.02253844753844754,0.02163660525743713,0.0404950404950405,0.030495040495040496,0.019175340867557667
2x2_ultra_imbalanced,2,2,ultra_imbalanced,Ultra-sparsity with imbalance,50,250,edgeworth_normal,Joint Edgeworth,2,0.9466666666666667,0.0013921743460592485,0.08046637861081055,0.07386067126277143,0.2619984294096331,0.09345046932929929,0.013311096506999645,0.01882473321025603,0.056418713653328706,0.0076382258484506554,0.010802082587347658,0.01582823911614815,0.005828239116148151,0.002253356513756776
2x2_ultra_imbalanced,2,2,ultra_imbalanced,Ultra-sparsity with imbalance,50,250,joint_influence_welch,Joint-Influence Welch,2,0.9466666666666667,0.0013921743460592485,0.08046637861081055,0.07386067126277143,0.2619984294096331,0.07054199164259055,0.029458008357409457,0.015992693700748482,0.03881111510657557,0.011188884893424435,0.010539044862006398,0.005300879139955609,0.004699120860044391,0.0025690017841662853
3x3_balanced_control,3,3,balanced_control,Balanced control,135,135,normal_wald,Normal Wald,2,1.0,0.0042021682017891245,0.05295529617927035,0.05457328221319917,0.026054532685168764,0.09333333333333334,0.006666666666666668,0.0,0.03166666666666666,0.018333333333333337,0.0023570226039551587,0.011666666666666667,0.001666666666666667,0.0023570226039551587
3x3_balanced_control,3,3,balanced_control,Balanced control,135,135,simple_welch,Simple Welch,2,0.0,0.0042021682017891245,0.05295529617927035,0.05457328221319917,0.026054532685168764,,,,,,,,,
3x3_balanced_control,3,3,balanced_control,Balanced control,135,135,expanded_welch,Expanded Welch,2,1.0,0.0042021682017891245,0.05295529617927035,0.05457328221319917,0.026054532685168764,0.08499999999999999,0.015000000000000006,0.007071067811865472,0.028333333333333335,0.021666666666666667,0.002357022603955156,0.01,0.0,0.0
3x3_balanced_control,3,3,balanced_control,Balanced control,135,135,edgeworth_normal,Joint Edgeworth,2,0.9933333333333334,0.0042021682017891245,0.05295529617927035,0.05457328221319917,0.026054532685168764,0.09396078961296353,0.0060392103870364824,0.00044590813087899234,0.0435796087970001,0.013276578493969796,0.018775917368083046,0.01175072914203349,0.0017507291420334895,0.0024286067842516235
3x3_balanced_control,3,3,balanced_control,Balanced control,135,135,joint_influence_welch,Joint-Influence Welch,2,0.9983333333333333,0.0042021682017891245,0.05295529617927035,0.05457328221319917,0.026054532685168764,0.09682831661092531,0.0031716833890746976,0.00022860754352742823,0.04172798216276477,0.008272017837235229,0.006984354605699901,0.01670011148272018,0.006700111482720179,0.004761343320364267
3x3_moderate_sparse,3,3,moderate_sparse,Moderate sparsity,72,72,normal_wald,Normal Wald,2,1.0,0.000618592428397666,0.0773134361373867,0.08097045960015956,0.03657625930990188,0.095,0.0050000000000000044,0.007071067811865481,0.04166666666666667,0.008333333333333335,0.0023570226039551587,0.005,0.004999999999999999,0.0023570226039551583
3x3_moderate_sparse,3,3,moderate_sparse,Moderate sparsity,72,72,simple_welch,Simple Welch,2,0.0,0.000618592428397666,0.0773134361373867,0.08097045960015956,0.03657625930990188,,,,,,,,,
3x3_moderate_sparse,3,3,moderate_sparse,Moderate sparsity,72,72,expanded_welch,Expanded Welch,2,1.0,0.000618592428397666,0.0773134361373867,0.08097045960015956,0.03657625930990188,0.07833333333333334,0.021666666666666674,0.002357022603955164,0.03166666666666667,0.018333333333333333,0.007071067811865474,0.0016666666666666668,0.008333333333333333,0.0023570226039551587
3x3_moderate_sparse,3,3,moderate_sparse,Moderate sparsity,72,72,edgeworth_normal,Joint Edgeworth,2,0.9916666666666667,0.000618592428397666,0.0773134361373867,0.08097045960015956,0.03657625930990188,0.10926377872686598,0.01194834248525524,0.01689750799052661,0.05210381217092626,0.0021038121709262593,0.0025006713952883354,0.010084062097484917,8.406209748491617e-05,2.3968096440464343e-05
3x3_moderate_sparse,3,3,moderate_sparse,Moderate sparsity,72,72,joint_influence_welch,Joint-Influence Welch,2,1.0,0.000618592428397666,0.0773134361373867,0.08097045960015956,0.03657625930990188,0.10333333333333333,0.006666666666666668,0.009428090415820635,0.051666666666666666,0.001666666666666667,0.0023570226039551587,0.01,0.0,0.0
3x3_ultra_sparse,3,3,ultra_sparse,Ultra-sparsity,50,50,normal_wald,Normal Wald,2,0.9983333333333333,0.012989050442547424,0.1183840827482369,0.10396793062448963,0.11192842923934546,0.16865105908584171,0.0686510590858417,0.03109062591972959,0.09686176142697882,0.046861761426978815,0.02856017690344328,0.031727982162764776,0.021727982162764774,0.007157781018031051
3x3_ultra_sparse,3,3,ultra_sparse,Ultra-sparsity,50,50,simple_welch,Simple Welch,2,0.0,0.012989050442547424,0.1183840827482369,0.10396793062448963,0.11192842923934546,,,,,,,,,
3x3_ultra_sparse,3,3,ultra_sparse,Ultra-sparsity,50,50,expanded_welch,Expanded Welch,2,0.9733333333333334,0.012989050442547424,0.1183840827482369,0.10396793062448963,0.11192842923934546,0.12842465753424656,0.02910958904109589,0.04116717561702503,0.0684931506849315,0.0184931506849315,0.024215985657073544,0.017123287671232876,0.0071232876712328756,0.004843197131414709
3x3_ultra_sparse,3,3,ultra_sparse,Ultra-sparsity,50,50,edgeworth_normal,Joint Edgeworth,2,0.95,0.012989050442547424,0.1183840827482369,0.10396793062448963,0.11192842923934546,0.18420663843199053,0.08420663843199054,0.0015670149292521679,0.1175637742539151,0.0675637742539151,0.008026598693169469,0.03510046291736432,0.025100462917364324,0.005136326712548787
3x3_ultra_sparse,3,3,ultra_sparse,Ultra-sparsity,50,50,joint_influence_welch,Joint-Influence Welch,2,0.9633333333333334,0.012989050442547424,0.1183840827482369,0.10396793062448963,0.11192842923934546,0.16442760156614822,0.06442760156614821,0.013842925239651874,0.09001760120693991,0.0400176012069399,0.010667942386520711,0.02763509225666631,0.017635092256666308,0.009516481938451806
3x3_ultra_imbalanced,3,3,ultra_imbalanced,Ultra-sparsity with imbalance,50,250,normal_wald,Normal Wald,2,1.0,-0.007051827118157465,0.08855305929300075,0.08075097704407311,0.30470052304812356,0.195,0.095,0.007071067811865481,0.14666666666666667,0.09666666666666666,0.009428090415820616,0.1,0.09,0.0047140452079103175
3x3_ultra_imbalanced,3,3,ultra_imbalanced,Ultra-sparsity with imbalance,50,250,simple_welch,Simple Welch,2,0.0,-0.007051827118157465,0.08855305929300075,0.08075097704407311,0.30470052304812356,,,,,,,,,
3x3_ultra_imbalanced,3,3,ultra_imbalanced,Ultra-sparsity with imbalance,50,250,expanded_welch,Expanded Welch,2,0.985,-0.007051827118157465,0.08855305929300075,0.08075097704407311,0.30470052304812356,0.13707627118644067,0.037076271186440676,0.01707842649475984,0.09307718735684838,0.04307718735684837,0.012187307669328384,0.06938273018781493,0.05938273018781494,0.007344776116997241
3x3_ultra_imbalanced,3,3,ultra_imbalanced,Ultra-sparsity with imbalance,50,250,edgeworth_normal,Joint Edgeworth,2,0.915,-0.007051827118157465,0.08855305929300075,0.08075097704407311,0.30470052304812356,0.08010829749960185,0.019891702500398158,0.0096848515977135,0.030976270106704888,0.019023729893295115,0.002815363836544623,0.010909380474597866,0.00358337314859054,0.005067654905780322
3x3_ultra_imbalanced,3,3,ultra_imbalanced,Ultra-sparsity with imbalance,50,250,joint_influence_welch,Joint-Influence Welch,2,0.9366666666666668,-0.007051827118157465,0.08855305929300075,0.08075097704407311,0.30470052304812356,0.08006256570031789,0.019937434299682116,0.0017105183227152825,0.04805780361462568,0.0021214078549083686,0.00300012375973623,0.02312017933812075,0.01312017933812075,0.00228367629472459
5x5_balanced_control,5,5,balanced_control,Balanced control,375,375,normal_wald,Normal Wald,2,1.0,3.3486631859205905e-05,0.0319248207909121,0.03350705017164204,0.00825972411264575,0.08499999999999999,0.018333333333333333,0.025927248643506744,0.04,0.010000000000000002,0.0047140452079103175,0.006666666666666667,0.003333333333333333,0.0
5x5_balanced_control,5,5,balanced_control,Balanced control,375,375,simple_welch,Simple Welch,2,0.0,3.3486631859205905e-05,0.0319248207909121,0.03350705017164204,0.00825972411264575,,,,,,,,,
5x5_balanced_control,5,5,balanced_control,Balanced control,375,375,expanded_welch,Expanded Welch,2,1.0,3.3486631859205905e-05,0.0319248207909121,0.03350705017164204,0.00825972411264575,0.08499999999999999,0.018333333333333333,0.025927248643506744,0.03833333333333333,0.011666666666666669,0.0023570226039551587,0.006666666666666667,0.003333333333333333,0.0
5x5_balanced_control,5,5,balanced_control,Balanced control,375,375,edgeworth_normal,Joint Edgeworth,2,1.0,3.3486631859205905e-05,0.0319248207909121,0.03350705017164204,0.00825972411264575,0.08833333333333333,0.015,0.021213203435596427,0.04,0.010000000000000002,0.0047140452079103175,0.008333333333333333,0.0016666666666666666,0.0023570226039551583
5x5_balanced_control,5,5,balanced_control,Balanced control,375,375,joint_influence_welch,Joint-Influence Welch,2,1.0,3.3486631859205905e-05,0.0319248207909121,0.03350705017164204,0.00825972411264575,0.08666666666666667,0.016666666666666663,0.02357022603955158,0.04,0.010000000000000002,0.0047140452079103175,0.008333333333333333,0.0016666666666666666,0.0023570226039551583
5x5_moderate_sparse,5,5,moderate_sparse,Moderate sparsity,200,200,normal_wald,Normal Wald,2,1.0,-0.0016130672901820686,0.04916145051369575,0.051445712928075135,0.012953315119163545,0.08666666666666667,0.013333333333333336,0.01885618083164127,0.035,0.015000000000000001,0.011785113019775792,0.011666666666666667,0.001666666666666667,0.0023570226039551587
5x5_moderate_sparse,5,5,moderate_sparse,Moderate sparsity,200,200,simple_welch,Simple Welch,2,0.0,-0.0016130672901820686,0.04916145051369575,0.051445712928075135,0.012953315119163545,,,,,,,,,
5x5_moderate_sparse,5,5,moderate_sparse,Moderate sparsity,200,200,expanded_welch,Expanded Welch,2,1.0,-0.0016130672901820686,0.04916145051369575,0.051445712928075135,0.012953315119163545,0.08166666666666667,0.018333333333333333,0.016499158227686106,0.03,0.020000000000000004,0.009428090415820633,0.005,0.004999999999999999,0.0023570226039551583
5x5_moderate_sparse,5,5,moderate_sparse,Moderate sparsity,200,200,edgeworth_normal,Joint Edgeworth,2,1.0,-0.0016130672901820686,0.04916145051369575,0.051445712928075135,0.012953315119163545,0.09333333333333332,0.010000000000000002,0.014142135623730954,0.043333333333333335,0.006666666666666668,0.009428090415820635,0.011666666666666667,0.001666666666666667,0.0023570226039551587
5x5_moderate_sparse,5,5,moderate_sparse,Moderate sparsity,200,200,joint_influence_welch,Joint-Influence Welch,2,1.0,-0.0016130672901820686,0.04916145051369575,0.051445712928075135,0.012953315119163545,0.08666666666666667,0.013333333333333336,0.01885618083164127,0.03666666666666667,0.013333333333333334,0.01414213562373095,0.008333333333333333,0.0016666666666666666,0.0023570226039551583
5x5_ultra_sparse,5,5,ultra_sparse,Ultra-sparsity,75,75,normal_wald,Normal Wald,2,1.0,0.01031239422090159,0.10036190580960098,0.09851241399253402,0.04959631385774843,0.11833333333333333,0.018333333333333326,0.007071067811865481,0.06166666666666666,0.011666666666666662,0.007071067811865477,0.021666666666666667,0.011666666666666667,0.0023570226039551587
5x5_ultra_sparse,5,5,ultra_sparse,Ultra-sparsity,75,75,simple_welch,Simple Welch,2,0.0,0.01031239422090159,0.10036190580960098,0.09851241399253402,0.04959631385774843,,,,,,,,,
5x5_ultra_sparse,5,5,ultra_sparse,Ultra-sparsity,75,75,expanded_welch,Expanded Welch,2,1.0,0.01031239422090159,0.10036190580960098,0.09851241399253402,0.04959631385774843,0.10666666666666666,0.013333333333333329,0.018856180831641263,0.05333333333333333,0.0033333333333333305,0.004714045207910312,0.013333333333333332,0.003333333333333333,0.004714045207910317
5x5_ultra_sparse,5,5,ultra_sparse,Ultra-sparsity,75,75,edgeworth_normal,Joint Edgeworth,2,0.985,0.01031239422090159,0.10036190580960098,0.09851241399253402,0.04959631385774843,0.11166399450297755,0.011663994502977545,0.009304462798709843,0.06599289967934036,0.015992899679340353,0.002550831837766407,0.015219880897847,0.0052198808978469995,0.007142329145745935
5x5_ultra_sparse,5,5,ultra_sparse,Ultra-sparsity,75,75,joint_influence_welch,Joint-Influence Welch,2,0.9983333333333333,0.01031239422090159,0.10036190580960098,0.09851241399253402,0.04959631385774843,0.11019509476031215,0.010195094760312148,0.009703996071802012,0.06510033444816055,0.015100334448160536,0.00692917347450363,0.015027870680044592,0.005027870680044593,0.002396437697666782
5x5_ultra_imbalanced,5,5,ultra_imbalanced,Ultra-sparsity with imbalance,75,375,normal_wald,Normal Wald,2,1.0,-0.04063783486542887,0.08011682224899547,0.0763820566291499,0.3172455092646761,0.2,0.09999999999999999,0.004714045207910328,0.14333333333333334,0.09333333333333334,0.004714045207910308,0.08,0.07,0.02357022603955158
5x5_ultra_imbalanced,5,5,ultra_imbalanced,Ultra-sparsity with imbalance,75,375,simple_welch,Simple Welch,2,0.0,-0.04063783486542887,0.08011682224899547,0.0763820566291499,0.3172455092646761,,,,,,,,,
5x5_ultra_imbalanced,5,5,ultra_imbalanced,Ultra-sparsity with imbalance,75,375,expanded_welch,Expanded Welch,2,1.0,-0.04063783486542887,0.08011682224899547,0.0763820566291499,0.3172455092646761,0.1716666666666667,0.07166666666666667,0.002357022603955154,0.09833333333333333,0.048333333333333325,0.021213203435596427,0.023333333333333334,0.013333333333333334,0.0
5x5_ultra_imbalanced,5,5,ultra_imbalanced,Ultra-sparsity with imbalance,75,375,edgeworth_normal,Joint Edgeworth,2,0.9816666666666667,-0.04063783486542887,0.08011682224899547,0.0763820566291499,0.3172455092646761,0.14092009685230023,0.04092009685230023,0.002739396730989039,0.07472616165110112,0.024726161651101117,0.01938775424491652,0.0271589991928975,0.017158999192897498,0.004736873514001894
5x5_ultra_imbalanced,5,5,ultra_imbalanced,Ultra-sparsity with imbalance,75,375,joint_influence_welch,Joint-Influence Welch,2,1.0,-0.04063783486542887,0.08011682224899547,0.0763820566291499,0.3172455092646761,0.13166666666666665,0.03166666666666666,0.021213203435596427,0.07166666666666666,0.02166666666666666,0.007071067811865472,0.023333333333333334,0.013333333333333334,0.0
8x8_balanced_control,8,8,balanced_control,Balanced control,960,960,normal_wald,Normal Wald,2,1.0,-0.0018435111961815197,0.021388980625727277,0.02089929379265563,0.003628168458930857,0.10833333333333334,0.011666666666666665,0.016499158227686106,0.04833333333333334,0.001666666666666667,0.0023570226039551587,0.008333333333333333,0.0016666666666666666,0.0023570226039551583
8x8_balanced_control,8,8,balanced_control,Balanced control,960,960,simple_welch,Simple Welch,2,0.0,-0.0018435111961815197,0.021388980625727277,0.02089929379265563,0.003628168458930857,,,,,,,,,
8x8_balanced_control,8,8,balanced_control,Balanced control,960,960,expanded_welch,Expanded Welch,2,1.0,-0.0018435111961815197,0.021388980625727277,0.02089929379265563,0.003628168458930857,0.10833333333333334,0.011666666666666665,0.016499158227686106,0.04833333333333334,0.001666666666666667,0.0023570226039551587,0.008333333333333333,0.0016666666666666666,0.0023570226039551583
8x8_balanced_control,8,8,balanced_control,Balanced control,960,960,edgeworth_normal,Joint Edgeworth,2,1.0,-0.0018435111961815197,0.021388980625727277,0.02089929379265563,0.003628168458930857,0.115,0.015,0.016499158227686116,0.05,0.0,0.0,0.01,0.0033333333333333335,0.004714045207910317
8x8_balanced_control,8,8,balanced_control,Balanced control,960,960,joint_influence_welch,Joint-Influence Welch,2,1.0,-0.0018435111961815197,0.021388980625727277,0.02089929379265563,0.003628168458930857,0.11333333333333334,0.013333333333333329,0.014142135623730954,0.05,0.0,0.0,0.01,0.0033333333333333335,0.004714045207910317
8x8_moderate_sparse,8,8,moderate_sparse,Moderate sparsity,512,512,normal_wald,Normal Wald,2,1.0,-3.413482380716019e-05,0.0296030016938618,0.032974162148569755,0.004850516639980837,0.06166666666666666,0.038333333333333344,0.02121320343559642,0.021666666666666667,0.028333333333333335,0.01178511301977579,0.0033333333333333335,0.006666666666666666,0.0047140452079103175
8x8_moderate_sparse,8,8,moderate_sparse,Moderate sparsity,512,512,simple_welch,Simple Welch,2,0.0,-3.413482380716019e-05,0.0296030016938618,0.032974162148569755,0.004850516639980837,,,,,,,,,
8x8_moderate_sparse,8,8,moderate_sparse,Moderate sparsity,512,512,expanded_welch,Expanded Welch,2,1.0,-3.413482380716019e-05,0.0296030016938618,0.032974162148569755,0.004850516639980837,0.06,0.04000000000000001,0.018856180831641266,0.021666666666666667,0.028333333333333335,0.01178511301977579,0.0016666666666666668,0.008333333333333333,0.0023570226039551587
8x8_moderate_sparse,8,8,moderate_sparse,Moderate sparsity,512,512,edgeworth_normal,Joint Edgeworth,2,1.0,-3.413482380716019e-05,0.0296030016938618,0.032974162148569755,0.004850516639980837,0.065,0.035,0.016499158227686102,0.023333333333333334,0.02666666666666667,0.01414213562373095,0.0033333333333333335,0.006666666666666666,0.0047140452079103175
8x8_moderate_sparse,8,8,moderate_sparse,Moderate sparsity,512,512,joint_influence_welch,Joint-Influence Welch,2,1.0,-3.413482380716019e-05,0.0296030016938618,0.032974162148569755,0.004850516639980837,0.06333333333333332,0.036666666666666674,0.018856180831641263,0.021666666666666667,0.028333333333333335,0.01649915822768611,0.0033333333333333335,0.006666666666666666,0.0047140452079103175
8x8_ultra_sparse,8,8,ultra_sparse,Ultra-sparsity,192,192,normal_wald,Normal Wald,2,1.0,-0.011692054341377125,0.06453803233050787,0.06889112688163429,0.012751703935355999,0.09,0.010000000000000002,0.0047140452079103175,0.04666666666666667,0.003333333333333334,0.0047140452079103175,0.0016666666666666668,0.008333333333333333,0.0023570226039551587
8x8_ultra_sparse,8,8,ultra_sparse,Ultra-sparsity,192,192,simple_welch,Simple Welch,2,0.0,-0.011692054341377125,0.06453803233050787,0.06889112688163429,0.012751703935355999,,,,,,,,,
8x8_ultra_sparse,8,8,ultra_sparse,Ultra-sparsity,192,192,expanded_welch,Expanded Welch,2,1.0,-0.011692054341377125,0.06453803233050787,0.06889112688163429,0.012751703935355999,0.08666666666666667,0.013333333333333336,0.0,0.04166666666666667,0.008333333333333335,0.0023570226039551587,0.0016666666666666668,0.008333333333333333,0.0023570226039551587
8x8_ultra_sparse,8,8,ultra_sparse,Ultra-sparsity,192,192,edgeworth_normal,Joint Edgeworth,2,1.0,-0.011692054341377125,0.06453803233050787,0.06889112688163429,0.012751703935355999,0.09166666666666667,0.008333333333333338,0.007071067811865472,0.043333333333333335,0.006666666666666668,0.0047140452079103175,0.0033333333333333335,0.006666666666666666,0.0
8x8_ultra_sparse,8,8,ultra_sparse,Ultra-sparsity,192,192,joint_influence_welch,Joint-Influence Welch,2,1.0,-0.011692054341377125,0.06453803233050787,0.06889112688163429,0.012751703935355999,0.09,0.010000000000000002,0.0047140452079103175,0.03666666666666667,0.013333333333333336,0.0,0.0016666666666666668,0.008333333333333333,0.0023570226039551587
8x8_ultra_imbalanced,8,8,ultra_imbalanced,Ultra-sparsity with imbalance,192,960,normal_wald,Normal Wald,2,1.0,-0.0646239776568538,0.04830498526167275,0.05184240791523269,0.2634693658963371,0.355,0.255,0.10606601717798211,0.265,0.215,0.08249579113843053,0.12666666666666668,0.11666666666666667,0.028284271247461894
8x8_ultra_imbalanced,8,8,ultra_imbalanced,Ultra-sparsity with imbalance,192,960,simple_welch,Simple Welch,2,0.0,-0.0646239776568538,0.04830498526167275,0.05184240791523269,0.2634693658963371,,,,,,,,,
8x8_ultra_imbalanced,8,8,ultra_imbalanced,Ultra-sparsity with imbalance,192,960,expanded_welch,Expanded Welch,2,1.0,-0.0646239776568538,0.04830498526167275,0.05184240791523269,0.2634693658963371,0.3433333333333333,0.2433333333333333,0.10842303978193728,0.24,0.19,0.07542472332656507,0.085,0.07500000000000001,0.021213203435596427
8x8_ultra_imbalanced,8,8,ultra_imbalanced,Ultra-sparsity with imbalance,192,960,edgeworth_normal,Joint Edgeworth,2,1.0,-0.0646239776568538,0.04830498526167275,0.05184240791523269,0.2634693658963371,0.29333333333333333,0.1933333333333333,0.09899494936611666,0.18666666666666665,0.13666666666666666,0.05656854249492379,0.06666666666666667,0.056666666666666664,0.014142135623730947
8x8_ultra_imbalanced,8,8,ultra_imbalanced,Ultra-sparsity with imbalance,192,960,joint_influence_welch,Joint-Influence Welch,2,1.0,-0.0646239776568538,0.04830498526167275,0.05184240791523269,0.2634693658963371,0.2816666666666667,0.18166666666666667,0.09192388155425119,0.16333333333333333,0.11333333333333334,0.05185449728701349,0.051666666666666666,0.041666666666666664,0.021213203435596427
