config_id,seed,bootstrap,shape_x,shape_y,family_x,family_y,pair_family,symmetric_shape,lam_target,kx,ky,k_cells,nu0,log_nu0,log_k_cells,N,pi_min,pi_max,pi_max_min_ratio,lam_min,lam_tp,lam_sqrt_harm,inv_pi_sum,inv_sqrt_pi_sum,expected_mean,expected_sd,expected_cv,n_cells_lt_0p5,n_cells_lt_1,n_cells_lt_5,frac_cells_lt_0p5,frac_cells_lt_1,frac_cells_lt_5,H_cell,H_cell_norm,cell_perp,cell_perp_n,cell_simpson,cell_simpson_n,q95_chi2,q99_chi2,x_k,x_H,x_H_norm,x_perp,x_perp_n,x_simpson,x_simpson_n,x_min_p,x_max_p,x_k_min_p,x_max_min_ratio,x_gini,y_k,y_H,y_H_norm,y_perp,y_perp_n,y_simpson,y_simpson_n,y_min_p,y_max_p,y_k_min_p,y_max_min_ratio,y_gini,mu,sigma2,nu,a,T_q50,T_q90,T_q95,T_q99,nu_norm,q95_ratio_chi2,q99_ratio_chi2
kx=2|ky=2|x=uniform|y=uniform|N=20|K=300,42,300,uniform,uniform,uniform,uniform,uniform|uniform,True,5.0,2.0,2.0,4.0,1.0,0.0,1.3862943611198906,20.0,0.25,0.25,1.0,5.0,1.25,2.5,16.0,8.0,5.0,0.0,0.0,0,0,0,0.0,0.0,0.0,2.0,1.0,4.0,1.0,4.0,1.0,3.8414588206941205,6.634896601021215,2.0,1.0,1.0,2.0,1.0,2.0,1.0,0.5,0.5,1.0,1.0,0.0,2.0,1.0,1.0,2.0,1.0,2.0,1.0,0.5,0.5,1.0,1.0,0.0,1.0150631784396809,2.0893590312979993,0.9862864551182167,1.0291768412433637,0.41638913707197034,3.101492295361052,3.4580877229340565,6.49594341418654,0.9862864551182167,0.900201690124901,0.9790572189454635
kx=2|ky=2|x=one_rare_0p8|y=one_rare_0p8|N=12|K=300,42,300,one_rare_0p8,one_rare_0p8,one_rare,one_rare,one_rare|one_rare,True,2.0,2.0,2.0,4.0,1.0,0.0,1.3862943611198906,12.0,0.16000000000000003,0.36,2.2499999999999996,1.9200000000000004,0.6912,1.4546954078444707,17.36111111111111,8.249149571305297,3.0,0.856971411425142,0.285657137141714,0,0,4,0.0,0.0,1.0,1.9419011889093372,0.9709505944546686,3.842116297840532,0.960529074460133,3.6982248520710064,0.9245562130177516,3.8414588206941205,6.634896601021215,2.0,0.9709505944546686,0.9709505944546686,1.9601317042077893,0.9800658521038946,1.923076923076923,0.9615384615384615,0.4,0.6,0.8,1.4999999999999998,0.10000000000000009,2.0,0.9709505944546686,0.9709505944546686,1.9601317042077893,0.9800658521038946,1.923076923076923,0.9615384615384615,0.4,0.6,0.8,1.4999999999999998,0.10000000000000009,1.200910544465489,2.967786953115693,0.9718933054101723,1.2356403092607615,0.4511389449179901,3.2557338578632082,5.178277304132056,7.6517619424813725,0.9718933054101723,1.3479976086783572,1.1532601640398805
kx=2|ky=2|x=one_rare_0p8|y=one_rare_0p8|N=31|K=300,42,300,one_rare_0p8,one_rare_0p8,one_rare,one_rare,one_rare|one_rare,True,5.0,2.0,2.0,4.0,1.0,0.0,1.3862943611198906,31.0,0.16000000000000003,0.36,2.2499999999999996,4.960000000000001,1.7856,3.7579631369315494,17.36111111111111,8.249149571305297,7.75,2.2138428128482834,0.285657137141714,0,0,1,0.0,0.0,0.25,1.9419011889093372,0.9709505944546686,3.842116297840532,0.960529074460133,3.6982248520710064,0.9245562130177516,3.8414588206941205,6.634896601021215,2.0,0.9709505944546686,0.9709505944546686,1.9601317042077893,0.9800658521038946,1.923076923076923,0.9615384615384615,0.4,0.6,0.8,1.4999999999999998,0.10000000000000009,2.0,0.9709505944546686,0.9709505944546686,1.9601317042077893,0.9800658521038946,1.923076923076923,0.9615384615384615,0.4,0.6,0.8,1.4999999999999998,0.10000000000000009,1.0645151745030095,2.274415916188151,0.9964690703065142,1.0682872215748396,0.4234565235602945,3.131437250291388,4.148533853453439,6.78159593737797,0.9964690703065142,1.0799370882501957,1.0221102671493292
kx=2|ky=2|x=one_rare_0p5|y=one_rare_0p5|N=16|K=300,42,300,one_rare_0p5,one_rare_0p5,one_rare,one_rare,one_rare|one_rare,True,1.0,2.0,2.0,4.0,1.0,0.0,1.3862943611198906,16.0,0.0625,0.5625,9.0,1.0,0.5625,1.6076951545867362,28.444444444444443,9.95213548685034,4.0,3.0,0.75,0,0,3,0.0,0.0,0.75,1.6225562489182657,0.8112781244591328,3.0792014356780038,0.7698003589195009,2.56,0.64,3.8414588206941205,6.634896601021215,2.0,0.8112781244591328,0.8112781244591328,1.7547653506033232,0.8773826753016616,1.6,0.8,0.25,0.75,0.5,3.0,0.25,2.0,0.8112781244591328,0.8112781244591328,1.7547653506033232,0.8773826753016616,1.6,0.8,0.25,0.75,0.5,3.0,0.25,1.2036642513384204,2.3020419414922326,1.2587152334947747,0.956264148799163,0.6739004099076557,3.013241047836968,4.0126902679207115,7.52148470510157,1.2587152334947747,1.0445745887744935,1.1336250068982077
kx=2|ky=2|x=one_rare_0p5|y=one_rare_0p5|N=32|K=300,42,300,one_rare_0p5,one_rare_0p5,one_rare,one_rare,one_rare|one_rare,True,2.0,2.0,2.0,4.0,1.0,0.0,1.3862943611198906,32.0,0.0625,0.5625,9.0,2.0,1.125,3.2153903091734723,28.444444444444443,9.95213548685034,8.0,6.0,0.75,0,0,1,0.0,0.0,0.25,1.6225562489182657,0.8112781244591328,3.0792014356780038,0.7698003589195009,2.56,0.64,3.8414588206941205,6.634896601021215,2.0,0.8112781244591328,0.8112781244591328,1.7547653506033232,0.8773826753016616,1.6,0.8,0.25,0.75,0.5,3.0,0.25,2.0,0.8112781244591328,0.8112781244591328,1.7547653506033232,0.8773826753016616,1.6,0.8,0.25,0.75,0.5,3.0,0.25,1.1130713289283283,2.813199298257723,0.8807963119069241,1.2637102516000875,0.43914217495482677,3.183819564021066,4.488517320722715,7.2401097803748105,0.8807963119069241,1.1684408268397568,1.0912166708461506
kx=2|ky=2|x=one_rare_0p5|y=one_rare_0p5|N=80|K=300,42,300,one_rare_0p5,one_rare_0p5,one_rare,one_rare,one_rare|one_rare,True,5.0,2.0,2.0,4.0,1.0,0.0,1.3862943611198906,80.0,0.0625,0.5625,9.0,5.0,2.8125,8.038475772933682,28.444444444444443,9.95213548685034,20.0,15.0,0.75,0,0,0,0.0,0.0,0.0,1.6225562489182657,0.8112781244591328,3.0792014356780038,0.7698003589195009,2.56,0.64,3.8414588206941205,6.634896601021215,2.0,0.8112781244591328,0.8112781244591328,1.7547653506033232,0.8773826753016616,1.6,0.8,0.25,0.75,0.5,3.0,0.25,2.0,0.8112781244591328,0.8112781244591328,1.7547653506033232,0.8773826753016616,1.6,0.8,0.25,0.75,0.5,3.0,0.25,0.9977799353382201,1.8174292469929831,1.0955747531968558,0.9107365174550861,0.4022221978099795,2.6473750307761215,3.9149470410783778,5.447725390063942,1.0955747531968558,1.0191302897712642,0.8210716334638057
kx=2|ky=2|x=one_rare_0p2|y=one_rare_0p2|N=50|K=300,42,300,one_rare_0p2,one_rare_0p2,one_rare,one_rare,one_rare|one_rare,True,0.5,2.0,2.0,4.0,1.0,0.0,1.3862943611198906,50.0,0.010000000000000002,0.81,80.99999999999999,0.5000000000000001,0.405,2.8125000000000004,123.45679012345678,17.777777777777775,12.5,16.24807680927192,1.2998461447417538,0,1,3,0.0,0.25,0.75,0.9379911871785624,0.4689955935892812,1.915858733228839,0.47896468330720976,1.4872099940511598,0.37180249851278996,3.8414588206941205,6.634896601021215,2.0,0.4689955935892812,0.4689955935892812,1.384145488461686,0.692072744230843,1.2195121951219512,0.6097560975609756,0.1,0.9,0.2,9.0,0.40000000000000013,2.0,0.4689955935892812,0.4689955935892812,1.384145488461686,0.692072744230843,1.2195121951219512,0.6097560975609756,0.1,0.9,0.2,9.0,0.40000000000000013,0.9459604116969905,0.9057032056440956,1.9760139854237768,0.4787215164846718,0.6654313118673068,1.8771022093919922,2.668554979457214,4.312530573071439,1.9760139854237768,0.6946722857164528,0.6499770580309681
kx=2|ky=2|x=one_rare_0p2|y=one_rare_0p2|N=100|K=300,42,300,one_rare_0p2,one_rare_0p2,one_rare,one_rare,one_rare|one_rare,True,1.0,2.0,2.0,4.0,1.0,0.0,1.3862943611198906,100.0,0.010000000000000002,0.81,80.99999999999999,1.0000000000000002,0.81,5.625000000000001,123.45679012345678,17.777777777777775,25.0,32.49615361854384,1.2998461447417538,0,0,1,0.0,0.0,0.25,0.9379911871785624,0.4689955935892812,1.915858733228839,0.47896468330720976,1.4872099940511598,0.37180249851278996,3.8414588206941205,6.634896601021215,2.0,0.4689955935892812,0.4689955935892812,1.384145488461686,0.692072744230843,1.2195121951219512,0.6097560975609756,0.1,0.9,0.2,9.0,0.40000000000000013,2.0,0.4689955935892812,0.4689955935892812,1.384145488461686,0.692072744230843,1.2195121951219512,0.6097560975609756,0.1,0.9,0.2,9.0,0.40000000000000013,1.1723413305421408,2.2566236515398033,1.218088974968873,0.9624431011471053,0.8611787319493305,2.5350200586340796,3.0930619014025473,6.654040831847925,1.218088974968873,0.8051789816775013,1.0028853849544186
kx=2|ky=2|x=one_rare_0p2|y=one_rare_0p2|N=200|K=300,42,300,one_rare_0p2,one_rare_0p2,one_rare,one_rare,one_rare|one_rare,True,2.0,2.0,2.0,4.0,1.0,0.0,1.3862943611198906,200.0,0.010000000000000002,0.81,80.99999999999999,2.0000000000000004,1.62,11.250000000000002,123.45679012345678,17.777777777777775,50.0,64.99230723708769,1.2998461447417538,0,0,1,0.0,0.0,0.25,0.9379911871785624,0.4689955935892812,1.915858733228839,0.47896468330720976,1.4872099940511598,0.37180249851278996,3.8414588206941205,6.634896601021215,2.0,0.4689955935892812,0.4689955935892812,1.384145488461686,0.692072744230843,1.2195121951219512,0.6097560975609756,0.1,0.9,0.2,9.0,0.40000000000000013,2.0,0.4689955935892812,0.4689955935892812,1.384145488461686,0.692072744230843,1.2195121951219512,0.6097560975609756,0.1,0.9,0.2,9.0,0.40000000000000013,1.2296611289353139,2.8036316184524797,1.078648480108871,1.1400017258738462,0.5031296599511905,3.4746332403386417,4.561344201714531,5.2487730007061515,1.078648480108871,1.1873989582140916,0.7910858776455209
kx=2|ky=2|x=one_rare_0p2|y=one_rare_0p2|N=500|K=300,42,300,one_rare_0p2,one_rare_0p2,one_rare,one_rare,one_rare|one_rare,True,5.0,2.0,2.0,4.0,1.0,0.0,1.3862943611198906,500.0,0.010000000000000002,0.81,80.99999999999999,5.000000000000001,4.05,28.125000000000004,123.45679012345678,17.777777777777775,125.0,162.48076809271922,1.2998461447417538,0,0,0,0.0,0.0,0.0,0.9379911871785624,0.4689955935892812,1.915858733228839,0.47896468330720976,1.4872099940511598,0.37180249851278996,3.8414588206941205,6.634896601021215,2.0,0.4689955935892812,0.4689955935892812,1.384145488461686,0.692072744230843,1.2195121951219512,0.6097560975609756,0.1,0.9,0.2,9.0,0.40000000000000013,2.0,0.4689955935892812,0.4689955935892812,1.384145488461686,0.692072744230843,1.2195121951219512,0.6097560975609756,0.1,0.9,0.2,9.0,0.40000000000000013,1.0997655037959937,2.236976440990878,1.0813561923825268,1.0170242807533254,0.4531763174028616,2.8140909474013567,4.073279787096423,6.243118837040031,1.0813561923825268,1.0603471173902663,0.9409519412976408
kx=2|ky=2|x=one_rare_0p05|y=one_rare_0p05|N=800|K=300,42,300,one_rare_0p05,one_rare_0p05,one_rare,one_rare,one_rare|one_rare,True,0.5,2.0,2.0,4.0,1.0,0.0,1.3862943611198906,800.0,0.0006250000000000001,0.9506249999999999,1520.9999999999995,0.5000000000000001,0.4753125,14.859974461564056,1683.10322156476,53.835893330048,200.0,323.6977757106156,1.618488878553078,0,1,1,0.0,0.25,0.25,0.3373218629933405,0.16866093149667025,1.2634090949873062,0.31585227374682656,1.1051231089875864,0.2762807772468966,3.8414588206941205,6.634896601021215,2.0,0.16866093149667025,0.16866093149667025,1.1240147218730305,0.5620073609365153,1.0512483574244416,0.5256241787122208,0.025,0.975,0.05,39.0,0.47499999999999987,2.0,0.16866093149667025,0.16866093149667025,1.1240147218730305,0.5620073609365153,1.0512483574244416,0.5256241787122208,0.025,0.975,0.05,39.0,0.47499999999999987,1.0160396140319101,0.8733705809683329,2.3640285573565567,0.4297915991201222,0.8825472973647313,1.6504002428192004,2.325855587306922,5.7111932180915295,2.3640285573565567,0.6054615436139593,0.8607810432512975
kx=2|ky=2|x=one_rare_0p05|y=one_rare_0p05|N=1600|K=300,42,300,one_rare_0p05,one_rare_0p05,one_rare,one_rare,one_rare|one_rare,True,1.0,2.0,2.0,4.0,1.0,0.0,1.3862943611198906,1600.0,0.0006250000000000001,0.9506249999999999,1520.9999999999995,1.0000000000000002,0.950625,29.71994892312811,1683.10322156476,53.835893330048,400.0,647.3955514212312,1.618488878553078,0,0,1,0.0,0.0,0.25,0.3373218629933405,0.16866093149667025,1.2634090949873062,0.31585227374682656,1.1051231089875864,0.2762807772468966,3.8414588206941205,6.634896601021215,2.0,0.16866093149667025,0.16866093149667025,1.1240147218730305,0.5620073609365153,1.0512483574244416,0.5256241787122208,0.025,0.975,0.05,39.0,0.47499999999999987,2.0,0.16866093149667025,0.16866093149667025,1.1240147218730305,0.5620073609365153,1.0512483574244416,0.5256241787122208,0.025,0.975,0.05,39.0,0.47499999999999987,1.1790497543954601,1.5761626777039355,1.7639782276345977,0.6684038022263483,1.010556154248395,2.4350906186453267,3.309167961097957,5.1322010791659025,1.7639782276345977,0.8614352295725032,0.7735163617133047
kx=2|ky=2|x=one_rare_0p05|y=one_rare_0p05|N=3200|K=300,42,300,one_rare_0p05,one_rare_0p05,one_rare,one_rare,one_rare|one_rare,True,2.0,2.0,2.0,4.0,1.0,0.0,1.3862943611198906,3200.0,0.0006250000000000001,0.9506249999999999,1520.9999999999995,2.0000000000000004,1.90125,59.43989784625622,1683.10322156476,53.835893330048,800.0,1294.7911028424624,1.618488878553078,0,0,1,0.0,0.0,0.25,0.3373218629933405,0.16866093149667025,1.2634090949873062,0.31585227374682656,1.1051231089875864,0.2762807772468966,3.8414588206941205,6.634896601021215,2.0,0.16866093149667025,0.16866093149667025,1.1240147218730305,0.5620073609365153,1.0512483574244416,0.5256241787122208,0.025,0.975,0.05,39.0,0.47499999999999987,2.0,0.16866093149667025,0.16866093149667025,1.1240147218730305,0.5620073609365153,1.0512483574244416,0.5256241787122208,0.025,0.975,0.05,39.0,0.47499999999999987,1.1882345943464199,2.2871590850835144,1.234633358396271,0.962418993675887,0.5359347222418622,3.832772010579285,4.305250685488839,4.9665312934526975,1.234633358396271,1.120733264742095,0.7485469016485155
kx=2|ky=2|x=one_rare_0p05|y=one_rare_0p05|N=8000|K=300,42,300,one_rare_0p05,one_rare_0p05,one_rare,one_rare,one_rare|one_rare,True,5.0,2.0,2.0,4.0,1.0,0.0,1.3862943611198906,8000.0,0.0006250000000000001,0.9506249999999999,1520.9999999999995,5.000000000000001,4.753125000000001,148.59974461564056,1683.10322156476,53.835893330048,1999.9999999999998,3236.9777571061554,1.618488878553078,0,0,0,0.0,0.0,0.0,0.3373218629933405,0.16866093149667025,1.2634090949873062,0.31585227374682656,1.1051231089875864,0.2762807772468966,3.8414588206941205,6.634896601021215,2.0,0.16866093149667025,0.16866093149667025,1.1240147218730305,0.5620073609365153,1.0512483574244416,0.5256241787122208,0.025,0.975,0.05,39.0,0.47499999999999987,2.0,0.16866093149667025,0.16866093149667025,1.1240147218730305,0.5620073609365153,1.0512483574244416,0.5256241787122208,0.025,0.975,0.05,39.0,0.47499999999999987,1.2423811792043715,3.5567389880068467,0.8679360502111004,1.4314201822843953,0.6426123533735508,3.100998142807114,4.640242246939067,10.404415752681341,0.8679360502111004,1.2079375215326695,1.5681353272453316
kx=2|ky=2|x=zipf_a0p7|y=zipf_a0p7|N=14|K=300,42,300,zipf_a0p7,zipf_a0p7,zipf,zipf,zipf|zipf,True,2.0,2.0,2.0,4.0,1.0,0.0,1.3862943611198906,14.0,0.14517948772198097,0.3831309650622203,2.639015821545788,2.0325128281077336,0.7787186013342585,1.674968438397026,17.978252960713103,8.358366449816955,3.5000000000000004,1.1943553874502082,0.3412443964143452,0,0,3,0.0,0.0,0.75,1.9175244300894865,0.9587622150447432,3.777742663841819,0.9444356659604547,3.5827919781215596,0.8956979945303899,3.8414588206941205,6.634896601021215,2.0,0.9587622150447432,0.9587622150447432,1.9436415986086062,0.9718207993043031,1.8928264521930054,0.9464132260965027,0.3810242613298804,0.6189757386701197,0.7620485226597608,1.624504792712471,0.11897573867011979,2.0,0.9587622150447432,0.9587622150447432,1.9436415986086062,0.9718207993043031,1.8928264521930054,0.9464132260965027,0.3810242613298804,0.6189757386701197,0.7620485226597608,1.624504792712471,0.11897573867011979,1.3683046360187059,3.200051332639033,1.1701422148164486,1.169349006208909,0.49482401040045426,3.7645310451207386,5.004024235381879,7.664171902306576,1.1701422148164486,1.3026364381221434,1.1551305714586326
kx=2|ky=2|x=zipf_a0p7|y=zipf_a0p7|N=34|K=300,42,300,zipf_a0p7,zipf_a0p7,zipf,zipf,zipf|zipf,True,5.0,2.0,2.0,4.0,1.0,0.0,1.3862943611198906,34.0,0.14517948772198097,0.3831309650622203,2.639015821545788,4.936102582547353,1.891173746097485,4.06778049324992,17.978252960713103,8.358366449816955,8.5,2.900577369521934,0.3412443964143452,0,0,1,0.0,0.0,0.25,1.9175244300894865,0.9587622150447432,3.777742663841819,0.9444356659604547,3.5827919781215596,0.8956979945303899,3.8414588206941205,6.634896601021215,2.0,0.9587622150447432,0.9587622150447432,1.9436415986086062,0.9718207993043031,1.8928264521930054,0.9464132260965027,0.3810242613298804,0.6189757386701197,0.7620485226597608,1.624504792712471,0.11897573867011979,2.0,0.9587622150447432,0.9587622150447432,1.9436415986086062,0.9718207993043031,1.8928264521930054,0.9464132260965027,0.3810242613298804,0.6189757386701197,0.7620485226597608,1.624504792712471,0.11897573867011979,1.105212952187121,2.055442674650869,1.1885475423338194,0.9298853540321462,0.5390063112944772,3.057127408912833,3.979435578519719,6.03054956557495,1.1885475423338194,1.0359178021334787,0.908913872847205
kx=3|ky=3|x=uniform|y=uniform|N=18|K=300,42,300,uniform,uniform,uniform,uniform,uniform|uniform,True,2.0,3.0,3.0,9.0,4.0,1.3862943611198906,2.1972245773362196,18.0,0.1111111111111111,0.1111111111111111,1.0,2.0,0.2222222222222222,0.6666666666666666,81.0,27.0,2.0,0.0,0.0,0,0,9,0.0,0.0,1.0,3.169925001442312,1.0,8.999999999999998,0.9999999999999998,9.0,1.0,9.487729036781154,13.276704135987622,3.0,1.584962500721156,1.0,3.0,1.0,3.0,1.0,0.3333333333333333,0.3333333333333333,1.0,1.0,0.0,3.0,1.584962500721156,1.0,3.0,1.0,3.0,1.0,0.3333333333333333,0.3333333333333333,1.0,1.0,0.0,5.3009927449412,10.840703123923067,5.184262267990259,1.022516313974253,4.701136476445246,9.709953828002297,11.449788350553233,15.600575782886287,1.2960655669975647,1.206799678423124,1.1750337751821716
kx=3|ky=3|x=uniform|y=uniform|N=45|K=300,42,300,uniform,uniform,uniform,uniform,uniform|uniform,True,5.0,3.0,3.0,9.0,4.0,1.3862943611198906,2.1972245773362196,45.0,0.1111111111111111,0.1111111111111111,1.0,5.0,0.5555555555555556,1.6666666666666667,81.0,27.0,5.0,0.0,0.0,0,0,0,0.0,0.0,0.0,3.169925001442312,1.0,8.999999999999998,0.9999999999999998,9.0,1.0,9.487729036781154,13.276704135987622,3.0,1.584962500721156,1.0,3.0,1.0,3.0,1.0,0.3333333333333333,0.3333333333333333,1.0,1.0,0.0,3.0,1.584962500721156,1.0,3.0,1.0,3.0,1.0,0.3333333333333333,0.3333333333333333,1.0,1.0,0.0,3.85008083545824,7.785321126761213,3.8079668643621942,1.0110594373838124,3.1979794482716395,7.656645009857483,8.892338497525012,14.337156227951068,0.9519917160905486,0.9372462538771937,1.079873143296837
kx=3|ky=3|x=one_rare_0p8|y=one_rare_0p8|N=14|K=300,42,300,one_rare_0p8,one_rare_0p8,one_rare,one_rare,one_rare|one_rare,True,1.0,3.0,3.0,9.0,4.0,1.3862943611198906,2.1972245773362196,14.0,0.07111111111111111,0.13444444444444448,1.8906250000000004,0.9955555555555555,0.16524310318549001,0.5099971482373604,84.72365702479338,27.451133890427535,1.5555555555555558,0.312662797101539,0.2009975124224179,0,1,9,0.0,0.1111111111111111,1.0,3.1399481505490012,0.9905433564265175,8.814924119110781,0.9794360132345312,8.650519031141865,0.961168781237985,9.487729036781154,13.276704135987622,3.0,1.5699740752745006,0.9905433564265175,2.9689937889983504,0.9896645963327835,2.9411764705882346,0.9803921568627448,0.26666666666666666,0.3666666666666667,0.8,1.3750000000000002,0.06666666666666687,3.0,1.5699740752745006,0.9905433564265175,2.9689937889983504,0.9896645963327835,2.9411764705882346,0.9803921568627448,0.26666666666666666,0.3666666666666667,0.8,1.3750000000000002,0.06666666666666687,5.1071930360892255,8.591004143958168,6.072263560999928,0.8410690650667701,4.735235176649754,8.881117318625014,10.7032591941734,13.759583089378268,1.518065890249982,1.1281160278376408,1.0363703934684936
kx=3|ky=3|x=one_rare_0p8|y=one_rare_0p8|N=28|K=300,42,300,one_rare_0p8,one_rare_0p8,one_rare,one_rare,one_rare|one_rare,True,2.0,3.0,3.0,9.0,4.0,1.3862943611198906,2.1972245773362196,28.0,0.07111111111111111,0.13444444444444448,1.8906250000000004,1.991111111111111,0.33048620637098003,1.0199942964747208,84.72365702479338,27.451133890427535,3.1111111111111116,0.625325594203078,0.2009975124224179,0,0,9,0.0,0.0,1.0,3.1399481505490012,0.9905433564265175,8.814924119110781,0.9794360132345312,8.650519031141865,0.961168781237985,9.487729036781154,13.276704135987622,3.0,1.5699740752745006,0.9905433564265175,2.9689937889983504,0.9896645963327835,2.9411764705882346,0.9803921568627448,0.26666666666666666,0.3666666666666667,0.8,1.3750000000000002,0.06666666666666687,3.0,1.5699740752745006,0.9905433564265175,2.9689937889983504,0.9896645963327835,2.9411764705882346,0.9803921568627448,0.26666666666666666,0.3666666666666667,0.8,1.3750000000000002,0.06666666666666687,4.570058011483525,9.994338380572286,4.179452292494589,1.0934585901818716,3.959658030648337,8.529160153696365,9.892435471173307,14.94498515825253,1.0448630731236472,1.042655774930252,1.1256547562691326
kx=3|ky=3|x=one_rare_0p8|y=one_rare_0p8|N=70|K=300,42,300,one_rare_0p8,one_rare_0p8,one_rare,one_rare,one_rare|one_rare,True,5.0,3.0,3.0,9.0,4.0,1.3862943611198906,2.1972245773362196,70.0,0.07111111111111111,0.13444444444444448,1.8906250000000004,4.977777777777778,0.8262155159274501,2.549985741186802,84.72365702479338,27.451133890427535,7.7777777777777795,1.5633139855076947,0.20099751242241784,0,0,1,0.0,0.0,0.1111111111111111,3.1399481505490012,0.9905433564265175,8.814924119110781,0.9794360132345312,8.650519031141865,0.961168781237985,9.487729036781154,13.276704135987622,3.0,1.5699740752745006,0.9905433564265175,2.9689937889983504,0.9896645963327835,2.9411764705882346,0.9803921568627448,0.26666666666666666,0.3666666666666667,0.8,1.3750000000000002,0.06666666666666687,3.0,1.5699740752745006,0.9905433564265175,2.9689937889983504,0.9896645963327835,2.9411764705882346,0.9803921568627448,0.26666666666666666,0.3666666666666667,0.8,1.3750000000000002,0.06666666666666687,4.266229853270074,9.251733939414526,3.9345526536152398,1.084298579496725,3.6044405499716197,9.038939700772456,10.14296125467338,13.12171617607421,0.9836381634038099,1.069061017167763,0.9883263226832552
kx=3|ky=3|x=one_rare_0p5|y=one_rare_0p5|N=18|K=300,42,300,one_rare_0p5,one_rare_0p5,one_rare,one_rare,one_rare|one_rare,True,0.5,3.0,3.0,9.0,4.0,1.3862943611198906,2.1972245773362196,18.0,0.027777777777777776,0.17361111111111113,6.250000000000001,0.5,0.154320987654321,0.5848155988774711,116.63999999999999,30.778932768808218,2.0,1.0307764064044154,0.5153882032022077,0,1,9,0.0,0.1111111111111111,1.0,2.9667115099633747,0.9358932809493993,7.817522735793329,0.8686136373103699,7.11111111111111,0.7901234567901233,9.487729036781154,13.276704135987622,3.0,1.4833557549816874,0.9358932809493993,2.7959833218017107,0.9319944406005702,2.6666666666666665,0.8888888888888888,0.16666666666666666,0.4166666666666667,0.5,2.5000000000000004,0.16666666666666674,3.0,1.4833557549816874,0.9358932809493993,2.7959833218017107,0.9319944406005702,2.6666666666666665,0.8888888888888888,0.16666666666666666,0.4166666666666667,0.5,2.5000000000000004,0.16666666666666674,4.809246810746896,10.01359357608458,4.61949143650442,1.0410771135417591,4.2900606785007405,8.352972976495325,10.056383756917281,13.19046348739618,1.154872859126105,1.0599358094999993,0.9935043631530751
kx=3|ky=3|x=one_rare_0p5|y=one_rare_0p5|N=36|K=300,42,300,one_rare_0p5,one_rare_0p5,one_rare,one_rare,one_rare|one_rare,True,1.0,3.0,3.0,9.0,4.0,1.3862943611198906,2.1972245773362196,36.0,0.027777777777777776,0.17361111111111113,6.250000000000001,1.0,0.308641975308642,1.1696311977549423,116.63999999999999,30.778932768808218,4.0,2.0615528128088307,0.5153882032022077,0,0,5,0.0,0.0,0.5555555555555556,2.9667115099633747,0.9358932809493993,7.817522735793329,0.8686136373103699,7.11111111111111,0.7901234567901233,9.487729036781154,13.276704135987622,3.0,1.4833557549816874,0.9358932809493993,2.7959833218017107,0.9319944406005702,2.6666666666666665,0.8888888888888888,0.16666666666666666,0.4166666666666667,0.5,2.5000000000000004,0.16666666666666674,3.0,1.4833557549816874,0.9358932809493993,2.7959833218017107,0.9319944406005702,2.6666666666666665,0.8888888888888888,0.16666666666666666,0.4166666666666667,0.5,2.5000000000000004,0.16666666666666674,4.5941874683162345,7.818732290306889,5.39897203545397,0.8509374447852525,3.968915203021908,8.357348338682815,9.97997063553812,11.824035405625864,1.3497430088634925,1.0518819199883016,0.8905851395434672
kx=3|ky=3|x=one_rare_0p5|y=one_rare_0p5|N=72|K=300,42,300,one_rare_0p5,one_rare_0p5,one_rare,one_rare,one_rare|one_rare,True,2.0,3.0,3.0,9.0,4.0,1.3862943611198906,2.1972245773362196,72.0,0.027777777777777776,0.17361111111111113,6.250000000000001,2.0,0.617283950617284,2.3392623955098846,116.63999999999999,30.778932768808218,8.0,4.1231056256176615,0.5153882032022077,0,0,1,0.0,0.0,0.1111111111111111,2.9667115099633747,0.9358932809493993,7.817522735793329,0.8686136373103699,7.11111111111111,0.7901234567901233,9.487729036781154,13.276704135987622,3.0,1.4833557549816874,0.9358932809493993,2.7959833218017107,0.9319944406005702,2.6666666666666665,0.8888888888888888,0.16666666666666666,0.4166666666666667,0.5,2.5000000000000004,0.16666666666666674,3.0,1.4833557549816874,0.9358932809493993,2.7959833218017107,0.9319944406005702,2.6666666666666665,0.8888888888888888,0.16666666666666666,0.4166666666666667,0.5,2.5000000000000004,0.16666666666666674,4.349314717373361,9.054422950224915,4.178408412054714,1.0409022499633072,3.905477043618384,7.879518729025379,9.156676640856483,15.847251680705888,1.0446021030136785,0.9651073091736413,1.1936133786208718
kx=3|ky=3|x=one_rare_0p5|y=one_rare_0p5|N=180|K=300,42,300,one_rare_0p5,one_rare_0p5,one_rare,one_rare,one_rare|one_rare,True,5.0,3.0,3.0,9.0,4.0,1.3862943611198906,2.1972245773362196,180.0,0.027777777777777776,0.17361111111111113,6.250000000000001,5.0,1.54320987654321,5.848155988774712,116.63999999999999,30.778932768808218,20.0,10.307764064044154,0.5153882032022077,0,0,0,0.0,0.0,0.0,2.9667115099633747,0.9358932809493993,7.817522735793329,0.8686136373103699,7.11111111111111,0.7901234567901233,9.487729036781154,13.276704135987622,3.0,1.4833557549816874,0.9358932809493993,2.7959833218017107,0.9319944406005702,2.6666666666666665,0.8888888888888888,0.16666666666666666,0.4166666666666667,0.5,2.5000000000000004,0.16666666666666674,3.0,1.4833557549816874,0.9358932809493993,2.7959833218017107,0.9319944406005702,2.6666666666666665,0.8888888888888888,0.16666666666666666,0.4166666666666667,0.5,2.5000000000000004,0.16666666666666674,4.2924846484517865,10.45889566030055,3.523397700033041,1.2182799144165681,3.5058567173004436,9.150546864364316,10.107986623449763,15.21590078132242,0.8808494250082602,1.0653747155155942,1.1460600933388614
kx=3|ky=3|x=one_rare_0p2|y=one_rare_0p2|N=112|K=300,42,300,one_rare_0p2,one_rare_0p2,one_rare,one_rare,one_rare|one_rare,True,0.5,3.0,3.0,9.0,4.0,1.3862943611198906,2.1972245773362196,112.0,0.0044444444444444444,0.2177777777777778,49.0,0.49777777777777776,0.30112482853223593,2.4216584333440285,371.9387755102041,46.24929695198221,12.444444444444445,10.722461482650035,0.8616263691415206,1,1,5,0.1111111111111111,0.1111111111111111,0.5555555555555556,2.573385336709509,0.8118126881672664,5.952044599120381,0.6613382887911534,5.165289256198346,0.5739210284664829,9.487729036781154,13.276704135987622,3.0,1.2866926683547546,0.8118126881672664,2.439681249491495,0.8132270831638316,2.2727272727272725,0.7575757575757575,0.06666666666666667,0.4666666666666667,0.2,7.0,0.2666666666666666,3.0,1.2866926683547546,0.8118126881672664,2.439681249491495,0.8132270831638316,2.2727272727272725,0.7575757575757575,0.06666666666666667,0.4666666666666667,0.2,7.0,0.2666666666666666,4.469197086140809,10.110136190826035,3.9512272075807853,1.1310908867924,3.640205002558554,8.676188622431507,11.313305494901954,14.241991028272333,0.9878068018951963,1.1924144809620483,1.0727053101731943
kx=3|ky=3|x=one_rare_0p2|y=one_rare_0p2|N=225|K=300,42,300,one_rare_0p2,one_rare_0p2,one_rare,one_rare,one_rare|one_rare,True,1.0,3.0,3.0,9.0,4.0,1.3862943611198906,2.1972245773362196,225.0,0.0044444444444444444,0.2177777777777778,49.0,1.0,0.6049382716049383,4.864938816985772,371.9387755102041,46.24929695198221,25.0,21.540659228538015,0.8616263691415206,0,0,1,0.0,0.0,0.1111111111111111,2.573385336709509,0.8118126881672664,5.952044599120381,0.6613382887911534,5.165289256198346,0.5739210284664829,9.487729036781154,13.276704135987622,3.0,1.2866926683547546,0.8118126881672664,2.439681249491495,0.8132270831638316,2.2727272727272725,0.7575757575757575,0.06666666666666667,0.4666666666666667,0.2,7.0,0.2666666666666666,3.0,1.2866926683547546,0.8118126881672664,2.439681249491495,0.8132270831638316,2.2727272727272725,0.7575757575757575,0.06666666666666667,0.4666666666666667,0.2,7.0,0.2666666666666666,4.116080115304653,7.0463559893582595,4.808759461257181,0.8559546694873699,3.7239802799434805,7.447635471706113,8.61063037223388,11.143667469917876,1.2021898653142953,0.9075544146394761,0.8393398960900266
kx=3|ky=3|x=one_rare_0p2|y=one_rare_0p2|N=450|K=300,42,300,one_rare_0p2,one_rare_0p2,one_rare,one_rare,one_rare|one_rare,True,2.0,3.0,3.0,9.0,4.0,1.3862943611198906,2.1972245773362196,450.0,0.0044444444444444444,0.2177777777777778,49.0,2.0,1.2098765432098766,9.729877633971544,371.9387755102041,46.24929695198221,50.0,43.08131845707603,0.8616263691415206,0,0,1,0.0,0.0,0.1111111111111111,2.573385336709509,0.8118126881672664,5.952044599120381,0.6613382887911534,5.165289256198346,0.5739210284664829,9.487729036781154,13.276704135987622,3.0,1.2866926683547546,0.8118126881672664,2.439681249491495,0.8132270831638316,2.2727272727272725,0.7575757575757575,0.06666666666666667,0.4666666666666667,0.2,7.0,0.2666666666666666,3.0,1.2866926683547546,0.8118126881672664,2.439681249491495,0.8132270831638316,2.2727272727272725,0.7575757575757575,0.06666666666666667,0.4666666666666667,0.2,7.0,0.2666666666666666,4.035447247044249,6.672034330250001,4.881519991539617,0.8266784227122425,3.5264251202267842,7.300713223470872,8.766163004947593,12.212102096954753,1.2203799978849041,0.9239474452699629,0.9198142831135948
kx=3|ky=3|x=one_rare_0p2|y=one_rare_0p2|N=1125|K=300,42,300,one_rare_0p2,one_rare_0p2,one_rare,one_rare,one_rare|one_rare,True,5.0,3.0,3.0,9.0,4.0,1.3862943611198906,2.1972245773362196,1125.0,0.0044444444444444444,0.2177777777777778,49.0,5.0,3.024691358024691,24.32469408492886,371.9387755102041,46.24929695198221,125.0,107.70329614269009,0.8616263691415207,0,0,0,0.0,0.0,0.0,2.573385336709509,0.8118126881672664,5.952044599120381,0.6613382887911534,5.165289256198346,0.5739210284664829,9.487729036781154,13.276704135987622,3.0,1.2866926683547546,0.8118126881672664,2.439681249491495,0.8132270831638316,2.2727272727272725,0.7575757575757575,0.06666666666666667,0.4666666666666667,0.2,7.0,0.2666666666666666,3.0,1.2866926683547546,0.8118126881672664,2.439681249491495,0.8132270831638316,2.2727272727272725,0.7575757575757575,0.06666666666666667,0.4666666666666667,0.2,7.0,0.2666666666666666,4.071437127433569,9.151146879835048,3.622846513188806,1.1238226937331433,3.126091777326243,8.312653497748869,10.415431413158291,14.019380807100768,0.9057116282972015,1.0977791811697728,1.055938331042571
kx=3|ky=3|x=one_rare_0p05|y=one_rare_0p05|N=1800|K=300,42,300,one_rare_0p05,one_rare_0p05,one_rare,one_rare,one_rare|one_rare,True,0.5,3.0,3.0,9.0,4.0,1.3862943611198906,2.1972245773362196,1800.0,0.0002777777777777778,0.2417361111111111,870.25,0.5,0.43852355757117656,16.025188051634938,4104.682562482046,112.3231748794585,200.0,210.34510334210302,1.051725516710515,0,1,1,0.0,0.1111111111111111,0.1111111111111111,2.211249860805416,0.6975716648814403,4.6307628017730735,0.5145292001970082,4.273247467767029,0.47480527419633656,9.487729036781154,13.276704135987622,3.0,1.105624930402708,0.6975716648814403,2.1519207238588214,0.7173069079529405,2.0671834625323,0.6890611541774333,0.016666666666666666,0.49166666666666664,0.05,29.5,0.31666666666666643,3.0,1.105624930402708,0.6975716648814403,2.1519207238588214,0.7173069079529405,2.0671834625323,0.6890611541774333,0.016666666666666666,0.49166666666666664,0.05,29.5,0.31666666666666643,4.01270000236978,6.051369805106526,5.321691394708931,0.7540271888669436,3.590051831920858,6.995726440157439,8.35865609581054,12.340163364083557,1.3304228486772327,0.8809965022616553,0.9294598446789597
kx=3|ky=3|x=one_rare_0p05|y=one_rare_0p05|N=3600|K=300,42,300,one_rare_0p05,one_rare_0p05,one_rare,one_rare,one_rare|one_rare,True,1.0,3.0,3.0,9.0,4.0,1.3862943611198906,2.1972245773362196,3600.0,0.0002777777777777778,0.2417361111111111,870.25,1.0,0.8770471151423531,32.050376103269876,4104.682562482046,112.3231748794585,400.0,420.69020668420603,1.051725516710515,0,0,1,0.0,0.0,0.1111111111111111,2.211249860805416,0.6975716648814403,4.6307628017730735,0.5145292001970082,4.273247467767029,0.47480527419633656,9.487729036781154,13.276704135987622,3.0,1.105624930402708,0.6975716648814403,2.1519207238588214,0.7173069079529405,2.0671834625323,0.6890611541774333,0.016666666666666666,0.49166666666666664,0.05,29.5,0.31666666666666643,3.0,1.105624930402708,0.6975716648814403,2.1519207238588214,0.7173069079529405,2.0671834625323,0.6890611541774333,0.016666666666666666,0.49166666666666664,0.05,29.5,0.31666666666666643,4.227367585640701,8.343696838369139,4.283625603928029,0.9868667284471034,3.7671967077624777,8.098920012957265,10.107478135841875,12.726938524888546,1.0709064009820073,1.065321121277614,0.9585917103018896
kx=3|ky=3|x=one_rare_0p05|y=one_rare_0p05|N=7200|K=300,42,300,one_rare_0p05,one_rare_0p05,one_rare,one_rare,one_rare|one_rare,True,2.0,3.0,3.0,9.0,4.0,1.3862943611198906,2.1972245773362196,7200.0,0.0002777777777777778,0.2417361111111111,870.25,2.0,1.7540942302847062,64.10075220653975,4104.682562482046,112.3231748794585,800.0,841.3804133684121,1.051725516710515,0,0,1,0.0,0.0,0.1111111111111111,2.211249860805416,0.6975716648814403,4.6307628017730735,0.5145292001970082,4.273247467767029,0.47480527419633656,9.487729036781154,13.276704135987622,3.0,1.105624930402708,0.6975716648814403,2.1519207238588214,0.7173069079529405,2.0671834625323,0.6890611541774333,0.016666666666666666,0.49166666666666664,0.05,29.5,0.31666666666666643,3.0,1.105624930402708,0.6975716648814403,2.1519207238588214,0.7173069079529405,2.0671834625323,0.6890611541774333,0.016666666666666666,0.49166666666666664,0.05,29.5,0.31666666666666643,4.012835021843013,8.278156653311386,3.8904421810110184,1.0314598791441716,3.44918624756711,7.864718533270431,9.486278099875499,13.583406863217215,0.9726105452527546,0.9998470722656569,1.0231008181012522
kx=3|ky=3|x=one_rare_0p05|y=one_rare_0p05|N=18000|K=300,42,300,one_rare_0p05,one_rare_0p05,one_rare,one_rare,one_rare|one_rare,True,5.0,3.0,3.0,9.0,4.0,1.3862943611198906,2.1972245773362196,18000.0,0.0002777777777777778,0.2417361111111111,870.25,5.0,4.385235575711766,160.2518805163494,4104.682562482046,112.3231748794585,2000.0,2103.4510334210304,1.0517255167105153,0,0,0,0.0,0.0,0.0,2.211249860805416,0.6975716648814403,4.6307628017730735,0.5145292001970082,4.273247467767029,0.47480527419633656,9.487729036781154,13.276704135987622,3.0,1.105624930402708,0.6975716648814403,2.1519207238588214,0.7173069079529405,2.0671834625323,0.6890611541774333,0.016666666666666666,0.49166666666666664,0.05,29.5,0.31666666666666643,3.0,1.105624930402708,0.6975716648814403,2.1519207238588214,0.7173069079529405,2.0671834625323,0.6890611541774333,0.016666666666666666,0.49166666666666664,0.05,29.5,0.31666666666666643,3.9188541556152328,6.675691504287116,4.600996880434117,0.851740233139536,3.313731746417417,7.468418539396051,8.726067647794226,12.55488837387454,1.1502492201085293,0.9197214226888026,0.9456329104934605
kx=3|ky=3|x=zipf_a0p7|y=zipf_a0p7|N=10|K=300,42,300,zipf_a0p7,zipf_a0p7,zipf,zipf,zipf|zipf,True,0.5,3.0,3.0,9.0,4.0,1.3862943611198906,2.1972245773362196,10.0,0.04969429480787232,0.23135361433932508,4.655536721746079,0.4969429480787232,0.10116389161882541,0.3432349008939237,98.84949896628055,29.13456636826826,1.1111111111111114,0.5253495945243879,0.472814635071949,1,4,9,0.1111111111111111,0.4444444444444444,1.0,3.02100076139437,0.9530196329628676,8.117304656621313,0.9019227396245904,7.3556233399902196,0.8172914822211355,9.487729036781154,13.276704135987622,3.0,1.510500380697185,0.9530196329628676,2.8490883904542716,0.9496961301514238,2.7121252441563644,0.9040417480521215,0.22292217208674492,0.48099232253677926,0.6687665162602348,2.157669279974593,0.17204676696668986,3.0,1.510500380697185,0.9530196329628676,2.8490883904542716,0.9496961301514238,2.7121252441563644,0.9040417480521215,0.22292217208674492,0.48099232253677926,0.6687665162602348,2.157669279974593,0.17204676696668986,4.7471423759479165,6.792669983936366,6.63519964632851,0.7154483103721948,4.608120058297242,8.45620910480325,9.444697318858088,10.693056150036321,1.6587999115821275,0.9954644870488771,0.8053998974829826
kx=3|ky=3|x=zipf_a0p7|y=zipf_a0p7|N=20|K=300,42,300,zipf_a0p7,zipf_a0p7,zipf,zipf,zipf|zipf,True,1.0,3.0,3.0,9.0,4.0,1.3862943611198906,2.1972245773362196,20.0,0.04969429480787232,0.23135361433932508,4.655536721746079,0.9938858961574464,0.20232778323765083,0.6864698017878474,98.84949896628055,29.13456636826826,2.2222222222222228,1.0506991890487758,0.472814635071949,0,1,9,0.0,0.1111111111111111,1.0,3.02100076139437,0.9530196329628676,8.117304656621313,0.9019227396245904,7.3556233399902196,0.8172914822211355,9.487729036781154,13.276704135987622,3.0,1.510500380697185,0.9530196329628676,2.8490883904542716,0.9496961301514238,2.7121252441563644,0.9040417480521215,0.22292217208674492,0.48099232253677926,0.6687665162602348,2.157669279974593,0.17204676696668986,3.0,1.510500380697185,0.9530196329628676,2.8490883904542716,0.9496961301514238,2.7121252441563644,0.9040417480521215,0.22292217208674492,0.48099232253677926,0.6687665162602348,2.157669279974593,0.17204676696668986,4.6621968740211255,8.854796822612144,4.909447416484088,0.9496378061545606,4.239432372133025,8.988740854287895,10.273870491256307,13.863167879110257,1.227361854121022,1.0828587590800194,1.0441723892553256
kx=3|ky=3|x=zipf_a0p7|y=zipf_a0p7|N=40|K=300,42,300,zipf_a0p7,zipf_a0p7,zipf,zipf,zipf|zipf,True,2.0,3.0,3.0,9.0,4.0,1.3862943611198906,2.1972245773362196,40.0,0.04969429480787232,0.23135361433932508,4.655536721746079,1.9877717923148928,0.40465556647530165,1.372939603575695,98.84949896628055,29.13456636826826,4.4444444444444455,2.1013983780975516,0.472814635071949,0,0,6,0.0,0.0,0.6666666666666666,3.02100076139437,0.9530196329628676,8.117304656621313,0.9019227396245904,7.3556233399902196,0.8172914822211355,9.487729036781154,13.276704135987622,3.0,1.510500380697185,0.9530196329628676,2.8490883904542716,0.9496961301514238,2.7121252441563644,0.9040417480521215,0.22292217208674492,0.48099232253677926,0.6687665162602348,2.157669279974593,0.17204676696668986,3.0,1.510500380697185,0.9530196329628676,2.8490883904542716,0.9496961301514238,2.7121252441563644,0.9040417480521215,0.22292217208674492,0.48099232253677926,0.6687665162602348,2.157669279974593,0.17204676696668986,4.493511528919732,11.993213317809976,3.367178641031901,1.3345034546615728,3.5460868901370373,9.351853501977924,11.839667846049812,15.647679955835764,0.8417946602579752,1.2478927043711807,1.1785816566794927
kx=3|ky=3|x=zipf_a0p7|y=zipf_a0p7|N=101|K=300,42,300,zipf_a0p7,zipf_a0p7,zipf,zipf,zipf|zipf,True,5.0,3.0,3.0,9.0,4.0,1.3862943611198906,2.1972245773362196,101.0,0.04969429480787232,0.23135361433932508,4.655536721746079,5.019123775595104,1.0217553053501367,3.46667249902863,98.84949896628055,29.13456636826826,11.222222222222223,5.306030904696318,0.47281463507194904,0,0,0,0.0,0.0,0.0,3.02100076139437,0.9530196329628676,8.117304656621313,0.9019227396245904,7.3556233399902196,0.8172914822211355,9.487729036781154,13.276704135987622,3.0,1.510500380697185,0.9530196329628676,2.8490883904542716,0.9496961301514238,2.7121252441563644,0.9040417480521215,0.22292217208674492,0.48099232253677926,0.6687665162602348,2.157669279974593,0.17204676696668986,3.0,1.510500380697185,0.9530196329628676,2.8490883904542716,0.9496961301514238,2.7121252441563644,0.9040417480521215,0.22292217208674492,0.48099232253677926,0.6687665162602348,2.157669279974593,0.17204676696668986,4.064968972435474,8.84799097484073,3.7350790238934564,1.088322080050167,3.2107801653325847,8.206812092600291,10.303367709935838,14.09147542737428,0.9337697559733641,1.0859677452836913,1.0613684904808682
kx=4|ky=4|x=uniform|y=uniform|N=16|K=300,42,300,uniform,uniform,uniform,uniform,uniform|uniform,True,1.0,4.0,4.0,16.0,9.0,2.1972245773362196,2.772588722239781,16.0,0.0625,0.0625,1.0,1.0,0.0625,0.25,256.0,64.0,1.0,0.0,0.0,0,0,16,0.0,0.0,1.0,4.0,1.0,16.0,1.0,16.0,1.0,16.918977604620444,21.66599433346192,4.0,2.0,1.0,4.0,1.0,4.0,1.0,0.25,0.25,1.0,1.0,0.0,4.0,2.0,1.0,4.0,1.0,4.0,1.0,0.25,0.25,1.0,1.0,0.0,10.755545339089855,13.483449934243236,17.159073694845173,0.6268138671332224,10.562813867719726,15.624846176575861,17.391840565549835,19.870228409963396,1.9065637438716858,1.0279486723122238,0.9171159238823826
kx=4|ky=4|x=uniform|y=uniform|N=32|K=300,42,300,uniform,uniform,uniform,uniform,uniform|uniform,True,2.0,4.0,4.0,16.0,9.0,2.1972245773362196,2.772588722239781,32.0,0.0625,0.0625,1.0,2.0,0.125,0.5,256.0,64.0,2.0,0.0,0.0,0,0,16,0.0,0.0,1.0,4.0,1.0,16.0,1.0,16.0,1.0,16.918977604620444,21.66599433346192,4.0,2.0,1.0,4.0,1.0,4.0,1.0,0.25,0.25,1.0,1.0,0.0,4.0,2.0,1.0,4.0,1.0,4.0,1.0,0.25,0.25,1.0,1.0,0.0,11.349353267159492,22.561000611646417,11.4186264873634,0.9939333141091382,10.89147310873889,18.335991131371344,19.744854549181166,22.97583021303561,1.2687362763737111,1.1670240962898961,1.0604558396634822
kx=4|ky=4|x=uniform|y=uniform|N=80|K=300,42,300,uniform,uniform,uniform,uniform,uniform|uniform,True,5.0,4.0,4.0,16.0,9.0,2.1972245773362196,2.772588722239781,80.0,0.0625,0.0625,1.0,5.0,0.3125,1.25,256.0,64.0,5.0,0.0,0.0,0,0,0,0.0,0.0,0.0,4.0,1.0,16.0,1.0,16.0,1.0,16.918977604620444,21.66599433346192,4.0,2.0,1.0,4.0,1.0,4.0,1.0,0.25,0.25,1.0,1.0,0.0,4.0,2.0,1.0,4.0,1.0,4.0,1.0,0.25,0.25,1.0,1.0,0.0,9.93361340412982,22.937807123424072,8.603845583995613,1.1545550541501777,9.23991376290284,16.3140537223992,19.286306292317757,23.897492858721133,0.9559828426661792,1.1399214978008372,1.1029954356543326
kx=4|ky=4|x=one_rare_0p8|y=one_rare_0p8|N=12|K=300,42,300,one_rare_0p8,one_rare_0p8,one_rare,one_rare,one_rare|one_rare,True,0.5,4.0,4.0,16.0,9.0,2.1972245773362196,2.772588722239781,12.0,0.04000000000000001,0.07111111111111111,1.7777777777777775,0.4800000000000001,0.04544378698224852,0.18538326458991555,264.0625,64.73076211353316,0.75,0.12288205727444504,0.16384274303259339,1,16,16,0.0625,1.0,1.0,3.9797961909285746,0.9949490477321437,15.777494232837181,0.9860933895523238,15.581717451523545,0.9738573407202216,16.918977604620444,21.66599433346192,4.0,1.9898980954642873,0.9949490477321437,3.972089403933046,0.9930223509832615,3.9473684210526314,0.9868421052631579,0.2,0.26666666666666666,0.8,1.3333333333333333,0.050000000000000044,4.0,1.9898980954642873,0.9949490477321437,3.972089403933046,0.9930223509832615,3.9473684210526314,0.9868421052631579,0.2,0.26666666666666666,0.8,1.3333333333333333,0.050000000000000044,9.844694999215369,12.554957710307722,15.439003756739954,0.6376509232286203,9.83619419430417,14.229843751546412,15.82441539507739,18.228235260849775,1.715444861859995,0.9353056529110756,0.8413292729748979
kx=4|ky=4|x=one_rare_0p8|y=one_rare_0p8|N=25|K=300,42,300,one_rare_0p8,one_rare_0p8,one_rare,one_rare,one_rare|one_rare,True,1.0,4.0,4.0,16.0,9.0,2.1972245773362196,2.772588722239781,25.0,0.04000000000000001,0.07111111111111111,1.7777777777777775,1.0000000000000002,0.09467455621301775,0.3862151345623241,264.0625,64.73076211353316,1.5625,0.2560042859884271,0.16384274303259336,0,0,16,0.0,0.0,1.0,3.9797961909285746,0.9949490477321437,15.777494232837181,0.9860933895523238,15.581717451523545,0.9738573407202216,16.918977604620444,21.66599433346192,4.0,1.9898980954642873,0.9949490477321437,3.972089403933046,0.9930223509832615,3.9473684210526314,0.9868421052631579,0.2,0.26666666666666666,0.8,1.3333333333333333,0.050000000000000044,4.0,1.9898980954642873,0.9949490477321437,3.972089403933046,0.9930223509832615,3.9473684210526314,0.9868421052631579,0.2,0.26666666666666666,0.8,1.3333333333333333,0.050000000000000044,11.064300656108111,17.69687621938328,13.835068685700572,0.7997286394063061,10.498800567220606,16.6947724780066,18.787068279816637,21.74143049133491,1.5372298539667302,1.1104139220969258,1.003481776867101
kx=4|ky=4|x=one_rare_0p8|y=one_rare_0p8|N=50|K=300,42,300,one_rare_0p8,one_rare_0p8,one_rare,one_rare,one_rare|one_rare,True,2.0,4.0,4.0,16.0,9.0,2.1972245773362196,2.772588722239781,50.0,0.04000000000000001,0.07111111111111111,1.7777777777777775,2.0000000000000004,0.1893491124260355,0.7724302691246482,264.0625,64.73076211353316,3.125,0.5120085719768542,0.16384274303259336,0,0,16,0.0,0.0,1.0,3.9797961909285746,0.9949490477321437,15.777494232837181,0.9860933895523238,15.581717451523545,0.9738573407202216,16.918977604620444,21.66599433346192,4.0,1.9898980954642873,0.9949490477321437,3.972089403933046,0.9930223509832615,3.9473684210526314,0.9868421052631579,0.2,0.26666666666666666,0.8,1.3333333333333333,0.050000000000000044,4.0,1.9898980954642873,0.9949490477321437,3.972089403933046,0.9930223509832615,3.9473684210526314,0.9868421052631579,0.2,0.26666666666666666,0.8,1.3333333333333333,0.050000000000000044,10.51690314692024,23.391322855157924,9.456947132625443,1.112082260736984,9.72842945006177,17.16844430938214,18.663346811049813,24.04326924771291,1.0507719036250491,1.103101336687921,1.1097237854705528
kx=4|ky=4|x=one_rare_0p8|y=one_rare_0p8|N=125|K=300,42,300,one_rare_0p8,one_rare_0p8,one_rare,one_rare,one_rare|one_rare,True,5.0,4.0,4.0,16.0,9.0,2.1972245773362196,2.772588722239781,125.0,0.04000000000000001,0.07111111111111111,1.7777777777777775,5.000000000000001,0.47337278106508873,1.9310756728116205,264.0625,64.73076211353316,7.812500000000001,1.2800214299421362,0.1638427430325934,0,0,0,0.0,0.0,0.0,3.9797961909285746,0.9949490477321437,15.777494232837181,0.9860933895523238,15.581717451523545,0.9738573407202216,16.918977604620444,21.66599433346192,4.0,1.9898980954642873,0.9949490477321437,3.972089403933046,0.9930223509832615,3.9473684210526314,0.9868421052631579,0.2,0.26666666666666666,0.8,1.3333333333333333,0.050000000000000044,4.0,1.9898980954642873,0.9949490477321437,3.972089403933046,0.9930223509832615,3.9473684210526314,0.9868421052631579,0.2,0.26666666666666666,0.8,1.3333333333333333,0.050000000000000044,8.953755533831869,18.998119320320733,8.439755199755357,1.0609022799726953,8.196829625132304,14.819102374397009,16.910288864861297,22.721462585649732,0.9377505777505952,0.9994864500703178,1.0487154310087536
kx=4|ky=4|x=one_rare_0p5|y=one_rare_0p5|N=32|K=300,42,300,one_rare_0p5,one_rare_0p5,one_rare,one_rare,one_rare|one_rare,True,0.5,4.0,4.0,16.0,9.0,2.1972245773362196,2.772588722239781,32.0,0.015625,0.08506944444444446,5.4444444444444455,0.5,0.09570312500000001,0.4553182081185472,334.3673469387755,70.28051905112576,2.0000000000000004,0.8333333333333336,0.4166666666666667,0,1,16,0.0,0.0625,1.0,3.8608132626612157,0.9652033156653039,14.528494044998556,0.9080308778124098,13.633136094674551,0.8520710059171595,16.918977604620444,21.66599433346192,4.0,1.9304066313306079,0.9652033156653039,3.811626168054595,0.9529065420136488,3.6923076923076916,0.9230769230769229,0.125,0.2916666666666667,0.5,2.3333333333333335,0.125,4.0,1.9304066313306079,0.9652033156653039,3.811626168054595,0.9529065420136488,3.6923076923076916,0.9230769230769229,0.125,0.2916666666666667,0.5,2.3333333333333335,0.125,10.731947504349494,22.205367361776197,10.373590795383315,1.0345450978387987,10.040374475655618,17.262799452054914,18.831580960166967,24.352311567384106,1.152621199487035,1.113044854142026,1.1239877197684538
kx=4|ky=4|x=one_rare_0p5|y=one_rare_0p5|N=64|K=300,42,300,one_rare_0p5,one_rare_0p5,one_rare,one_rare,one_rare|one_rare,True,1.0,4.0,4.0,16.0,9.0,2.1972245773362196,2.772588722239781,64.0,0.015625,0.08506944444444446,5.4444444444444455,1.0,0.19140625000000003,0.9106364162370943,334.3673469387755,70.28051905112576,4.000000000000001,1.6666666666666672,0.4166666666666667,0,0,7,0.0,0.0,0.4375,3.8608132626612157,0.9652033156653039,14.528494044998556,0.9080308778124098,13.633136094674551,0.8520710059171595,16.918977604620444,21.66599433346192,4.0,1.9304066313306079,0.9652033156653039,3.811626168054595,0.9529065420136488,3.6923076923076916,0.9230769230769229,0.125,0.2916666666666667,0.5,2.3333333333333335,0.125,4.0,1.9304066313306079,0.9652033156653039,3.811626168054595,0.9529065420136488,3.6923076923076916,0.9230769230769229,0.125,0.2916666666666667,0.5,2.3333333333333335,0.125,10.040166908308755,19.680238917138144,10.244281278406048,0.9800752864402947,9.58385786580847,15.57631527860304,17.505067400162456,23.40912765957798,1.1382534753784497,1.034640969994662,1.0804548039331796
kx=4|ky=4|x=one_rare_0p5|y=one_rare_0p5|N=128|K=300,42,300,one_rare_0p5,one_rare_0p5,one_rare,one_rare,one_rare|one_rare,True,2.0,4.0,4.0,16.0,9.0,2.1972245773362196,2.772588722239781,128.0,0.015625,0.08506944444444446,5.4444444444444455,2.0,0.38281250000000006,1.8212728324741887,334.3673469387755,70.28051905112576,8.000000000000002,3.3333333333333344,0.4166666666666667,0,0,7,0.0,0.0,0.4375,3.8608132626612157,0.9652033156653039,14.528494044998556,0.9080308778124098,13.633136094674551,0.8520710059171595,16.918977604620444,21.66599433346192,4.0,1.9304066313306079,0.9652033156653039,3.811626168054595,0.9529065420136488,3.6923076923076916,0.9230769230769229,0.125,0.2916666666666667,0.5,2.3333333333333335,0.125,4.0,1.9304066313306079,0.9652033156653039,3.811626168054595,0.9529065420136488,3.6923076923076916,0.9230769230769229,0.125,0.2916666666666667,0.5,2.3333333333333335,0.125,9.65412062678166,20.385714121496875,9.143858735678915,1.055803781078958,8.737936612509362,16.41436655620549,18.304577902864434,21.55860072249954,1.015984303964324,1.081896219182038,0.9950432179890071
kx=4|ky=4|x=one_rare_0p5|y=one_rare_0p5|N=320|K=300,42,300,one_rare_0p5,one_rare_0p5,one_rare,one_rare,one_rare|one_rare,True,5.0,4.0,4.0,16.0,9.0,2.1972245773362196,2.772588722239781,320.0,0.015625,0.08506944444444446,5.4444444444444455,5.0,0.9570312500000001,4.553182081185471,334.3673469387755,70.28051905112576,20.000000000000007,8.333333333333336,0.41666666666666663,0,0,0,0.0,0.0,0.0,3.8608132626612157,0.9652033156653039,14.528494044998556,0.9080308778124098,13.633136094674551,0.8520710059171595,16.918977604620444,21.66599433346192,4.0,1.9304066313306079,0.9652033156653039,3.811626168054595,0.9529065420136488,3.6923076923076916,0.9230769230769229,0.125,0.2916666666666667,0.5,2.3333333333333335,0.125,4.0,1.9304066313306079,0.9652033156653039,3.811626168054595,0.9529065420136488,3.6923076923076916,0.9230769230769229,0.125,0.2916666666666667,0.5,2.3333333333333335,0.125,8.890089849652608,16.7409196272155,9.441978014924848,0.941549518077687,8.00536276323728,14.640964016496048,15.913501774247385,20.093123937162993,1.049108668324983,0.9405711235117143,0.9274037289915784
kx=4|ky=4|x=one_rare_0p2|y=one_rare_0p2|N=200|K=300,42,300,one_rare_0p2,one_rare_0p2,one_rare,one_rare,one_rare|one_rare,True,0.5,4.0,4.0,16.0,9.0,2.1972245773362196,2.772588722239781,200.0,0.0025000000000000005,0.10027777777777777,40.1111111111111,0.5000000000000001,0.23022959183673472,2.081074121739771,868.6980609418282,96.10421748592053,12.5,8.589399151150081,0.6871519320920065,0,1,7,0.0,0.0625,0.4375,3.584222665602109,0.8960556664005273,11.993847802081204,0.7496154876300752,10.868252626494385,0.6792657891558991,16.918977604620444,21.66599433346192,4.0,1.7921113328010545,0.8960556664005273,3.4632135080126383,0.8658033770031596,3.2967032967032965,0.8241758241758241,0.05,0.31666666666666665,0.2,6.333333333333333,0.19999999999999996,4.0,1.7921113328010545,0.8960556664005273,3.4632135080126383,0.8658033770031596,3.2967032967032965,0.8241758241758241,0.05,0.31666666666666665,0.2,6.333333333333333,0.19999999999999996,9.411098613452834,22.18510840404307,7.9845250696176775,1.178667300984937,8.48254025254247,15.847505371471282,17.959817090073866,23.371257908234213,0.887169452179742,1.0615190533244265,1.0787069150174478
kx=4|ky=4|x=one_rare_0p2|y=one_rare_0p2|N=400|K=300,42,300,one_rare_0p2,one_rare_0p2,one_rare,one_rare,one_rare|one_rare,True,1.0,4.0,4.0,16.0,9.0,2.1972245773362196,2.772588722239781,400.0,0.0025000000000000005,0.10027777777777777,40.1111111111111,1.0000000000000002,0.46045918367346944,4.162148243479542,868.6980609418282,96.10421748592053,25.0,17.178798302300162,0.6871519320920065,0,0,1,0.0,0.0,0.0625,3.584222665602109,0.8960556664005273,11.993847802081204,0.7496154876300752,10.868252626494385,0.6792657891558991,16.918977604620444,21.66599433346192,4.0,1.7921113328010545,0.8960556664005273,3.4632135080126383,0.8658033770031596,3.2967032967032965,0.8241758241758241,0.05,0.31666666666666665,0.2,6.333333333333333,0.19999999999999996,4.0,1.7921113328010545,0.8960556664005273,3.4632135080126383,0.8658033770031596,3.2967032967032965,0.8241758241758241,0.05,0.31666666666666665,0.2,6.333333333333333,0.19999999999999996,9.744610211084574,22.610637901485138,8.399358618691306,1.1601612281918343,9.074515767100443,15.764822166462492,18.623675489555627,23.930245671161778,0.9332620687434784,1.1007565542535882,1.1045071508304998
kx=4|ky=4|x=one_rare_0p2|y=one_rare_0p2|N=800|K=300,42,300,one_rare_0p2,one_rare_0p2,one_rare,one_rare,one_rare|one_rare,True,2.0,4.0,4.0,16.0,9.0,2.1972245773362196,2.772588722239781,800.0,0.0025000000000000005,0.10027777777777777,40.1111111111111,2.0000000000000004,0.9209183673469389,8.324296486959083,868.6980609418282,96.10421748592053,50.0,34.357596604600324,0.6871519320920065,0,0,1,0.0,0.0,0.0625,3.584222665602109,0.8960556664005273,11.993847802081204,0.7496154876300752,10.868252626494385,0.6792657891558991,16.918977604620444,21.66599433346192,4.0,1.7921113328010545,0.8960556664005273,3.4632135080126383,0.8658033770031596,3.2967032967032965,0.8241758241758241,0.05,0.31666666666666665,0.2,6.333333333333333,0.19999999999999996,4.0,1.7921113328010545,0.8960556664005273,3.4632135080126383,0.8658033770031596,3.2967032967032965,0.8241758241758241,0.05,0.31666666666666665,0.2,6.333333333333333,0.19999999999999996,9.291390666516428,20.653185990021328,8.359963500017795,1.1114152192765736,8.557855169157863,14.85348490397607,17.366962368732192,24.852103038705685,0.9288848333353106,1.0264782408595072,1.147055734262932
kx=4|ky=4|x=one_rare_0p2|y=one_rare_0p2|N=2000|K=300,42,300,one_rare_0p2,one_rare_0p2,one_rare,one_rare,one_rare|one_rare,True,5.0,4.0,4.0,16.0,9.0,2.1972245773362196,2.772588722239781,2000.0,0.0025000000000000005,0.10027777777777777,40.1111111111111,5.000000000000001,2.302295918367347,20.81074121739771,868.6980609418282,96.10421748592053,124.99999999999999,85.89399151150083,0.6871519320920068,0,0,0,0.0,0.0,0.0,3.584222665602109,0.8960556664005273,11.993847802081204,0.7496154876300752,10.868252626494385,0.6792657891558991,16.918977604620444,21.66599433346192,4.0,1.7921113328010545,0.8960556664005273,3.4632135080126383,0.8658033770031596,3.2967032967032965,0.8241758241758241,0.05,0.31666666666666665,0.2,6.333333333333333,0.19999999999999996,4.0,1.7921113328010545,0.8960556664005273,3.4632135080126383,0.8658033770031596,3.2967032967032965,0.8241758241758241,0.05,0.31666666666666665,0.2,6.333333333333333,0.19999999999999996,9.438595808598839,18.471317261009673,9.64599217037431,0.9784992193532517,8.89609939418826,15.578382919548309,16.740247123313758,20.654137121816166,1.0717769078193677,0.9894360944565659,0.9532974487082276
kx=4|ky=4|x=one_rare_0p05|y=one_rare_0p05|N=3200|K=300,42,300,one_rare_0p05,one_rare_0p05,one_rare,one_rare,one_rare|one_rare,True,0.5,4.0,4.0,16.0,9.0,2.1972245773362196,2.772588722239781,3200.0,0.00015625000000000003,0.10835069444444444,693.4444444444442,0.5000000000000001,0.4029571280991736,15.929922383232707,7941.29145970197,200.87982370637354,200.0,166.3931923019822,0.831965961509911,0,1,1,0.0,0.0625,0.0625,3.3241901510492298,0.8310475377623074,10.015691677081147,0.6259807298175717,9.455329518644113,0.5909580949152571,16.918977604620444,21.66599433346192,4.0,1.6620950755246149,0.8310475377623074,3.164757759620971,0.7911894399052427,3.0749519538757206,0.7687379884689302,0.0125,0.32916666666666666,0.05,26.333333333333332,0.23750000000000004,4.0,1.6620950755246149,0.8310475377623074,3.164757759620971,0.7911894399052427,3.0749519538757206,0.7687379884689302,0.0125,0.32916666666666666,0.05,26.333333333333332,0.23750000000000004,8.972889291972917,14.179309977288227,11.356369580037942,0.7901195209202535,8.498921414588368,13.757601522694163,15.57378972348678,19.215091173370215,1.261818842226438,0.9204923658763929,0.8868778823454956
kx=4|ky=4|x=one_rare_0p05|y=one_rare_0p05|N=6400|K=300,42,300,one_rare_0p05,one_rare_0p05,one_rare,one_rare,one_rare|one_rare,True,1.0,4.0,4.0,16.0,9.0,2.1972245773362196,2.772588722239781,6400.0,0.00015625000000000003,0.10835069444444444,693.4444444444442,1.0000000000000002,0.8059142561983472,31.859844766465415,7941.29145970197,200.87982370637354,400.0,332.7863846039644,0.831965961509911,0,0,1,0.0,0.0,0.0625,3.3241901510492298,0.8310475377623074,10.015691677081147,0.6259807298175717,9.455329518644113,0.5909580949152571,16.918977604620444,21.66599433346192,4.0,1.6620950755246149,0.8310475377623074,3.164757759620971,0.7911894399052427,3.0749519538757206,0.7687379884689302,0.0125,0.32916666666666666,0.05,26.333333333333332,0.23750000000000004,4.0,1.6620950755246149,0.8310475377623074,3.164757759620971,0.7911894399052427,3.0749519538757206,0.7687379884689302,0.0125,0.32916666666666666,0.05,26.333333333333332,0.23750000000000004,9.201986439650284,16.55357709097598,10.230605019101073,0.8994567205428902,8.68689567877482,14.067559931455255,16.82157342845541,21.769212534102454,1.1367338910112303,0.994242904125694,1.0047640647852067
kx=4|ky=4|x=one_rare_0p05|y=one_rare_0p05|N=12800|K=300,42,300,one_rare_0p05,one_rare_0p05,one_rare,one_rare,one_rare|one_rare,True,2.0,4.0,4.0,16.0,9.0,2.1972245773362196,2.772588722239781,12800.0,0.00015625000000000003,0.10835069444444444,693.4444444444442,2.0000000000000004,1.6118285123966944,63.71968953293083,7941.29145970197,200.87982370637354,800.0,665.5727692079288,0.831965961509911,0,0,1,0.0,0.0,0.0625,3.3241901510492298,0.8310475377623074,10.015691677081147,0.6259807298175717,9.455329518644113,0.5909580949152571,16.918977604620444,21.66599433346192,4.0,1.6620950755246149,0.8310475377623074,3.164757759620971,0.7911894399052427,3.0749519538757206,0.7687379884689302,0.0125,0.32916666666666666,0.05,26.333333333333332,0.23750000000000004,4.0,1.6620950755246149,0.8310475377623074,3.164757759620971,0.7911894399052427,3.0749519538757206,0.7687379884689302,0.0125,0.32916666666666666,0.05,26.333333333333332,0.23750000000000004,9.160550425507349,19.222522883490697,8.730975076152363,1.0492013029023894,8.5691683412717,15.00346919344687,17.70623115314068,22.807353875767227,0.9701083417947071,1.0465307991367778,1.0526797674151764
kx=4|ky=4|x=one_rare_0p05|y=one_rare_0p05|N=32000|K=300,42,300,one_rare_0p05,one_rare_0p05,one_rare,one_rare,one_rare|one_rare,True,5.0,4.0,4.0,16.0,9.0,2.1972245773362196,2.772588722239781,32000.0,0.00015625000000000003,0.10835069444444444,693.4444444444442,5.000000000000001,4.029571280991736,159.29922383232707,7941.29145970197,200.87982370637354,1999.9999999999998,1663.9319230198223,0.8319659615099112,0,0,0,0.0,0.0,0.0,3.3241901510492298,0.8310475377623074,10.015691677081147,0.6259807298175717,9.455329518644113,0.5909580949152571,16.918977604620444,21.66599433346192,4.0,1.6620950755246149,0.8310475377623074,3.164757759620971,0.7911894399052427,3.0749519538757206,0.7687379884689302,0.0125,0.32916666666666666,0.05,26.333333333333332,0.23750000000000004,4.0,1.6620950755246149,0.8310475377623074,3.164757759620971,0.7911894399052427,3.0749519538757206,0.7687379884689302,0.0125,0.32916666666666666,0.05,26.333333333333332,0.23750000000000004,8.968801415310988,15.860248485494326,10.143523148562737,0.8841899687074508,8.45601471302181,14.115403225506634,16.15464928642309,21.239742140219057,1.127058127618082,0.9548242017893196,0.9803262113576509
kx=4|ky=4|x=two_rare_0p3|y=two_rare_0p3|N=89|K=300,42,300,two_rare_0p3,two_rare_0p3,two_rare,two_rare,two_rare|two_rare,True,0.5,4.0,4.0,16.0,9.0,2.1972245773362196,2.772588722239781,89.0,0.005625,0.18062499999999998,32.11111111111111,0.500625,0.09042539062499999,0.827490839467092,984.2368319876971,107.554060728112,5.562499999999999,6.144233863194417,1.104581368664165,0,4,12,0.0,0.25,0.75,3.219680609432801,0.8049201523582002,9.315806086774478,0.5822378804234049,7.20688257285708,0.4504301608035675,16.918977604620444,21.66599433346192,4.0,1.6098403047164005,0.8049201523582002,3.052180546228299,0.7630451365570747,2.6845637583892623,0.6711409395973156,0.075,0.425,0.3,5.666666666666667,0.34999999999999987,4.0,1.6098403047164005,0.8049201523582002,3.052180546228299,0.7630451365570747,2.6845637583892623,0.6711409395973156,0.075,0.425,0.3,5.666666666666667,0.34999999999999987,9.885550350828305,15.183499666392915,12.872408586416174,0.7679643078809819,9.153384839547313,14.929544478354869,16.712986319304964,20.77480513107243,1.4302676207129084,0.9878248384666444,0.9588669142678996
kx=4|ky=4|x=two_rare_0p3|y=two_rare_0p3|N=178|K=300,42,300,two_rare_0p3,two_rare_0p3,two_rare,two_rare,two_rare|two_rare,True,1.0,4.0,4.0,16.0,9.0,2.1972245773362196,2.772588722239781,178.0,0.005625,0.18062499999999998,32.11111111111111,1.00125,0.18085078124999998,1.654981678934184,984.2368319876971,107.554060728112,11.124999999999998,12.288467726388834,1.104581368664165,0,0,4,0.0,0.0,0.25,3.219680609432801,0.8049201523582002,9.315806086774478,0.5822378804234049,7.20688257285708,0.4504301608035675,16.918977604620444,21.66599433346192,4.0,1.6098403047164005,0.8049201523582002,3.052180546228299,0.7630451365570747,2.6845637583892623,0.6711409395973156,0.075,0.425,0.3,5.666666666666667,0.34999999999999987,4.0,1.6098403047164005,0.8049201523582002,3.052180546228299,0.7630451365570747,2.6845637583892623,0.6711409395973156,0.075,0.425,0.3,5.666666666666667,0.34999999999999987,10.009639628193014,23.271229342452006,8.610880328828818,1.1624409172986898,9.421714963363238,15.907893673300734,18.61334945349637,27.03134924567355,0.9567644809809798,1.1001462315555761,1.2476394496201422
kx=4|ky=4|x=two_rare_0p3|y=two_rare_0p3|N=356|K=300,42,300,two_rare_0p3,two_rare_0p3,two_rare,two_rare,two_rare|two_rare,True,2.0,4.0,4.0,16.0,9.0,2.1972245773362196,2.772588722239781,356.0,0.005625,0.18062499999999998,32.11111111111111,2.0025,0.36170156249999996,3.309963357868368,984.2368319876971,107.554060728112,22.249999999999996,24.57693545277767,1.104581368664165,0,0,4,0.0,0.0,0.25,3.219680609432801,0.8049201523582002,9.315806086774478,0.5822378804234049,7.20688257285708,0.4504301608035675,16.918977604620444,21.66599433346192,4.0,1.6098403047164005,0.8049201523582002,3.052180546228299,0.7630451365570747,2.6845637583892623,0.6711409395973156,0.075,0.425,0.3,5.666666666666667,0.34999999999999987,4.0,1.6098403047164005,0.8049201523582002,3.052180546228299,0.7630451365570747,2.6845637583892623,0.6711409395973156,0.075,0.425,0.3,5.666666666666667,0.34999999999999987,9.66831905850537,18.149680745507958,10.300610212132083,0.9386161459753132,9.165292867346889,15.217003399558095,17.404133060855088,21.596613340519944,1.1445122457924537,1.0286752230289702,0.9967977009559713
kx=4|ky=4|x=two_rare_0p3|y=two_rare_0p3|N=889|K=300,42,300,two_rare_0p3,two_rare_0p3,two_rare,two_rare,two_rare|two_rare,True,5.0,4.0,4.0,16.0,9.0,2.1972245773362196,2.772588722239781,889.0,0.005625,0.18062499999999998,32.11111111111111,5.000624999999999,0.9032378906249999,8.265610744789267,984.2368319876971,107.554060728112,55.56249999999999,61.373302296402656,1.104581368664165,0,0,0,0.0,0.0,0.0,3.219680609432801,0.8049201523582002,9.315806086774478,0.5822378804234049,7.20688257285708,0.4504301608035675,16.918977604620444,21.66599433346192,4.0,1.6098403047164005,0.8049201523582002,3.052180546228299,0.7630451365570747,2.6845637583892623,0.6711409395973156,0.075,0.425,0.3,5.666666666666667,0.34999999999999987,4.0,1.6098403047164005,0.8049201523582002,3.052180546228299,0.7630451365570747,2.6845637583892623,0.6711409395973156,0.075,0.425,0.3,5.666666666666667,0.34999999999999987,9.057545906557301,17.020066628634204,9.640283982363735,0.9395517728655594,8.495349327244565,14.596274544760362,16.503325937825483,21.125593457513133,1.0711426647070816,0.9754328141742176,0.975057647129808
kx=5|ky=5|x=uniform|y=uniform|N=12|K=300,42,300,uniform,uniform,uniform,uniform,uniform|uniform,True,0.5,5.0,5.0,25.0,16.0,2.772588722239781,3.2188758248682006,12.0,0.04000000000000001,0.04000000000000001,1.0,0.4800000000000001,0.019200000000000002,0.096,624.9999999999999,125.0,0.48000000000000015,5.551115123125783e-17,1.156482317317871e-16,25,25,25,1.0,1.0,1.0,4.643856189774724,1.0,24.999999999999993,0.9999999999999997,24.999999999999986,0.9999999999999994,26.296227604864242,31.999926908815173,5.0,2.321928094887362,1.0,4.999999999999999,0.9999999999999998,4.999999999999999,0.9999999999999998,0.2,0.2,1.0,1.0,0.0,5.0,2.321928094887362,1.0,4.999999999999999,0.9999999999999998,4.999999999999999,0.9999999999999998,0.2,0.2,1.0,1.0,0.0,15.095031043332735,15.777140828962004,28.884823260358782,0.5225938517009724,15.352367602046602,20.316174405123657,21.86980427761748,23.100612519619563,1.805301453772424,0.8316707858724204,0.7218957901199433
kx=5|ky=5|x=uniform|y=uniform|N=25|K=300,42,300,uniform,uniform,uniform,uniform,uniform|uniform,True,1.0,5.0,5.0,25.0,16.0,2.772588722239781,3.2188758248682006,25.0,0.04000000000000001,0.04000000000000001,1.0,1.0000000000000002,0.04000000000000001,0.2,624.9999999999999,125.0,1.0000000000000002,0.0,0.0,0,0,25,0.0,0.0,1.0,4.643856189774724,1.0,24.999999999999993,0.9999999999999997,24.999999999999986,0.9999999999999994,26.296227604864242,31.999926908815173,5.0,2.321928094887362,1.0,4.999999999999999,0.9999999999999998,4.999999999999999,0.9999999999999998,0.2,0.2,1.0,1.0,0.0,5.0,2.321928094887362,1.0,4.999999999999999,0.9999999999999998,4.999999999999999,0.9999999999999998,0.2,0.2,1.0,1.0,0.0,19.45500757939779,24.976874816836666,30.307820549213318,0.6419137775943698,19.28491641665434,26.020076423389952,28.49584273460655,31.67104664700421,1.8942387843258324,1.0836475544247048,0.9897224683435023
kx=5|ky=5|x=uniform|y=uniform|N=50|K=300,42,300,uniform,uniform,uniform,uniform,uniform|uniform,True,2.0,5.0,5.0,25.0,16.0,2.772588722239781,3.2188758248682006,50.0,0.04000000000000001,0.04000000000000001,1.0,2.0000000000000004,0.08000000000000002,0.4,624.9999999999999,125.0,2.0000000000000004,0.0,0.0,0,0,25,0.0,0.0,1.0,4.643856189774724,1.0,24.999999999999993,0.9999999999999997,24.999999999999986,0.9999999999999994,26.296227604864242,31.999926908815173,5.0,2.321928094887362,1.0,4.999999999999999,0.9999999999999998,4.999999999999999,0.9999999999999998,0.2,0.2,1.0,1.0,0.0,5.0,2.321928094887362,1.0,4.999999999999999,0.9999999999999998,4.999999999999999,0.9999999999999998,0.2,0.2,1.0,1.0,0.0,18.684324067925694,35.6350532870719,19.593289958790066,0.9536083070900206,18.385268607075698,26.463610703341764,29.46665579181904,34.9679064574929,1.2245806224243792,1.1205658938838945,1.0927495727454342
kx=5|ky=5|x=uniform|y=uniform|N=125|K=300,42,300,uniform,uniform,uniform,uniform,uniform|uniform,True,5.0,5.0,5.0,25.0,16.0,2.772588722239781,3.2188758248682006,125.0,0.04000000000000001,0.04000000000000001,1.0,5.000000000000001,0.20000000000000004,1.0,624.9999999999999,125.0,5.000000000000001,0.0,0.0,0,0,0,0.0,0.0,0.0,4.643856189774724,1.0,24.999999999999993,0.9999999999999997,24.999999999999986,0.9999999999999994,26.296227604864242,31.999926908815173,5.0,2.321928094887362,1.0,4.999999999999999,0.9999999999999998,4.999999999999999,0.9999999999999998,0.2,0.2,1.0,1.0,0.0,5.0,2.321928094887362,1.0,4.999999999999999,0.9999999999999998,4.999999999999999,0.9999999999999998,0.2,0.2,1.0,1.0,0.0,16.722192518375493,40.54153306871861,13.794827252715514,1.2122074609585072,15.793856772311386,25.465828552959813,28.63596836392873,33.939257597189616,0.8621767032947196,1.0889762894595454,1.0606042224377772
kx=5|ky=5|x=one_rare_0p8|y=one_rare_0p8|N=20|K=300,42,300,one_rare_0p8,one_rare_0p8,one_rare,one_rare,one_rare|one_rare,True,0.5,5.0,5.0,25.0,16.0,2.772588722239781,3.2188758248682006,20.0,0.0256,0.04409999999999999,1.7226562499999996,0.512,0.03125148788927336,0.1586243408884918,639.9695294784581,126.08405423767468,0.8,0.11341957503006259,0.1417744687875782,0,25,25,0.0,1.0,1.0,4.628619109281132,0.9967188733089662,24.737350946013713,0.9894940378405486,24.50740123517303,0.9802960494069213,26.296227604864242,31.999926908815173,5.0,2.314309554640566,0.9967188733089662,4.973665745304333,0.9947331490608666,4.9504950495049505,0.9900990099009901,0.16,0.21,0.8,1.3125,0.04000000000000026,5.0,2.314309554640566,0.9967188733089662,4.973665745304333,0.9947331490608666,4.9504950495049505,0.9900990099009901,0.16,0.21,0.8,1.3125,0.04000000000000026,18.579710459951734,22.043072012842735,31.321010118237258,0.5932027859195175,18.213602430495424,25.1020047189837,27.12962634349958,29.02450658752175,1.9575631323898286,1.0316927108769465,0.9070179025792159
kx=5|ky=5|x=one_rare_0p8|y=one_rare_0p8|N=39|K=300,42,300,one_rare_0p8,one_rare_0p8,one_rare,one_rare,one_rare|one_rare,True,1.0,5.0,5.0,25.0,16.0,2.772588722239781,3.2188758248682006,39.0,0.0256,0.04409999999999999,1.7226562499999996,0.9984000000000001,0.06094040138408304,0.30931746473255906,639.9695294784581,126.08405423767468,1.56,0.22116817130862196,0.14177446878757818,0,1,25,0.0,0.04,1.0,4.628619109281132,0.9967188733089662,24.737350946013713,0.9894940378405486,24.50740123517303,0.9802960494069213,26.296227604864242,31.999926908815173,5.0,2.314309554640566,0.9967188733089662,4.973665745304333,0.9947331490608666,4.9504950495049505,0.9900990099009901,0.16,0.21,0.8,1.3125,0.04000000000000026,5.0,2.314309554640566,0.9967188733089662,4.973665745304333,0.9947331490608666,4.9504950495049505,0.9900990099009901,0.16,0.21,0.8,1.3125,0.04000000000000026,19.77509145627362,34.038665408272365,22.977060787403765,0.8606449553858737,19.472361431445634,27.341978092518865,29.389282193263305,35.140346526620384,1.4360662992127353,1.117623509914666,1.0981383372141424
kx=5|ky=5|x=one_rare_0p8|y=one_rare_0p8|N=78|K=300,42,300,one_rare_0p8,one_rare_0p8,one_rare,one_rare,one_rare|one_rare,True,2.0,5.0,5.0,25.0,16.0,2.772588722239781,3.2188758248682006,78.0,0.0256,0.04409999999999999,1.7226562499999996,1.9968000000000001,0.12188080276816608,0.6186349294651181,639.9695294784581,126.08405423767468,3.12,0.4423363426172439,0.14177446878757818,0,0,25,0.0,0.0,1.0,4.628619109281132,0.9967188733089662,24.737350946013713,0.9894940378405486,24.50740123517303,0.9802960494069213,26.296227604864242,31.999926908815173,5.0,2.314309554640566,0.9967188733089662,4.973665745304333,0.9947331490608666,4.9504950495049505,0.9900990099009901,0.16,0.21,0.8,1.3125,0.04000000000000026,5.0,2.314309554640566,0.9967188733089662,4.973665745304333,0.9947331490608666,4.9504950495049505,0.9900990099009901,0.16,0.21,0.8,1.3125,0.04000000000000026,17.75228965323491,39.05945368462672,16.136620367344648,1.100124390926359,17.05801596122894,26.645197501300895,28.530296656806165,33.215102379043344,1.0085387729590405,1.0849577774238868,1.037974320181757
kx=5|ky=5|x=one_rare_0p8|y=one_rare_0p8|N=195|K=300,42,300,one_rare_0p8,one_rare_0p8,one_rare,one_rare,one_rare|one_rare,True,5.0,5.0,5.0,25.0,16.0,2.772588722239781,3.2188758248682006,195.0,0.0256,0.04409999999999999,1.7226562499999996,4.992,0.3047020069204152,1.5465873236627952,639.9695294784581,126.08405423767468,7.799999999999999,1.1058408565431102,0.14177446878757824,0,0,1,0.0,0.0,0.04,4.628619109281132,0.9967188733089662,24.737350946013713,0.9894940378405486,24.50740123517303,0.9802960494069213,26.296227604864242,31.999926908815173,5.0,2.314309554640566,0.9967188733089662,4.973665745304333,0.9947331490608666,4.9504950495049505,0.9900990099009901,0.16,0.21,0.8,1.3125,0.04000000000000026,5.0,2.314309554640566,0.9967188733089662,4.973665745304333,0.9947331490608666,4.9504950495049505,0.9900990099009901,0.16,0.21,0.8,1.3125,0.04000000000000026,16.35419998868217,30.22900788206744,17.69557626986993,0.9241970840208403,15.714948949925237,24.26631510446888,26.303783488178187,30.603779178949885,1.1059735168668707,1.0002873371582983,0.9563702837870957
kx=5|ky=5|x=one_rare_0p5|y=one_rare_0p5|N=50|K=300,42,300,one_rare_0p5,one_rare_0p5,one_rare,one_rare,one_rare|one_rare,True,0.5,5.0,5.0,25.0,16.0,2.772588722239781,3.2188758248682006,50.0,0.010000000000000002,0.050625,5.062499999999999,0.5000000000000001,0.06480000000000001,0.371900826446281,771.6049382716049,134.44444444444446,2.0,0.7180703308172535,0.35903516540862673,0,1,25,0.0,0.04,1.0,4.537991187178562,0.9772032125307271,23.231190568388612,0.9292476227355445,22.145328719723178,0.8858131487889271,26.296227604864242,31.999926908815173,5.0,2.268995593589281,0.9772032125307271,4.819874538656438,0.9639749077312876,4.705882352941176,0.9411764705882352,0.1,0.225,0.5,2.25,0.10000000000000009,5.0,2.268995593589281,0.9772032125307271,4.819874538656438,0.9639749077312876,4.705882352941176,0.9411764705882352,0.1,0.225,0.5,2.25,0.10000000000000009,18.779455022103427,31.006048433556295,22.74833129303448,0.8255311029276984,17.986032426385265,26.21118360001218,29.046805411670164,32.32261653058651,1.421770705814655,1.1045997109599524,1.0100840737133823
kx=5|ky=5|x=one_rare_0p5|y=one_rare_0p5|N=100|K=300,42,300,one_rare_0p5,one_rare_0p5,one_rare,one_rare,one_rare|one_rare,True,1.0,5.0,5.0,25.0,16.0,2.772588722239781,3.2188758248682006,100.0,0.010000000000000002,0.050625,5.062499999999999,1.0000000000000002,0.12960000000000002,0.743801652892562,771.6049382716049,134.44444444444446,4.0,1.436140661634507,0.35903516540862673,0,0,9,0.0,0.0,0.36,4.537991187178562,0.9772032125307271,23.231190568388612,0.9292476227355445,22.145328719723178,0.8858131487889271,26.296227604864242,31.999926908815173,5.0,2.268995593589281,0.9772032125307271,4.819874538656438,0.9639749077312876,4.705882352941176,0.9411764705882352,0.1,0.225,0.5,2.25,0.10000000000000009,5.0,2.268995593589281,0.9772032125307271,4.819874538656438,0.9639749077312876,4.705882352941176,0.9411764705882352,0.1,0.225,0.5,2.25,0.10000000000000009,16.93845988117225,30.753737973758653,18.658637424230882,0.9078079763303221,16.452954567674993,25.11241392059049,26.871446952033963,30.549703868154722,1.1661648390144301,1.0218745956953657,0.9546804264649446
kx=5|ky=5|x=one_rare_0p5|y=one_rare_0p5|N=200|K=300,42,300,one_rare_0p5,one_rare_0p5,one_rare,one_rare,one_rare|one_rare,True,2.0,5.0,5.0,25.0,16.0,2.772588722239781,3.2188758248682006,200.0,0.010000000000000002,0.050625,5.062499999999999,2.0000000000000004,0.25920000000000004,1.487603305785124,771.6049382716049,134.44444444444446,8.0,2.872281323269014,0.35903516540862673,0,0,9,0.0,0.0,0.36,4.537991187178562,0.9772032125307271,23.231190568388612,0.9292476227355445,22.145328719723178,0.8858131487889271,26.296227604864242,31.999926908815173,5.0,2.268995593589281,0.9772032125307271,4.819874538656438,0.9639749077312876,4.705882352941176,0.9411764705882352,0.1,0.225,0.5,2.25,0.10000000000000009,5.0,2.268995593589281,0.9772032125307271,4.819874538656438,0.9639749077312876,4.705882352941176,0.9411764705882352,0.1,0.225,0.5,2.25,0.10000000000000009,16.386172402104766,30.940593965033752,17.356269649829066,0.9441068116999521,15.75911295924956,23.831624083792885,26.88454580476201,30.96529609572407,1.0847668531143166,1.0223727223820096,0.9676677132407422
kx=5|ky=5|x=one_rare_0p5|y=one_rare_0p5|N=500|K=300,42,300,one_rare_0p5,one_rare_0p5,one_rare,one_rare,one_rare|one_rare,True,5.0,5.0,5.0,25.0,16.0,2.772588722239781,3.2188758248682006,500.0,0.010000000000000002,0.050625,5.062499999999999,5.000000000000001,0.648,3.7190082644628095,771.6049382716049,134.44444444444446,20.0,7.180703308172536,0.3590351654086268,0,0,0,0.0,0.0,0.0,4.537991187178562,0.9772032125307271,23.231190568388612,0.9292476227355445,22.145328719723178,0.8858131487889271,26.296227604864242,31.999926908815173,5.0,2.268995593589281,0.9772032125307271,4.819874538656438,0.9639749077312876,4.705882352941176,0.9411764705882352,0.1,0.225,0.5,2.25,0.10000000000000009,5.0,2.268995593589281,0.9772032125307271,4.819874538656438,0.9639749077312876,4.705882352941176,0.9411764705882352,0.1,0.225,0.5,2.25,0.10000000000000009,16.16025267846111,34.94482347396467,14.946635333629873,1.081196691947157,15.549364586771866,24.22847001411843,27.14655345509395,31.033301906006937,0.934164708351867,1.0323364196190794,0.9697928996662191
kx=5|ky=5|x=one_rare_0p2|y=one_rare_0p2|N=312|K=300,42,300,one_rare_0p2,one_rare_0p2,one_rare,one_rare,one_rare|one_rare,True,0.5,5.0,5.0,25.0,16.0,2.772588722239781,3.2188758248682006,312.0,0.0016,0.0576,36.0,0.49920000000000003,0.179712,1.8001766448316499,1736.111111111111,173.31632475943928,12.480000000000002,7.336711677584175,0.5878775382679626,1,1,9,0.04,0.04,0.36,4.32458437816483,0.931248557542997,20.03685782610601,0.8014743130442404,18.57907253269917,0.7431629013079667,26.296227604864242,31.999926908815173,5.0,2.162292189082415,0.931248557542997,4.476254888420231,0.8952509776840462,4.310344827586207,0.8620689655172414,0.04,0.24,0.2,6.0,0.15999999999999992,5.0,2.162292189082415,0.931248557542997,4.476254888420231,0.8952509776840462,4.310344827586207,0.8620689655172414,0.04,0.24,0.2,6.0,0.15999999999999992,16.34852769306677,26.951013062036434,19.834086170768657,0.824264226358012,15.971171376733508,24.066307482731492,26.27381513107807,29.878414561877662,1.239630385673041,0.9991476924324298,0.9337025877283148
kx=5|ky=5|x=one_rare_0p2|y=one_rare_0p2|N=625|K=300,42,300,one_rare_0p2,one_rare_0p2,one_rare,one_rare,one_rare|one_rare,True,1.0,5.0,5.0,25.0,16.0,2.772588722239781,3.2188758248682006,625.0,0.0016,0.0576,36.0,1.0,0.36,3.6061230866018628,1736.111111111111,173.31632475943928,25.0,14.696938456699069,0.5878775382679627,0,0,1,0.0,0.0,0.04,4.32458437816483,0.931248557542997,20.03685782610601,0.8014743130442404,18.57907253269917,0.7431629013079667,26.296227604864242,31.999926908815173,5.0,2.162292189082415,0.931248557542997,4.476254888420231,0.8952509776840462,4.310344827586207,0.8620689655172414,0.04,0.24,0.2,6.0,0.15999999999999992,5.0,2.162292189082415,0.931248557542997,4.476254888420231,0.8952509776840462,4.310344827586207,0.8620689655172414,0.04,0.24,0.2,6.0,0.15999999999999992,17.00557402205342,41.407745869957594,13.967896186754407,1.217475688155501,16.333361244623298,25.779842319948173,29.304926679243167,36.75772506664579,0.8729935116721504,1.1144156157905472,1.1486815320356236
kx=5|ky=5|x=one_rare_0p2|y=one_rare_0p2|N=1250|K=300,42,300,one_rare_0p2,one_rare_0p2,one_rare,one_rare,one_rare|one_rare,True,2.0,5.0,5.0,25.0,16.0,2.772588722239781,3.2188758248682006,1250.0,0.0016,0.0576,36.0,2.0,0.72,7.2122461732037255,1736.111111111111,173.31632475943928,50.0,29.393876913398138,0.5878775382679627,0,0,1,0.0,0.0,0.04,4.32458437816483,0.931248557542997,20.03685782610601,0.8014743130442404,18.57907253269917,0.7431629013079667,26.296227604864242,31.999926908815173,5.0,2.162292189082415,0.931248557542997,4.476254888420231,0.8952509776840462,4.310344827586207,0.8620689655172414,0.04,0.24,0.2,6.0,0.15999999999999992,5.0,2.162292189082415,0.931248557542997,4.476254888420231,0.8952509776840462,4.310344827586207,0.8620689655172414,0.04,0.24,0.2,6.0,0.15999999999999992,16.701597823746955,31.027578210179666,17.980350769024703,0.9288805339948821,15.840550926540732,24.29347241222064,27.28108475101989,30.092051428607807,1.123771923064044,1.0374524118422777,0.9403787550626626
kx=5|ky=5|x=one_rare_0p2|y=one_rare_0p2|N=3125|K=300,42,300,one_rare_0p2,one_rare_0p2,one_rare,one_rare,one_rare|one_rare,True,5.0,5.0,5.0,25.0,16.0,2.772588722239781,3.2188758248682006,3125.0,0.0016,0.0576,36.0,5.0,1.8,18.030615433009313,1736.111111111111,173.31632475943928,125.0,73.48469228349535,0.5878775382679627,0,0,0,0.0,0.0,0.0,4.32458437816483,0.931248557542997,20.03685782610601,0.8014743130442404,18.57907253269917,0.7431629013079667,26.296227604864242,31.999926908815173,5.0,2.162292189082415,0.931248557542997,4.476254888420231,0.8952509776840462,4.310344827586207,0.8620689655172414,0.04,0.24,0.2,6.0,0.15999999999999992,5.0,2.162292189082415,0.931248557542997,4.476254888420231,0.8952509776840462,4.310344827586207,0.8620689655172414,0.04,0.24,0.2,6.0,0.15999999999999992,15.738180508391427,29.57797574131416,16.748294601428114,0.93968854041112,15.007541901102927,22.47587996122474,25.514590527677466,29.21187763325117,1.0467684125892571,0.970275695474959,0.912873261132482
kx=5|ky=5|x=one_rare_0p05|y=one_rare_0p05|N=5000|K=300,42,300,one_rare_0p05,one_rare_0p05,one_rare,one_rare,one_rare|one_rare,True,0.5,5.0,5.0,25.0,16.0,2.772588722239781,3.2188758248682006,5000.0,0.0001,0.06125625,612.5625,0.5,0.3705482041587901,15.363224335964894,13493.521069278648,325.4525150879386,200.0,141.7260231044391,0.7086301155221955,0,1,1,0.0,0.04,0.04,4.121586271791822,0.8875352946689251,17.40688649901013,0.6962754599604053,16.64273839617571,0.6657095358470283,26.296227604864242,31.999926908815173,5.0,2.060793135895911,0.8875352946689251,4.172156097152901,0.8344312194305802,4.07955124936257,0.815910249872514,0.01,0.2475,0.05,24.75,0.19000000000000017,5.0,2.060793135895911,0.8875352946689251,4.172156097152901,0.8344312194305802,4.07955124936257,0.815910249872514,0.01,0.2475,0.05,24.75,0.19000000000000017,15.904780383941095,31.511401223859345,16.055270742442474,0.9906267318119056,15.357389563497264,23.105885198570213,25.884628995423235,32.172519009121025,1.0034544214026546,0.984347617626915,1.005393515453884
kx=5|ky=5|x=one_rare_0p05|y=one_rare_0p05|N=10000|K=300,42,300,one_rare_0p05,one_rare_0p05,one_rare,one_rare,one_rare|one_rare,True,1.0,5.0,5.0,25.0,16.0,2.772588722239781,3.2188758248682006,10000.0,0.0001,0.06125625,612.5625,1.0,0.7410964083175802,30.726448671929788,13493.521069278648,325.4525150879386,400.0,283.4520462088782,0.7086301155221955,0,0,1,0.0,0.0,0.04,4.121586271791822,0.8875352946689251,17.40688649901013,0.6962754599604053,16.64273839617571,0.6657095358470283,26.296227604864242,31.999926908815173,5.0,2.060793135895911,0.8875352946689251,4.172156097152901,0.8344312194305802,4.07955124936257,0.815910249872514,0.01,0.2475,0.05,24.75,0.19000000000000017,5.0,2.060793135895911,0.8875352946689251,4.172156097152901,0.8344312194305802,4.07955124936257,0.815910249872514,0.01,0.2475,0.05,24.75,0.19000000000000017,16.191848514968413,35.421338090563886,14.803278050160817,1.0938015526089853,15.384589796642022,23.15791517088921,26.87416490638307,35.42494192737674,0.925204878135051,1.0219779547927217,1.1070319638017068
kx=5|ky=5|x=one_rare_0p05|y=one_rare_0p05|N=20000|K=300,42,300,one_rare_0p05,one_rare_0p05,one_rare,one_rare,one_rare|one_rare,True,2.0,5.0,5.0,25.0,16.0,2.772588722239781,3.2188758248682006,20000.0,0.0001,0.06125625,612.5625,2.0,1.4821928166351603,61.452897343859576,13493.521069278648,325.4525150879386,800.0,566.9040924177564,0.7086301155221955,0,0,1,0.0,0.0,0.04,4.121586271791822,0.8875352946689251,17.40688649901013,0.6962754599604053,16.64273839617571,0.6657095358470283,26.296227604864242,31.999926908815173,5.0,2.060793135895911,0.8875352946689251,4.172156097152901,0.8344312194305802,4.07955124936257,0.815910249872514,0.01,0.2475,0.05,24.75,0.19000000000000017,5.0,2.060793135895911,0.8875352946689251,4.172156097152901,0.8344312194305802,4.07955124936257,0.815910249872514,0.01,0.2475,0.05,24.75,0.19000000000000017,15.824474706383207,30.324885133697613,16.515412911140555,0.9581640369226694,14.960877298506542,23.07149804324614,25.29486520007567,29.944162073673915,1.0322133069462847,0.9619199217532122,0.9357572021648917
kx=5|ky=5|x=one_rare_0p05|y=one_rare_0p05|N=50000|K=300,42,300,one_rare_0p05,one_rare_0p05,one_rare,one_rare,one_rare|one_rare,True,5.0,5.0,5.0,25.0,16.0,2.772588722239781,3.2188758248682006,50000.0,0.0001,0.06125625,612.5625,5.0,3.705482041587901,153.63224335964892,13493.521069278648,325.4525150879386,2000.0,1417.2602310443908,0.7086301155221955,0,0,0,0.0,0.0,0.0,4.121586271791822,0.8875352946689251,17.40688649901013,0.6962754599604053,16.64273839617571,0.6657095358470283,26.296227604864242,31.999926908815173,5.0,2.060793135895911,0.8875352946689251,4.172156097152901,0.8344312194305802,4.07955124936257,0.815910249872514,0.01,0.2475,0.05,24.75,0.19000000000000017,5.0,2.060793135895911,0.8875352946689251,4.172156097152901,0.8344312194305802,4.07955124936257,0.815910249872514,0.01,0.2475,0.05,24.75,0.19000000000000017,15.861152767839407,29.939894248973964,16.80541454373114,0.9438120509652071,15.051962212298946,22.980309283520782,25.210378800491494,30.361211258929227,1.0503384089831962,0.9587070502777406,0.9487900189723708
kx=5|ky=5|x=two_rare_0p3|y=two_rare_0p3|N=139|K=300,42,300,two_rare_0p3,two_rare_0p3,two_rare,two_rare,two_rare|two_rare,True,0.5,5.0,5.0,25.0,16.0,2.772588722239781,3.2188758248682006,139.0,0.0036,0.08604444444444445,23.901234567901238,0.5004,0.07325326275992439,0.7401416530797937,1897.5264003673094,187.80188822181393,5.56,4.847237351087502,0.8718052789725723,0,4,16,0.0,0.16,0.64,4.088255731843963,0.8803579535571894,17.00934559583808,0.6803738238335232,14.204186762960527,0.5681674705184211,26.296227604864242,31.999926908815173,5.0,2.0441278659219817,0.8803579535571894,4.124238789866329,0.8248477579732658,3.768844221105528,0.7537688442211057,0.06,0.29333333333333333,0.3,4.888888888888889,0.28,5.0,2.0441278659219817,0.8803579535571894,4.124238789866329,0.8248477579732658,3.768844221105528,0.7537688442211057,0.06,0.29333333333333333,0.3,4.888888888888889,0.28,17.105605128917954,32.97056619266457,17.749269158232625,0.9637357446339633,16.501160426019034,24.28211646775429,27.310897633345657,34.34343399176715,1.109329322389539,1.0385861441317052,1.0732347636177382
kx=5|ky=5|x=two_rare_0p3|y=two_rare_0p3|N=278|K=300,42,300,two_rare_0p3,two_rare_0p3,two_rare,two_rare,two_rare|two_rare,True,1.0,5.0,5.0,25.0,16.0,2.772588722239781,3.2188758248682006,278.0,0.0036,0.08604444444444445,23.901234567901238,1.0008,0.14650652551984877,1.4802833061595875,1897.5264003673094,187.80188822181393,11.12,9.694474702175004,0.8718052789725723,0,0,16,0.0,0.0,0.64,4.088255731843963,0.8803579535571894,17.00934559583808,0.6803738238335232,14.204186762960527,0.5681674705184211,26.296227604864242,31.999926908815173,5.0,2.0441278659219817,0.8803579535571894,4.124238789866329,0.8248477579732658,3.768844221105528,0.7537688442211057,0.06,0.29333333333333333,0.3,4.888888888888889,0.28,5.0,2.0441278659219817,0.8803579535571894,4.124238789866329,0.8248477579732658,3.768844221105528,0.7537688442211057,0.06,0.29333333333333333,0.3,4.888888888888889,0.28,17.36009146427995,36.32565842304123,16.5928321044282,1.046240410016985,16.77934588460836,24.727832400348515,28.16857704471596,37.02936894404773,1.0370520065267625,1.071202206947181,1.1571704225939052
kx=5|ky=5|x=two_rare_0p3|y=two_rare_0p3|N=556|K=300,42,300,two_rare_0p3,two_rare_0p3,two_rare,two_rare,two_rare|two_rare,True,2.0,5.0,5.0,25.0,16.0,2.772588722239781,3.2188758248682006,556.0,0.0036,0.08604444444444445,23.901234567901238,2.0016,0.29301305103969755,2.960566612319175,1897.5264003673094,187.80188822181393,22.24,19.388949404350008,0.8718052789725723,0,0,4,0.0,0.0,0.16,4.088255731843963,0.8803579535571894,17.00934559583808,0.6803738238335232,14.204186762960527,0.5681674705184211,26.296227604864242,31.999926908815173,5.0,2.0441278659219817,0.8803579535571894,4.124238789866329,0.8248477579732658,3.768844221105528,0.7537688442211057,0.06,0.29333333333333333,0.3,4.888888888888889,0.28,5.0,2.0441278659219817,0.8803579535571894,4.124238789866329,0.8248477579732658,3.768844221105528,0.7537688442211057,0.06,0.29333333333333333,0.3,4.888888888888889,0.28,16.573819090112366,31.53745032741175,17.420018192974624,0.9514237532080464,16.250895145804904,23.514551704961598,25.935844088962988,30.495713099935358,1.088751137060914,0.9862952389477115,0.9529932111043216
kx=5|ky=5|x=two_rare_0p3|y=two_rare_0p3|N=1389|K=300,42,300,two_rare_0p3,two_rare_0p3,two_rare,two_rare,two_rare|two_rare,True,5.0,5.0,5.0,25.0,16.0,2.772588722239781,3.2188758248682006,1389.0,0.0036,0.08604444444444445,23.901234567901238,5.0004,0.7320056257088847,7.396091770703838,1897.5264003673094,187.80188822181393,55.56000000000001,48.43750129971612,0.8718052789725722,0,0,0,0.0,0.0,0.0,4.088255731843963,0.8803579535571894,17.00934559583808,0.6803738238335232,14.204186762960527,0.5681674705184211,26.296227604864242,31.999926908815173,5.0,2.0441278659219817,0.8803579535571894,4.124238789866329,0.8248477579732658,3.768844221105528,0.7537688442211057,0.06,0.29333333333333333,0.3,4.888888888888889,0.28,5.0,2.0441278659219817,0.8803579535571894,4.124238789866329,0.8248477579732658,3.768844221105528,0.7537688442211057,0.06,0.29333333333333333,0.3,4.888888888888889,0.28,16.06904806089083,31.58099298841121,16.352513404374093,0.9826653348954025,15.372024429463373,23.51320557377497,26.123976356825395,32.064746669362734,1.0220320877733808,0.9934495833156317,1.002025622143834
