configuration,family,description,total_n,total_strata,informative_strata,reference,exact_status,exact_state_count,mean,variance,skewness,fourth_cumulant,lyapunov_ratio,max_variance_share,total_support_width,min_expected_count,fraction_expected_below_1,fraction_expected_below_5,degenerate_fraction,moment_seconds,exact_seconds,reference_sampling_seconds,permutation_seconds,permutations,runtime_speedup_vs_permutation,normal_p_mae,edgeworth_p_mae,chi2_nominal_p_mae,chi2_informative_p_mae,normal_tail_p_mae,edgeworth_tail_p_mae,chi2_nominal_tail_p_mae,chi2_informative_tail_p_mae,normal_tail_max_error,edgeworth_tail_max_error,chi2_nominal_tail_max_error,chi2_informative_tail_max_error,normal_monotonicity_violations,edgeworth_monotonicity_violations,alpha,reference_fpr,normal_fpr,edgeworth_fpr,cornish_fisher_fpr,chi2_nominal_fpr,chi2_informative_fpr,normal_fpr_error_vs_reference,normal_size_distortion,edgeworth_fpr_error_vs_reference,edgeworth_size_distortion,cornish_fisher_fpr_error_vs_reference,cornish_fisher_size_distortion,chi2_nominal_fpr_error_vs_reference,chi2_nominal_size_distortion,chi2_informative_fpr_error_vs_reference,chi2_informative_size_distortion
homogeneous_k5_n3_balanced,homogeneous,"5 equal strata of size 3; p_x=0.50, p_y=0.50",15,5,5,exact_convolution,available,6.0,9.853462641378446,8.54138691410136,0.31622776601683816,-21.88658712491457,0.5270462766947299,0.19999999999999998,10,0.3333333333333333,0.75,1.0,0.0,0.00034795806277543306,0.00020287500228732824,0.0008217080030590296,0.007172291981987655,1000,20.612518430465414,0.12355242688077238,0.13045949159718878,0.5072336293195064,0.5072336293195064,0.029247631344564918,0.022698780870444704,0.03592198084389153,0.03592198084389153,0.03183914195817662,0.024762911935682128,0.039287159419113024,0.039287159419113024,0,0,0.1,0.04526748971193416,0.04526748971193416,0.04526748971193416,0.04526748971193416,0.5390946502057613,0.5390946502057613,0.0,0.05473251028806585,0.0,0.05473251028806585,0.0,0.05473251028806585,0.49382716049382713,0.4390946502057613,0.49382716049382713,0.4390946502057613
homogeneous_k5_n3_balanced,homogeneous,"5 equal strata of size 3; p_x=0.50, p_y=0.50",15,5,5,exact_convolution,available,6.0,9.853462641378446,8.54138691410136,0.31622776601683816,-21.88658712491457,0.5270462766947299,0.19999999999999998,10,0.3333333333333333,0.75,1.0,0.0,0.00034795806277543306,0.00020287500228732824,0.0008217080030590296,0.007172291981987655,1000,20.612518430465414,0.12355242688077238,0.13045949159718878,0.5072336293195064,0.5072336293195064,0.029247631344564918,0.022698780870444704,0.03592198084389153,0.03592198084389153,0.03183914195817662,0.024762911935682128,0.039287159419113024,0.039287159419113024,0,0,0.05,0.04526748971193416,0.04526748971193416,0.04526748971193416,0.04526748971193416,0.20987654320987656,0.20987654320987656,0.0,0.004732510288065844,0.0,0.004732510288065844,0.0,0.004732510288065844,0.16460905349794241,0.15987654320987654,0.16460905349794241,0.15987654320987654
homogeneous_k5_n3_balanced,homogeneous,"5 equal strata of size 3; p_x=0.50, p_y=0.50",15,5,5,exact_convolution,available,6.0,9.853462641378446,8.54138691410136,0.31622776601683816,-21.88658712491457,0.5270462766947299,0.19999999999999998,10,0.3333333333333333,0.75,1.0,0.0,0.00034795806277543306,0.00020287500228732824,0.0008217080030590296,0.007172291981987655,1000,20.612518430465414,0.12355242688077238,0.13045949159718878,0.5072336293195064,0.5072336293195064,0.029247631344564918,0.022698780870444704,0.03592198084389153,0.03592198084389153,0.03183914195817662,0.024762911935682128,0.039287159419113024,0.039287159419113024,0,0,0.01,0.00411522633744856,0.00411522633744856,0.00411522633744856,0.00411522633744856,0.04526748971193416,0.04526748971193416,0.0,0.00588477366255144,0.0,0.00588477366255144,0.0,0.00588477366255144,0.0411522633744856,0.03526748971193416,0.0411522633744856,0.03526748971193416
homogeneous_k5_n3_balanced,homogeneous,"5 equal strata of size 3; p_x=0.50, p_y=0.50",15,5,5,exact_convolution,available,6.0,9.853462641378446,8.54138691410136,0.31622776601683816,-21.88658712491457,0.5270462766947299,0.19999999999999998,10,0.3333333333333333,0.75,1.0,0.0,0.00034795806277543306,0.00020287500228732824,0.0008217080030590296,0.007172291981987655,1000,20.612518430465414,0.12355242688077238,0.13045949159718878,0.5072336293195064,0.5072336293195064,0.029247631344564918,0.022698780870444704,0.03592198084389153,0.03592198084389153,0.03183914195817662,0.024762911935682128,0.039287159419113024,0.039287159419113024,0,0,0.001,0.0,0.00411522633744856,0.0,0.0,0.0,0.0,0.00411522633744856,0.00311522633744856,0.0,0.001,0.0,0.001,0.0,0.001,0.0,0.001
homogeneous_k5_n10_balanced,homogeneous,"5 equal strata of size 10; p_x=0.50, p_y=0.50",50,5,5,exact_convolution,available,21.0,5.972474175533944,15.877980896858999,1.5393106780576904,922.0897700936325,1.6015776340159165,0.2,30,2.5,0.0,1.0,0.0,0.00029170792549848557,0.0003224170068278909,0.0027030830970034003,0.00743449991568923,1000,25.486108760962775,0.11865636045221906,0.16272514708369154,0.21492574603023412,0.21492574603023412,0.033039534414401814,0.0071531709934522444,0.045273332865583556,0.045273332865583556,0.040528102567271504,0.018077965326773915,0.0646616833679603,0.0646616833679603,0,0,0.1,0.09471541899883468,0.09471541899883468,0.09471541899883468,0.09471541899883468,0.09471541899883468,0.09471541899883468,0.0,0.005284581001165328,0.0,0.005284581001165328,0.0,0.005284581001165328,0.0,0.005284581001165328,0.0,0.005284581001165328
homogeneous_k5_n10_balanced,homogeneous,"5 equal strata of size 10; p_x=0.50, p_y=0.50",50,5,5,exact_convolution,available,21.0,5.972474175533944,15.877980896858999,1.5393106780576904,922.0897700936325,1.6015776340159165,0.2,30,2.5,0.0,1.0,0.0,0.00029170792549848557,0.0003224170068278909,0.0027030830970034003,0.00743449991568923,1000,25.486108760962775,0.11865636045221906,0.16272514708369154,0.21492574603023412,0.21492574603023412,0.033039534414401814,0.0071531709934522444,0.045273332865583556,0.045273332865583556,0.040528102567271504,0.018077965326773915,0.0646616833679603,0.0646616833679603,0,0,0.05,0.04551517003138004,0.04551517003138004,0.04551517003138004,0.04551517003138004,0.09471541899883468,0.09471541899883468,0.0,0.004484829968619965,0.0,0.004484829968619965,0.0,0.004484829968619965,0.04920024896745464,0.044715418998834675,0.04920024896745464,0.044715418998834675
homogeneous_k5_n10_balanced,homogeneous,"5 equal strata of size 10; p_x=0.50, p_y=0.50",50,5,5,exact_convolution,available,21.0,5.972474175533944,15.877980896858999,1.5393106780576904,922.0897700936325,1.6015776340159165,0.2,30,2.5,0.0,1.0,0.0,0.00029170792549848557,0.0003224170068278909,0.0027030830970034003,0.00743449991568923,1000,25.486108760962775,0.11865636045221906,0.16272514708369154,0.21492574603023412,0.21492574603023412,0.033039534414401814,0.0071531709934522444,0.045273332865583556,0.045273332865583556,0.040528102567271504,0.018077965326773915,0.0646616833679603,0.0646616833679603,0,0,0.01,0.007876979571277235,0.04551517003138004,0.02362105924086272,0.007569478015230643,0.04551517003138004,0.04551517003138004,0.037638190460102805,0.035515170031380036,0.015744079669585485,0.013621059240862718,0.00030750155604659154,0.002430521984769357,0.037638190460102805,0.035515170031380036,0.037638190460102805,0.035515170031380036
homogeneous_k5_n10_balanced,homogeneous,"5 equal strata of size 10; p_x=0.50, p_y=0.50",50,5,5,exact_convolution,available,21.0,5.972474175533944,15.877980896858999,1.5393106780576904,922.0897700936325,1.6015776340159165,0.2,30,2.5,0.0,1.0,0.0,0.00029170792549848557,0.0003224170068278909,0.0027030830970034003,0.00743449991568923,1000,25.486108760962775,0.11865636045221906,0.16272514708369154,0.21492574603023412,0.21492574603023412,0.033039534414401814,0.0071531709934522444,0.045273332865583556,0.045273332865583556,0.040528102567271504,0.018077965326773915,0.0646616833679603,0.0646616833679603,0,0,0.001,0.0006814431597869931,0.02362105924086272,0.007569478015230643,0.0006814431597869931,0.007569478015230643,0.007569478015230643,0.022939616081075725,0.022621059240862718,0.00688803485544365,0.006569478015230643,0.0,0.0003185568402130069,0.00688803485544365,0.006569478015230643,0.00688803485544365,0.006569478015230643
homogeneous_k5_n10_x_skew,homogeneous,"5 equal strata of size 10; p_x=0.10, p_y=0.50",50,5,0,exact_convolution,available,1.0,7.488176162235431,0.0,0.0,0.0,0.0,0.0,10,0.5,0.5,1.0,1.0,0.0002542500151321292,0.0002102500293403864,0.0010142920073121786,0.007455417071469128,1000,29.323172577176372,0.0,0.0,0.8132093058369304,0.0,0.0,0.0,0.0,0.0,0.0,0.0,0.0,0.0,0,0,0.1,0.0,0.0,0.0,0.0,0.0,0.0,0.0,0.1,0.0,0.1,0.0,0.1,0.0,0.1,0.0,0.1
homogeneous_k5_n10_x_skew,homogeneous,"5 equal strata of size 10; p_x=0.10, p_y=0.50",50,5,0,exact_convolution,available,1.0,7.488176162235431,0.0,0.0,0.0,0.0,0.0,10,0.5,0.5,1.0,1.0,0.0002542500151321292,0.0002102500293403864,0.0010142920073121786,0.007455417071469128,1000,29.323172577176372,0.0,0.0,0.8132093058369304,0.0,0.0,0.0,0.0,0.0,0.0,0.0,0.0,0.0,0,0,0.05,0.0,0.0,0.0,0.0,0.0,0.0,0.0,0.05,0.0,0.05,0.0,0.05,0.0,0.05,0.0,0.05
homogeneous_k5_n10_x_skew,homogeneous,"5 equal strata of size 10; p_x=0.10, p_y=0.50",50,5,0,exact_convolution,available,1.0,7.488176162235431,0.0,0.0,0.0,0.0,0.0,10,0.5,0.5,1.0,1.0,0.0002542500151321292,0.0002102500293403864,0.0010142920073121786,0.007455417071469128,1000,29.323172577176372,0.0,0.0,0.8132093058369304,0.0,0.0,0.0,0.0,0.0,0.0,0.0,0.0,0.0,0,0,0.01,0.0,0.0,0.0,0.0,0.0,0.0,0.0,0.01,0.0,0.01,0.0,0.01,0.0,0.01,0.0,0.01
homogeneous_k5_n10_x_skew,homogeneous,"5 equal strata of size 10; p_x=0.10, p_y=0.50",50,5,0,exact_convolution,available,1.0,7.488176162235431,0.0,0.0,0.0,0.0,0.0,10,0.5,0.5,1.0,1.0,0.0002542500151321292,0.0002102500293403864,0.0010142920073121786,0.007455417071469128,1000,29.323172577176372,0.0,0.0,0.8132093058369304,0.0,0.0,0.0,0.0,0.0,0.0,0.0,0.0,0.0,0,0,0.001,0.0,0.0,0.0,0.0,0.0,0.0,0.0,0.001,0.0,0.001,0.0,0.001,0.0,0.001,0.0,0.001
homogeneous_k5_n10_both_skew,homogeneous,"5 equal strata of size 10; p_x=0.10, p_y=0.10",50,5,5,exact_convolution,available,6.0,4.252897575859247,17.741502572957316,1.1925695879998877,321.7556005139454,1.222383827699885,0.19999999999999998,10,0.1,0.75,0.75,0.0,0.00028416700661182404,0.00020274997223168612,0.0010652500204741955,0.007272541988641024,1000,25.592492511192244,0.1992667765413207,0.22188082128705328,0.10351155376804058,0.10351155376804058,0.06240218303217788,0.03900455225925995,0.057663310434537034,0.057663310434537034,0.06878634066125724,0.042750816106713635,0.06362261712572018,0.06362261712572018,0,0,0.1,0.08146,0.08146,0.08146,0.08146,0.08146,0.08146,0.0,0.01854,0.0,0.01854,0.0,0.01854,0.0,0.01854,0.0,0.01854
homogeneous_k5_n10_both_skew,homogeneous,"5 equal strata of size 10; p_x=0.10, p_y=0.10",50,5,5,exact_convolution,available,6.0,4.252897575859247,17.741502572957316,1.1925695879998877,321.7556005139454,1.222383827699885,0.19999999999999998,10,0.1,0.75,0.75,0.0,0.00028416700661182404,0.00020274997223168612,0.0010652500204741955,0.007272541988641024,1000,25.592492511192244,0.1992667765413207,0.22188082128705328,0.10351155376804058,0.10351155376804058,0.06240218303217788,0.03900455225925995,0.057663310434537034,0.057663310434537034,0.06878634066125724,0.042750816106713635,0.06362261712572018,0.06362261712572018,0,0,0.05,0.00856,0.08146,0.08146,0.08146,0.08146,0.08146,0.0729,0.03146,0.0729,0.03146,0.0729,0.03146,0.0729,0.03146,0.0729,0.03146
homogeneous_k5_n10_both_skew,homogeneous,"5 equal strata of size 10; p_x=0.10, p_y=0.10",50,5,5,exact_convolution,available,6.0,4.252897575859247,17.741502572957316,1.1925695879998877,321.7556005139454,1.222383827699885,0.19999999999999998,10,0.1,0.75,0.75,0.0,0.00028416700661182404,0.00020274997223168612,0.0010652500204741955,0.007272541988641024,1000,25.592492511192244,0.1992667765413207,0.22188082128705328,0.10351155376804058,0.10351155376804058,0.06240218303217788,0.03900455225925995,0.057663310434537034,0.057663310434537034,0.06878634066125724,0.042750816106713635,0.06362261712572018,0.06362261712572018,0,0,0.01,0.00856,0.00856,0.00856,0.00856,0.00856,0.00856,0.0,0.0014400000000000003,0.0,0.0014400000000000003,0.0,0.0014400000000000003,0.0,0.0014400000000000003,0.0,0.0014400000000000003
homogeneous_k5_n10_both_skew,homogeneous,"5 equal strata of size 10; p_x=0.10, p_y=0.10",50,5,5,exact_convolution,available,6.0,4.252897575859247,17.741502572957316,1.1925695879998877,321.7556005139454,1.222383827699885,0.19999999999999998,10,0.1,0.75,0.75,0.0,0.00028416700661182404,0.00020274997223168612,0.0010652500204741955,0.007272541988641024,1000,25.592492511192244,0.1992667765413207,0.22188082128705328,0.10351155376804058,0.10351155376804058,0.06240218303217788,0.03900455225925995,0.057663310434537034,0.057663310434537034,0.06878634066125724,0.042750816106713635,0.06362261712572018,0.06362261712572018,0,0,0.001,0.00046,0.00856,0.00046,0.00046,0.00046,0.00046,0.0081,0.00756,0.0,0.00054,0.0,0.00054,0.0,0.00054,0.0,0.00054
homogeneous_k5_n30_balanced,homogeneous,"5 equal strata of size 30; p_x=0.50, p_y=0.50",150,5,5,exact_convolution,available,792.0,5.266309817868135,11.141282704515657,1.2740265068793792,304.04781748560464,1.3857606036710166,0.19999999999999998,80,7.5,0.0,0.0,0.0,0.00026999996043741703,0.0012171670095995069,0.004202957963570952,0.007989417063072324,1000,29.590437902764734,0.04379963811028654,0.053367307035081205,0.06488029061981446,0.06488029061981446,0.02140141680047411,0.0072810579800878005,0.01291329925807719,0.01291329925807719,0.03291140006137047,0.020366783723961765,0.025104943919125697,0.025104943919125697,0,0,0.1,0.0892689942060201,0.0892689942060201,0.0892689942060201,0.0892689942060201,0.13328925802873798,0.13328925802873798,0.0,0.010731005793979911,0.0,0.010731005793979911,0.0,0.010731005793979911,0.044020263822717884,0.03328925802873797,0.044020263822717884,0.03328925802873797
homogeneous_k5_n30_balanced,homogeneous,"5 equal strata of size 30; p_x=0.50, p_y=0.50",150,5,5,exact_convolution,available,792.0,5.266309817868135,11.141282704515657,1.2740265068793792,304.04781748560464,1.3857606036710166,0.19999999999999998,80,7.5,0.0,0.0,0.0,0.00026999996043741703,0.0012171670095995069,0.004202957963570952,0.007989417063072324,1000,29.590437902764734,0.04379963811028654,0.053367307035081205,0.06488029061981446,0.06488029061981446,0.02140141680047411,0.0072810579800878005,0.01291329925807719,0.01291329925807719,0.03291140006137047,0.020366783723961765,0.025104943919125697,0.025104943919125697,0,0,0.05,0.04092873523199113,0.06308760190674288,0.03984424180910256,0.04092873523199113,0.06308760190674288,0.06308760190674288,0.022158866674751754,0.01308760190674288,0.0010844934228885703,0.010155758190897445,0.0,0.009071264768008874,0.022158866674751754,0.01308760190674288,0.022158866674751754,0.01308760190674288
homogeneous_k5_n30_balanced,homogeneous,"5 equal strata of size 30; p_x=0.50, p_y=0.50",150,5,5,exact_convolution,available,792.0,5.266309817868135,11.141282704515657,1.2740265068793792,304.04781748560464,1.3857606036710166,0.19999999999999998,80,7.5,0.0,0.0,0.0,0.00026999996043741703,0.0012171670095995069,0.004202957963570952,0.007989417063072324,1000,29.590437902764734,0.04379963811028654,0.053367307035081205,0.06488029061981446,0.06488029061981446,0.02140141680047411,0.0072810579800878005,0.01291329925807719,0.01291329925807719,0.03291140006137047,0.020366783723961765,0.025104943919125697,0.025104943919125697,0,0,0.01,0.00966756935370814,0.028870030875212786,0.012589025080954112,0.008703271933494655,0.012589025080954112,0.012589025080954112,0.019202461521504646,0.018870030875212787,0.0029214557272459717,0.0025890250809541115,0.0009642974202134849,0.001296728066505345,0.0029214557272459717,0.0025890250809541115,0.0029214557272459717,0.0025890250809541115
homogeneous_k5_n30_balanced,homogeneous,"5 equal strata of size 30; p_x=0.50, p_y=0.50",150,5,5,exact_convolution,available,792.0,5.266309817868135,11.141282704515657,1.2740265068793792,304.04781748560464,1.3857606036710166,0.19999999999999998,80,7.5,0.0,0.0,0.0,0.00026999996043741703,0.0012171670095995069,0.004202957963570952,0.007989417063072324,1000,29.590437902764734,0.04379963811028654,0.053367307035081205,0.06488029061981446,0.06488029061981446,0.02140141680047411,0.0072810579800878005,0.01291329925807719,0.01291329925807719,0.03291140006137047,0.020366783723961765,0.025104943919125697,0.025104943919125697,0,0,0.001,0.0009619656807228498,0.010683981692276273,0.00461359990477844,0.0011112340965068307,0.0018053634574318545,0.0018053634574318545,0.009722016011553423,0.009683981692276272,0.00365163422405559,0.00361359990477844,0.00014926841578398096,0.00011123409650683072,0.0008433977767090047,0.0008053634574318545,0.0008433977767090047,0.0008053634574318545
homogeneous_k5_n30_x_skew,homogeneous,"5 equal strata of size 30; p_x=0.10, p_y=0.50",150,5,5,exact_convolution,available,6.0,6.497046145895968,14.731050666458497,0.591680209306911,-10.831645348962091,0.6994323163897428,0.19999999999999998,20,1.5,0.0,0.5,0.0,0.00024654099252074957,0.00020233297254890203,0.001140250009484589,0.008174541988410056,1000,33.15692820422982,0.13694933251765865,0.1496954290761516,0.2664577240271251,0.2664577240271251,0.049933319943798814,0.0358641437962798,0.05644576746545342,0.05644576746545342,0.05620773640759125,0.04040224642980253,0.06393991741268695,0.06393991741268695,0,0,0.1,0.07813855284265162,0.07813855284265162,0.07813855284265162,0.07813855284265162,0.31276895129083215,0.31276895129083215,0.0,0.02186144715734839,0.0,0.02186144715734839,0.0,0.02186144715734839,0.23463039844818054,0.21276895129083215,0.23463039844818054,0.21276895129083215
homogeneous_k5_n30_x_skew,homogeneous,"5 equal strata of size 30; p_x=0.10, p_y=0.50",150,5,5,exact_convolution,available,6.0,6.497046145895968,14.731050666458497,0.591680209306911,-10.831645348962091,0.6994323163897428,0.19999999999999998,20,1.5,0.0,0.5,0.0,0.00024654099252074957,0.00020233297254890203,0.001140250009484589,0.008174541988410056,1000,33.15692820422982,0.13694933251765865,0.1496954290761516,0.2664577240271251,0.2664577240271251,0.049933319943798814,0.0358641437962798,0.05644576746545342,0.05644576746545342,0.05620773640759125,0.04040224642980253,0.06393991741268695,0.06393991741268695,0,0,0.05,0.010356437735399425,0.07813855284265162,0.07813855284265162,0.07813855284265162,0.07813855284265162,0.07813855284265162,0.06778211510725218,0.028138552842651612,0.06778211510725218,0.028138552842651612,0.06778211510725218,0.028138552842651612,0.06778211510725218,0.028138552842651612,0.06778211510725218,0.028138552842651612
homogeneous_k5_n30_x_skew,homogeneous,"5 equal strata of size 30; p_x=0.10, p_y=0.50",150,5,5,exact_convolution,available,6.0,6.497046145895968,14.731050666458497,0.591680209306911,-10.831645348962091,0.6994323163897428,0.19999999999999998,20,1.5,0.0,0.5,0.0,0.00024654099252074957,0.00020233297254890203,0.001140250009484589,0.008174541988410056,1000,33.15692820422982,0.13694933251765865,0.1496954290761516,0.2664577240271251,0.2664577240271251,0.049933319943798814,0.0358641437962798,0.05644576746545342,0.05644576746545342,0.05620773640759125,0.04040224642980253,0.06393991741268695,0.06393991741268695,0,0,0.01,0.0005656877754629938,0.010356437735399425,0.010356437735399425,0.010356437735399425,0.010356437735399425,0.010356437735399425,0.00979074995993643,0.00035643773539942476,0.00979074995993643,0.00035643773539942476,0.00979074995993643,0.00035643773539942476,0.00979074995993643,0.00035643773539942476,0.00979074995993643,0.00035643773539942476
homogeneous_k5_n30_x_skew,homogeneous,"5 equal strata of size 30; p_x=0.10, p_y=0.50",150,5,5,exact_convolution,available,6.0,6.497046145895968,14.731050666458497,0.591680209306911,-10.831645348962091,0.6994323163897428,0.19999999999999998,20,1.5,0.0,0.5,0.0,0.00024654099252074957,0.00020233297254890203,0.001140250009484589,0.008174541988410056,1000,33.15692820422982,0.13694933251765865,0.1496954290761516,0.2664577240271251,0.2664577240271251,0.049933319943798814,0.0358641437962798,0.05644576746545342,0.05644576746545342,0.05620773640759125,0.04040224642980253,0.06393991741268695,0.06393991741268695,0,0,0.001,0.0005656877754629938,0.0005656877754629938,0.0005656877754629938,0.0005656877754629938,0.0005656877754629938,0.0005656877754629938,0.0,0.00043431222453700624,0.0,0.00043431222453700624,0.0,0.00043431222453700624,0.0,0.00043431222453700624,0.0,0.00043431222453700624
homogeneous_k5_n30_both_skew,homogeneous,"5 equal strata of size 30; p_x=0.10, p_y=0.10",150,5,5,exact_convolution,available,56.0,4.992518194589445,4.805725381936851,2.9227998406974023,271.83741599546386,2.947477947676354,0.2,20,0.3,0.25,0.75,0.0,0.0002841249806806445,0.0003668329445645213,0.0012659579515457153,0.024496834026649594,1000,86.21851541517199,0.13693059360087118,0.19475207890518684,0.18536926268011716,0.18536926268011716,0.055909755418347806,0.01579460371720576,0.013697953234469698,0.013697953234469698,0.08289782372279877,0.06063706877725704,0.11260155654185076,0.11260155654185076,0,0,0.1,0.0981611522114986,0.09698757494528765,0.09698757494528765,0.09698757494528765,0.09698757494528765,0.09698757494528765,0.0011735772662109512,0.0030124250547123588,0.0011735772662109512,0.0030124250547123588,0.0011735772662109512,0.0030124250547123588,0.0011735772662109512,0.0030124250547123588,0.0011735772662109512,0.0030124250547123588
homogeneous_k5_n30_both_skew,homogeneous,"5 equal strata of size 30; p_x=0.10, p_y=0.10",150,5,5,exact_convolution,available,56.0,4.992518194589445,4.805725381936851,2.9227998406974023,271.83741599546386,2.947477947676354,0.2,20,0.3,0.25,0.75,0.0,0.0002841249806806445,0.0003668329445645213,0.0012659579515457153,0.024496834026649594,1000,86.21851541517199,0.13693059360087118,0.19475207890518684,0.18536926268011716,0.18536926268011716,0.055909755418347806,0.01579460371720576,0.013697953234469698,0.013697953234469698,0.08289782372279877,0.06063706877725704,0.11260155654185076,0.11260155654185076,0,0,0.05,0.03141561523831762,0.09698757494528765,0.07011382096702123,0.07011382096702123,0.03141561523831762,0.03141561523831762,0.06557195970697002,0.046987574945287644,0.03869820572870362,0.02011382096702123,0.03869820572870362,0.02011382096702123,0.0,0.018584384761682386,0.0,0.018584384761682386
homogeneous_k5_n30_both_skew,homogeneous,"5 equal strata of size 30; p_x=0.10, p_y=0.10",150,5,5,exact_convolution,available,56.0,4.992518194589445,4.805725381936851,2.9227998406974023,271.83741599546386,2.947477947676354,0.2,20,0.3,0.25,0.75,0.0,0.0002841249806806445,0.0003668329445645213,0.0012659579515457153,0.024496834026649594,1000,86.21851541517199,0.13693059360087118,0.19475207890518684,0.18536926268011716,0.18536926268011716,0.055909755418347806,0.01579460371720576,0.013697953234469698,0.013697953234469698,0.08289782372279877,0.06063706877725704,0.11260155654185076,0.11260155654185076,0,0,0.01,0.005503296682377682,0.07011382096702123,0.005503296682377682,0.005051920810758083,0.005051920810758083,0.005051920810758083,0.06461052428464355,0.06011382096702123,0.0,0.0044967033176223185,0.00045137587161959893,0.0049480791892419175,0.00045137587161959893,0.0049480791892419175,0.00045137587161959893,0.0049480791892419175
homogeneous_k5_n30_both_skew,homogeneous,"5 equal strata of size 30; p_x=0.10, p_y=0.10",150,5,5,exact_convolution,available,56.0,4.992518194589445,4.805725381936851,2.9227998406974023,271.83741599546386,2.947477947676354,0.2,20,0.3,0.25,0.75,0.0,0.0002841249806806445,0.0003668329445645213,0.0012659579515457153,0.024496834026649594,1000,86.21851541517199,0.13693059360087118,0.19475207890518684,0.18536926268011716,0.18536926268011716,0.055909755418347806,0.01579460371720576,0.013697953234469698,0.013697953234469698,0.08289782372279877,0.06063706877725704,0.11260155654185076,0.11260155654185076,0,0,0.001,0.0009761601553048173,0.010518584144817668,0.005051920810758083,0.001307934895777242,0.001307934895777242,0.001307934895777242,0.00954242398951285,0.009518584144817668,0.004075760655453266,0.004051920810758083,0.00033177474047242476,0.00030793489577724204,0.00033177474047242476,0.00030793489577724204,0.00033177474047242476,0.00030793489577724204
homogeneous_k20_n3_balanced,homogeneous,"20 equal strata of size 3; p_x=0.50, p_y=0.50",60,20,20,conditional_monte_carlo,not_attempted,,39.41385056551378,34.16554765640544,0.15811388300841908,-87.54634849965828,0.26352313834736496,0.049999999999999996,40,0.3333333333333333,0.75,1.0,0.0,0.0009622080251574516,0.0,0.0030330419540405273,0.027645124937407672,1000,28.73092326670622,0.06364099560828432,0.06726196111152258,0.549251660869046,0.549251660869046,0.029516564728696446,0.02546293493664012,0.06963953873720855,0.06963953873720855,0.03967685099667108,0.03515879117996655,0.0962560667576148,0.0962560667576148,0,0,0.1,0.09660000000000002,0.09660000000000002,0.09660000000000002,0.09660000000000002,0.9817000000000009,0.9817000000000009,0.0,0.0033999999999999864,0.0,0.0033999999999999864,0.0,0.0033999999999999864,0.8851000000000009,0.8817000000000009,0.8851000000000009,0.8817000000000009
homogeneous_k20_n3_balanced,homogeneous,"20 equal strata of size 3; p_x=0.50, p_y=0.50",60,20,20,conditional_monte_carlo,not_attempted,,39.41385056551378,34.16554765640544,0.15811388300841908,-87.54634849965828,0.26352313834736496,0.049999999999999996,40,0.3333333333333333,0.75,1.0,0.0,0.0009622080251574516,0.0,0.0030330419540405273,0.027645124937407672,1000,28.73092326670622,0.06364099560828432,0.06726196111152258,0.549251660869046,0.549251660869046,0.029516564728696446,0.02546293493664012,0.06963953873720855,0.06963953873720855,0.03967685099667108,0.03515879117996655,0.0962560667576148,0.0962560667576148,0,0,0.05,0.0377,0.0377,0.0377,0.0377,0.9382500000000007,0.9382500000000007,0.0,0.012300000000000005,0.0,0.012300000000000005,0.0,0.012300000000000005,0.9005500000000007,0.8882500000000007,0.9005500000000007,0.8882500000000007
homogeneous_k20_n3_balanced,homogeneous,"20 equal strata of size 3; p_x=0.50, p_y=0.50",60,20,20,conditional_monte_carlo,not_attempted,,39.41385056551378,34.16554765640544,0.15811388300841908,-87.54634849965828,0.26352313834736496,0.049999999999999996,40,0.3333333333333333,0.75,1.0,0.0,0.0009622080251574516,0.0,0.0030330419540405273,0.027645124937407672,1000,28.73092326670622,0.06364099560828432,0.06726196111152258,0.549251660869046,0.549251660869046,0.029516564728696446,0.02546293493664012,0.06963953873720855,0.06963953873720855,0.03967685099667108,0.03515879117996655,0.0962560667576148,0.0962560667576148,0,0,0.01,0.00355,0.013150000000000002,0.013150000000000002,0.013150000000000002,0.5228499999999998,0.5228499999999998,0.009600000000000001,0.0031500000000000018,0.009600000000000001,0.0031500000000000018,0.009600000000000001,0.0031500000000000018,0.5192999999999998,0.5128499999999998,0.5192999999999998,0.5128499999999998
homogeneous_k20_n3_balanced,homogeneous,"20 equal strata of size 3; p_x=0.50, p_y=0.50",60,20,20,conditional_monte_carlo,not_attempted,,39.41385056551378,34.16554765640544,0.15811388300841908,-87.54634849965828,0.26352313834736496,0.049999999999999996,40,0.3333333333333333,0.75,1.0,0.0,0.0009622080251574516,0.0,0.0030330419540405273,0.027645124937407672,1000,28.73092326670622,0.06364099560828432,0.06726196111152258,0.549251660869046,0.549251660869046,0.029516564728696446,0.02546293493664012,0.06963953873720855,0.06963953873720855,0.03967685099667108,0.03515879117996655,0.0962560667576148,0.0962560667576148,0,0,0.001,0.001,0.001,0.001,0.001,0.19335000000000005,0.19335000000000005,0.0,0.0,0.0,0.0,0.0,0.0,0.19235000000000005,0.19235000000000005,0.19235000000000005,0.19235000000000005
homogeneous_k20_n10_balanced,homogeneous,"20 equal strata of size 10; p_x=0.50, p_y=0.50",200,20,20,conditional_monte_carlo,not_attempted,,23.889896702135776,63.511923587435994,0.7696553390288452,3688.35908037453,0.8007888170079582,0.05,120,2.5,0.0,1.0,0.0,0.0008979999693110585,0.0,0.010620250017382205,0.028869375004433095,1000,32.148525602491446,0.04049129983045137,0.05991493052209122,0.20321483125269063,0.20321483125269063,0.021330649484159615,0.007508266682361069,0.04322388366476408,0.04322388366476408,0.03500635535853794,0.012749489206039397,0.06924480447846236,0.06924480447846236,0,0,0.1,0.08605,0.11215000000000003,0.11200000000000002,0.11215000000000003,0.30089999999999995,0.30089999999999995,0.026100000000000026,0.012150000000000022,0.025950000000000015,0.01200000000000001,0.026100000000000026,0.012150000000000022,0.21484999999999993,0.20089999999999994,0.21484999999999993,0.20089999999999994
homogeneous_k20_n10_balanced,homogeneous,"20 equal strata of size 10; p_x=0.50, p_y=0.50",200,20,20,conditional_monte_carlo,not_attempted,,23.889896702135776,63.511923587435994,0.7696553390288452,3688.35908037453,0.8007888170079582,0.05,120,2.5,0.0,1.0,0.0,0.0008979999693110585,0.0,0.010620250017382205,0.028869375004433095,1000,32.148525602491446,0.04049129983045137,0.05991493052209122,0.20321483125269063,0.20321483125269063,0.021330649484159615,0.007508266682361069,0.04322388366476408,0.04322388366476408,0.03500635535853794,0.012749489206039397,0.06924480447846236,0.06924480447846236,0,0,0.05,0.0437,0.0668,0.0437,0.06590000000000001,0.18685000000000007,0.18685000000000007,0.023099999999999996,0.016799999999999995,0.0,0.0063,0.02220000000000001,0.01590000000000001,0.14315000000000005,0.13685000000000008,0.14315000000000005,0.13685000000000008
homogeneous_k20_n10_balanced,homogeneous,"20 equal strata of size 10; p_x=0.50, p_y=0.50",200,20,20,conditional_monte_carlo,not_attempted,,23.889896702135776,63.511923587435994,0.7696553390288452,3688.35908037453,0.8007888170079582,0.05,120,2.5,0.0,1.0,0.0,0.0008979999693110585,0.0,0.010620250017382205,0.028869375004433095,1000,32.148525602491446,0.04049129983045137,0.05991493052209122,0.20321483125269063,0.20321483125269063,0.021330649484159615,0.007508266682361069,0.04322388366476408,0.04322388366476408,0.03500635535853794,0.012749489206039397,0.06924480447846236,0.06924480447846236,0,0,0.01,0.00915,0.02025,0.00915,0.008700000000000001,0.0668,0.0668,0.0111,0.01025,0.0,0.0008500000000000001,0.000449999999999999,0.001299999999999999,0.05765,0.056799999999999996,0.05765,0.056799999999999996
homogeneous_k20_n10_balanced,homogeneous,"20 equal strata of size 10; p_x=0.50, p_y=0.50",200,20,20,conditional_monte_carlo,not_attempted,,23.889896702135776,63.511923587435994,0.7696553390288452,3688.35908037453,0.8007888170079582,0.05,120,2.5,0.0,1.0,0.0,0.0008979999693110585,0.0,0.010620250017382205,0.028869375004433095,1000,32.148525602491446,0.04049129983045137,0.05991493052209122,0.20321483125269063,0.20321483125269063,0.021330649484159615,0.007508266682361069,0.04322388366476408,0.04322388366476408,0.03500635535853794,0.012749489206039397,0.06924480447846236,0.06924480447846236,0,0,0.001,0.0008500000000000001,0.008700000000000001,0.00185,0.0008500000000000001,0.018500000000000003,0.018500000000000003,0.007850000000000001,0.007700000000000001,0.001,0.0008500000000000001,0.0,0.00014999999999999996,0.017650000000000002,0.0175,0.017650000000000002,0.0175
homogeneous_k20_n10_x_skew,homogeneous,"20 equal strata of size 10; p_x=0.10, p_y=0.50",200,20,0,exact_convolution,available,1.0,29.952704648941722,0.0,0.0,0.0,0.0,0.0,40,0.5,0.5,1.0,1.0,0.0009161250200122595,0.0007682499708607793,0.00398545793723315,0.029003000003285706,1000,31.65834287868002,0.0,0.0,0.9293763520507894,0.0,0.0,0.0,0.0,0.0,0.0,0.0,0.0,0.0,0,0,0.1,0.0,0.0,0.0,0.0,1.0,0.0,0.0,0.1,0.0,0.1,0.0,0.1,1.0,0.9,0.0,0.1
homogeneous_k20_n10_x_skew,homogeneous,"20 equal strata of size 10; p_x=0.10, p_y=0.50",200,20,0,exact_convolution,available,1.0,29.952704648941722,0.0,0.0,0.0,0.0,0.0,40,0.5,0.5,1.0,1.0,0.0009161250200122595,0.0007682499708607793,0.00398545793723315,0.029003000003285706,1000,31.65834287868002,0.0,0.0,0.9293763520507894,0.0,0.0,0.0,0.0,0.0,0.0,0.0,0.0,0.0,0,0,0.05,0.0,0.0,0.0,0.0,0.0,0.0,0.0,0.05,0.0,0.05,0.0,0.05,0.0,0.05,0.0,0.05
homogeneous_k20_n10_x_skew,homogeneous,"20 equal strata of size 10; p_x=0.10, p_y=0.50",200,20,0,exact_convolution,available,1.0,29.952704648941722,0.0,0.0,0.0,0.0,0.0,40,0.5,0.5,1.0,1.0,0.0009161250200122595,0.0007682499708607793,0.00398545793723315,0.029003000003285706,1000,31.65834287868002,0.0,0.0,0.9293763520507894,0.0,0.0,0.0,0.0,0.0,0.0,0.0,0.0,0.0,0,0,0.01,0.0,0.0,0.0,0.0,0.0,0.0,0.0,0.01,0.0,0.01,0.0,0.01,0.0,0.01,0.0,0.01
homogeneous_k20_n10_x_skew,homogeneous,"20 equal strata of size 10; p_x=0.10, p_y=0.50",200,20,0,exact_convolution,available,1.0,29.952704648941722,0.0,0.0,0.0,0.0,0.0,40,0.5,0.5,1.0,1.0,0.0009161250200122595,0.0007682499708607793,0.00398545793723315,0.029003000003285706,1000,31.65834287868002,0.0,0.0,0.9293763520507894,0.0,0.0,0.0,0.0,0.0,0.0,0.0,0.0,0.0,0,0,0.001,0.0,0.0,0.0,0.0,0.0,0.0,0.0,0.001,0.0,0.001,0.0,0.001,0.0,0.001,0.0,0.001
homogeneous_k20_n10_both_skew,homogeneous,"20 equal strata of size 10; p_x=0.10, p_y=0.10",200,20,20,conditional_monte_carlo,not_attempted,,17.01159030343699,70.96601029182926,0.5962847939999438,1287.0224020557816,0.6111919138499425,0.049999999999999996,40,0.1,0.75,0.75,0.0,0.0007910000858828425,0.0,0.003968708100728691,0.028818707913160324,1000,36.433255100086996,0.0932263719525401,0.10710240575974352,0.0461123944763822,0.0461123944763822,0.02629009712021569,0.015856547412196206,0.023543222841014823,0.023543222841014823,0.03247634066126597,0.019458578383998094,0.02912630140188174,0.02912630140188174,0,0,0.1,0.04515,0.13210000000000002,0.13210000000000002,0.13210000000000002,0.13210000000000002,0.13210000000000002,0.08695000000000003,0.03210000000000002,0.08695000000000003,0.03210000000000002,0.08695000000000003,0.03210000000000002,0.08695000000000003,0.03210000000000002,0.08695000000000003,0.03210000000000002
homogeneous_k20_n10_both_skew,homogeneous,"20 equal strata of size 10; p_x=0.10, p_y=0.10",200,20,20,conditional_monte_carlo,not_attempted,,17.01159030343699,70.96601029182926,0.5962847939999438,1287.0224020557816,0.6111919138499425,0.049999999999999996,40,0.1,0.75,0.75,0.0,0.0007910000858828425,0.0,0.003968708100728691,0.028818707913160324,1000,36.433255100086996,0.0932263719525401,0.10710240575974352,0.0461123944763822,0.0461123944763822,0.02629009712021569,0.015856547412196206,0.023543222841014823,0.023543222841014823,0.03247634066126597,0.019458578383998094,0.02912630140188174,0.02912630140188174,0,0,0.05,0.04515,0.04515,0.04515,0.04515,0.04515,0.04515,0.0,0.00485,0.0,0.00485,0.0,0.00485,0.0,0.00485,0.0,0.00485
homogeneous_k20_n10_both_skew,homogeneous,"20 equal strata of size 10; p_x=0.10, p_y=0.10",200,20,20,conditional_monte_carlo,not_attempted,,17.01159030343699,70.96601029182926,0.5962847939999438,1287.0224020557816,0.6111919138499425,0.049999999999999996,40,0.1,0.75,0.75,0.0,0.0007910000858828425,0.0,0.003968708100728691,0.028818707913160324,1000,36.433255100086996,0.0932263719525401,0.10710240575974352,0.0461123944763822,0.0461123944763822,0.02629009712021569,0.015856547412196206,0.023543222841014823,0.023543222841014823,0.03247634066126597,0.019458578383998094,0.02912630140188174,0.02912630140188174,0,0,0.01,0.003,0.01145,0.01145,0.01145,0.01145,0.01145,0.00845,0.00145,0.00845,0.00145,0.00845,0.00145,0.00845,0.00145,0.00845,0.00145
homogeneous_k20_n10_both_skew,homogeneous,"20 equal strata of size 10; p_x=0.10, p_y=0.10",200,20,20,conditional_monte_carlo,not_attempted,,17.01159030343699,70.96601029182926,0.5962847939999438,1287.0224020557816,0.6111919138499425,0.049999999999999996,40,0.1,0.75,0.75,0.0,0.0007910000858828425,0.0,0.003968708100728691,0.028818707913160324,1000,36.433255100086996,0.0932263719525401,0.10710240575974352,0.0461123944763822,0.0461123944763822,0.02629009712021569,0.015856547412196206,0.023543222841014823,0.023543222841014823,0.03247634066126597,0.019458578383998094,0.02912630140188174,0.02912630140188174,0,0,0.001,0.00030000000000000003,0.003,0.003,0.00030000000000000003,0.003,0.003,0.0027,0.002,0.0027,0.002,0.0,0.0007,0.0027,0.002,0.0027,0.002
homogeneous_k20_n30_balanced,homogeneous,"20 equal strata of size 30; p_x=0.50, p_y=0.50",600,20,20,conditional_monte_carlo,not_attempted,,21.06523927147254,44.56513081806263,0.6370132534396896,1216.1912699424186,0.6928803018355083,0.049999999999999996,320,7.5,0.0,0.0,0.0,0.0008778750197961926,0.0,0.017063166946172714,0.0320152920903638,1000,36.469077452273865,0.020960041136325408,0.012203511230122838,0.05118427370948425,0.05118427370948425,0.009682665969826773,0.005163660362773938,0.015039026166628878,0.015039026166628878,0.015289596527219396,0.012641472663621173,0.026843067460236472,0.026843067460236472,0,0,0.1,0.0975,0.10680000000000002,0.08820000000000001,0.09080000000000002,0.13550000000000004,0.13550000000000004,0.009300000000000017,0.006800000000000014,0.009299999999999989,0.011799999999999991,0.006699999999999984,0.009199999999999986,0.038000000000000034,0.03550000000000003,0.038000000000000034,0.03550000000000003
homogeneous_k20_n30_balanced,homogeneous,"20 equal strata of size 30; p_x=0.50, p_y=0.50",600,20,20,conditional_monte_carlo,not_attempted,,21.06523927147254,44.56513081806263,0.6370132534396896,1216.1912699424186,0.6928803018355083,0.049999999999999996,320,7.5,0.0,0.0,0.0,0.0008778750197961926,0.0,0.017063166946172714,0.0320152920903638,1000,36.469077452273865,0.020960041136325408,0.012203511230122838,0.05118427370948425,0.05118427370948425,0.009682665969826773,0.005163660362773938,0.015039026166628878,0.015039026166628878,0.015289596527219396,0.012641472663621173,0.026843067460236472,0.026843067460236472,0,0,0.05,0.04975,0.06415000000000001,0.043050000000000005,0.047,0.06825,0.06825,0.01440000000000001,0.01415000000000001,0.006699999999999998,0.006949999999999998,0.0027500000000000024,0.0030000000000000027,0.018500000000000003,0.018250000000000002,0.018500000000000003,0.018250000000000002
homogeneous_k20_n30_balanced,homogeneous,"20 equal strata of size 30; p_x=0.50, p_y=0.50",600,20,20,conditional_monte_carlo,not_attempted,,21.06523927147254,44.56513081806263,0.6370132534396896,1216.1912699424186,0.6928803018355083,0.049999999999999996,320,7.5,0.0,0.0,0.0,0.0008778750197961926,0.0,0.017063166946172714,0.0320152920903638,1000,36.469077452273865,0.020960041136325408,0.012203511230122838,0.05118427370948425,0.05118427370948425,0.009682665969826773,0.005163660362773938,0.015039026166628878,0.015039026166628878,0.015289596527219396,0.012641472663621173,0.026843067460236472,0.026843067460236472,0,0,0.01,0.01,0.021300000000000003,0.01055,0.009800000000000001,0.017050000000000003,0.017050000000000003,0.011300000000000003,0.011300000000000003,0.0005500000000000001,0.0005500000000000001,0.0001999999999999988,0.0001999999999999988,0.0070500000000000024,0.0070500000000000024,0.0070500000000000024,0.0070500000000000024
homogeneous_k20_n30_balanced,homogeneous,"20 equal strata of size 30; p_x=0.50, p_y=0.50",600,20,20,conditional_monte_carlo,not_attempted,,21.06523927147254,44.56513081806263,0.6370132534396896,1216.1912699424186,0.6928803018355083,0.049999999999999996,320,7.5,0.0,0.0,0.0,0.0008778750197961926,0.0,0.017063166946172714,0.0320152920903638,1000,36.469077452273865,0.020960041136325408,0.012203511230122838,0.05118427370948425,0.05118427370948425,0.009682665969826773,0.005163660362773938,0.015039026166628878,0.015039026166628878,0.015289596527219396,0.012641472663621173,0.026843067460236472,0.026843067460236472,0,0,0.001,0.001,0.00525,0.00235,0.0009500000000000001,0.0022,0.0022,0.00425,0.00425,0.00135,0.00135,4.9999999999999914e-05,4.9999999999999914e-05,0.0012000000000000001,0.0012000000000000001,0.0012000000000000001,0.0012000000000000001
homogeneous_k20_n30_x_skew,homogeneous,"20 equal strata of size 30; p_x=0.10, p_y=0.50",600,20,20,conditional_monte_carlo,not_attempted,,25.988184583583873,58.92420266583399,0.2958401046534555,-43.326581395848365,0.3497161581948714,0.049999999999999996,80,1.5,0.0,0.5,0.0,0.0009039170108735561,0.0,0.004550083074718714,0.031767542008310556,1000,35.14431261517031,0.06716539120852424,0.07403381774195528,0.30422639465718804,0.30422639465718804,0.022242445845436498,0.015328010164690471,0.04020484606297105,0.04020484606297105,0.02880122003901729,0.020306335248305385,0.05408963501561026,0.05408963501561026,0,0,0.1,0.05845,0.13615000000000002,0.13615000000000002,0.13615000000000002,0.27990000000000004,0.27990000000000004,0.07770000000000002,0.036150000000000015,0.07770000000000002,0.036150000000000015,0.07770000000000002,0.036150000000000015,0.22145000000000004,0.17990000000000003,0.22145000000000004,0.17990000000000003
homogeneous_k20_n30_x_skew,homogeneous,"20 equal strata of size 30; p_x=0.10, p_y=0.50",600,20,20,conditional_monte_carlo,not_attempted,,25.988184583583873,58.92420266583399,0.2958401046534555,-43.326581395848365,0.3497161581948714,0.049999999999999996,80,1.5,0.0,0.5,0.0,0.0009039170108735561,0.0,0.004550083074718714,0.031767542008310556,1000,35.14431261517031,0.06716539120852424,0.07403381774195528,0.30422639465718804,0.30422639465718804,0.022242445845436498,0.015328010164690471,0.04020484606297105,0.04020484606297105,0.02880122003901729,0.020306335248305385,0.05408963501561026,0.05408963501561026,0,0,0.05,0.020999999999999998,0.05845,0.05845,0.05845,0.27990000000000004,0.27990000000000004,0.037450000000000004,0.00845,0.037450000000000004,0.00845,0.037450000000000004,0.00845,0.2589,0.22990000000000005,0.2589,0.22990000000000005
homogeneous_k20_n30_x_skew,homogeneous,"20 equal strata of size 30; p_x=0.10, p_y=0.50",600,20,20,conditional_monte_carlo,not_attempted,,25.988184583583873,58.92420266583399,0.2958401046534555,-43.326581395848365,0.3497161581948714,0.049999999999999996,80,1.5,0.0,0.5,0.0,0.0009039170108735561,0.0,0.004550083074718714,0.031767542008310556,1000,35.14431261517031,0.06716539120852424,0.07403381774195528,0.30422639465718804,0.30422639465718804,0.022242445845436498,0.015328010164690471,0.04020484606297105,0.04020484606297105,0.02880122003901729,0.020306335248305385,0.05408963501561026,0.05408963501561026,0,0,0.01,0.00595,0.020999999999999998,0.00595,0.00595,0.05845,0.05845,0.015049999999999997,0.010999999999999998,0.0,0.00405,0.0,0.00405,0.052500000000000005,0.04845,0.052500000000000005,0.04845
homogeneous_k20_n30_x_skew,homogeneous,"20 equal strata of size 30; p_x=0.10, p_y=0.50",600,20,20,conditional_monte_carlo,not_attempted,,25.988184583583873,58.92420266583399,0.2958401046534555,-43.326581395848365,0.3497161581948714,0.049999999999999996,80,1.5,0.0,0.5,0.0,0.0009039170108735561,0.0,0.004550083074718714,0.031767542008310556,1000,35.14431261517031,0.06716539120852424,0.07403381774195528,0.30422639465718804,0.30422639465718804,0.022242445845436498,0.015328010164690471,0.04020484606297105,0.04020484606297105,0.02880122003901729,0.020306335248305385,0.05408963501561026,0.05408963501561026,0,0,0.001,0.00015000000000000001,0.0014000000000000002,0.0014000000000000002,0.00015000000000000001,0.00595,0.00595,0.0012500000000000002,0.0004000000000000002,0.0012500000000000002,0.0004000000000000002,0.0,0.0008500000000000001,0.0058000000000000005,0.00495,0.0058000000000000005,0.00495
homogeneous_k20_n30_both_skew,homogeneous,"20 equal strata of size 30; p_x=0.10, p_y=0.10",600,20,20,conditional_monte_carlo,not_attempted,,19.97007277835778,19.222901527747403,1.4613999203487011,1087.3496639818554,1.473738973838177,0.05,80,0.3,0.25,0.75,0.0,0.0008652909891679883,0.0,0.004511332954280078,0.032535208971239626,1000,37.60030946644149,0.057157979342138746,0.05205921713131943,0.08851152882224907,0.08851152882224907,0.01971196514730903,0.010099278417982136,0.04050527270574096,0.04050527270574096,0.03502726610826301,0.034273013089564666,0.07895124562414425,0.07895124562414425,0,0,0.1,0.09445000000000002,0.09445000000000002,0.06935000000000001,0.07755000000000001,0.06000000000000001,0.06000000000000001,0.0,0.0055499999999999855,0.02510000000000001,0.030649999999999997,0.016900000000000012,0.022449999999999998,0.03445000000000001,0.039999999999999994,0.03445000000000001,0.039999999999999994
homogeneous_k20_n30_both_skew,homogeneous,"20 equal strata of size 30; p_x=0.10, p_y=0.10",600,20,20,conditional_monte_carlo,not_attempted,,19.97007277835778,19.222901527747403,1.4613999203487011,1087.3496639818554,1.473738973838177,0.05,80,0.3,0.25,0.75,0.0,0.0008652909891679883,0.0,0.004511332954280078,0.032535208971239626,1000,37.60030946644149,0.057157979342138746,0.05205921713131943,0.08851152882224907,0.08851152882224907,0.01971196514730903,0.010099278417982136,0.04050527270574096,0.04050527270574096,0.03502726610826301,0.034273013089564666,0.07895124562414425,0.07895124562414425,0,0,0.05,0.040350000000000004,0.06795000000000001,0.040350000000000004,0.0511,0.0211,0.0211,0.027600000000000006,0.017950000000000008,0.0,0.009649999999999999,0.010749999999999996,0.0010999999999999968,0.019250000000000003,0.028900000000000002,0.019250000000000003,0.028900000000000002
homogeneous_k20_n30_both_skew,homogeneous,"20 equal strata of size 30; p_x=0.10, p_y=0.10",600,20,20,conditional_monte_carlo,not_attempted,,19.97007277835778,19.222901527747403,1.4613999203487011,1087.3496639818554,1.473738973838177,0.05,80,0.3,0.25,0.75,0.0,0.0008652909891679883,0.0,0.004511332954280078,0.032535208971239626,1000,37.60030946644149,0.057157979342138746,0.05205921713131943,0.08851152882224907,0.08851152882224907,0.01971196514730903,0.010099278417982136,0.04050527270574096,0.04050527270574096,0.03502726610826301,0.034273013089564666,0.07895124562414425,0.07895124562414425,0,0,0.01,0.0097,0.029950000000000004,0.012,0.0102,0.00305,0.00305,0.020250000000000004,0.019950000000000002,0.0023,0.002,0.0005000000000000004,0.00020000000000000052,0.00665,0.00695,0.00665,0.00695
homogeneous_k20_n30_both_skew,homogeneous,"20 equal strata of size 30; p_x=0.10, p_y=0.10",600,20,20,conditional_monte_carlo,not_attempted,,19.97007277835778,19.222901527747403,1.4613999203487011,1087.3496639818554,1.473738973838177,0.05,80,0.3,0.25,0.75,0.0,0.0008652909891679883,0.0,0.004511332954280078,0.032535208971239626,1000,37.60030946644149,0.057157979342138746,0.05205921713131943,0.08851152882224907,0.08851152882224907,0.01971196514730903,0.010099278417982136,0.04050527270574096,0.04050527270574096,0.03502726610826301,0.034273013089564666,0.07895124562414425,0.07895124562414425,0,0,0.001,0.001,0.011800000000000001,0.0048000000000000004,0.001,0.00035000000000000005,0.00035000000000000005,0.0108,0.0108,0.0038000000000000004,0.0038000000000000004,0.0,0.0,0.00065,0.00065,0.00065,0.00065
homogeneous_k100_n3_balanced,homogeneous,"100 equal strata of size 3; p_x=0.50, p_y=0.50",300,100,100,conditional_monte_carlo,not_attempted,,197.06925282756893,170.82773828202718,0.07071067811865481,-437.73174249829145,0.11785113019775792,0.01,200,0.3333333333333333,0.75,1.0,0.0,0.003688500029966235,0.0,0.01573437498882413,0.13492916605900973,1000,36.581039707960876,0.02631601850838887,0.027957563338809943,0.5297274763846905,0.5297274763846905,0.012778157307252978,0.011027478922045895,0.058568528872894716,0.058568528872894716,0.01890039647485961,0.017170781902273807,0.09754999981787998,0.09754999981787998,0,0,0.1,0.09755000000000003,0.09755000000000003,0.09755000000000003,0.09755000000000003,1.0000000000000009,1.0000000000000009,0.0,0.00244999999999998,0.0,0.00244999999999998,0.0,0.00244999999999998,0.9024500000000009,0.9000000000000009,0.9024500000000009,0.9000000000000009
homogeneous_k100_n3_balanced,homogeneous,"100 equal strata of size 3; p_x=0.50, p_y=0.50",300,100,100,conditional_monte_carlo,not_attempted,,197.06925282756893,170.82773828202718,0.07071067811865481,-437.73174249829145,0.11785113019775792,0.01,200,0.3333333333333333,0.75,1.0,0.0,0.003688500029966235,0.0,0.01573437498882413,0.13492916605900973,1000,36.581039707960876,0.02631601850838887,0.027957563338809943,0.5297274763846905,0.5297274763846905,0.012778157307252978,0.011027478922045895,0.058568528872894716,0.058568528872894716,0.01890039647485961,0.017170781902273807,0.09754999981787998,0.09754999981787998,0,0,0.05,0.044750000000000005,0.044750000000000005,0.044750000000000005,0.044750000000000005,1.0000000000000009,1.0000000000000009,0.0,0.005249999999999998,0.0,0.005249999999999998,0.0,0.005249999999999998,0.9552500000000009,0.9500000000000008,0.9552500000000009,0.9500000000000008
homogeneous_k100_n3_balanced,homogeneous,"100 equal strata of size 3; p_x=0.50, p_y=0.50",300,100,100,conditional_monte_carlo,not_attempted,,197.06925282756893,170.82773828202718,0.07071067811865481,-437.73174249829145,0.11785113019775792,0.01,200,0.3333333333333333,0.75,1.0,0.0,0.003688500029966235,0.0,0.01573437498882413,0.13492916605900973,1000,36.581039707960876,0.02631601850838887,0.027957563338809943,0.5297274763846905,0.5297274763846905,0.012778157307252978,0.011027478922045895,0.058568528872894716,0.058568528872894716,0.01890039647485961,0.017170781902273807,0.09754999981787998,0.09754999981787998,0,0,0.01,0.00615,0.01025,0.01025,0.01025,1.0000000000000009,1.0000000000000009,0.0041,0.0002500000000000002,0.0041,0.0002500000000000002,0.0041,0.0002500000000000002,0.9938500000000009,0.9900000000000009,0.9938500000000009,0.9900000000000009
homogeneous_k100_n3_balanced,homogeneous,"100 equal strata of size 3; p_x=0.50, p_y=0.50",300,100,100,conditional_monte_carlo,not_attempted,,197.06925282756893,170.82773828202718,0.07071067811865481,-437.73174249829145,0.11785113019775792,0.01,200,0.3333333333333333,0.75,1.0,0.0,0.003688500029966235,0.0,0.01573437498882413,0.13492916605900973,1000,36.581039707960876,0.02631601850838887,0.027957563338809943,0.5297274763846905,0.5297274763846905,0.012778157307252978,0.011027478922045895,0.058568528872894716,0.058568528872894716,0.01890039647485961,0.017170781902273807,0.09754999981787998,0.09754999981787998,0,0,0.001,0.0008500000000000001,0.00165,0.0008500000000000001,0.0008500000000000001,0.9998000000000009,0.9998000000000009,0.0007999999999999999,0.00065,0.0,0.00014999999999999996,0.0,0.00014999999999999996,0.9989500000000009,0.9988000000000009,0.9989500000000009,0.9988000000000009
homogeneous_k100_n10_balanced,homogeneous,"100 equal strata of size 10; p_x=0.50, p_y=0.50",1000,100,100,conditional_monte_carlo,not_attempted,,119.44948351067887,317.55961793717995,0.344200331462829,18441.795401872652,0.3581236460902869,0.01,600,2.5,0.0,1.0,0.0,0.00372208293993026,0.0,0.05254066700581461,0.1397927919169888,1000,37.55767783068479,0.011488900699052606,0.014109573061405454,0.3163431140595257,0.3163431140595257,0.011013450818328122,0.003695578857043607,0.04860888298541498,0.04860888298541498,0.01777849046706817,0.007807528161799096,0.09182975937362196,0.09182975937362196,0,0,0.1,0.0947,0.1096,0.10540000000000002,0.10540000000000002,0.5208499999999998,0.5208499999999998,0.014899999999999997,0.009599999999999997,0.010700000000000015,0.005400000000000016,0.010700000000000015,0.005400000000000016,0.4261499999999998,0.42084999999999984,0.4261499999999998,0.42084999999999984
homogeneous_k100_n10_balanced,homogeneous,"100 equal strata of size 10; p_x=0.50, p_y=0.50",1000,100,100,conditional_monte_carlo,not_attempted,,119.44948351067887,317.55961793717995,0.344200331462829,18441.795401872652,0.3581236460902869,0.01,600,2.5,0.0,1.0,0.0,0.00372208293993026,0.0,0.05254066700581461,0.1397927919169888,1000,37.55767783068479,0.011488900699052606,0.014109573061405454,0.3163431140595257,0.3163431140595257,0.011013450818328122,0.003695578857043607,0.04860888298541498,0.04860888298541498,0.01777849046706817,0.007807528161799096,0.09182975937362196,0.09182975937362196,0,0,0.05,0.04725,0.06280000000000001,0.04725,0.04725,0.3705499999999998,0.3705499999999998,0.015550000000000008,0.012800000000000006,0.0,0.0027500000000000024,0.0,0.0027500000000000024,0.3232999999999998,0.32054999999999984,0.3232999999999998,0.32054999999999984
homogeneous_k100_n10_balanced,homogeneous,"100 equal strata of size 10; p_x=0.50, p_y=0.50",1000,100,100,conditional_monte_carlo,not_attempted,,119.44948351067887,317.55961793717995,0.344200331462829,18441.795401872652,0.3581236460902869,0.01,600,2.5,0.0,1.0,0.0,0.00372208293993026,0.0,0.05254066700581461,0.1397927919169888,1000,37.55767783068479,0.011488900699052606,0.014109573061405454,0.3163431140595257,0.3163431140595257,0.011013450818328122,0.003695578857043607,0.04860888298541498,0.04860888298541498,0.01777849046706817,0.007807528161799096,0.09182975937362196,0.09182975937362196,0,0,0.01,0.00955,0.01625,0.0106,0.0106,0.18875000000000006,0.18875000000000006,0.006700000000000001,0.00625,0.0010500000000000006,0.0005999999999999998,0.0010500000000000006,0.0005999999999999998,0.17920000000000005,0.17875000000000005,0.17920000000000005,0.17875000000000005
homogeneous_k100_n10_balanced,homogeneous,"100 equal strata of size 10; p_x=0.50, p_y=0.50",1000,100,100,conditional_monte_carlo,not_attempted,,119.44948351067887,317.55961793717995,0.344200331462829,18441.795401872652,0.3581236460902869,0.01,600,2.5,0.0,1.0,0.0,0.00372208293993026,0.0,0.05254066700581461,0.1397927919169888,1000,37.55767783068479,0.011488900699052606,0.014109573061405454,0.3163431140595257,0.3163431140595257,0.011013450818328122,0.003695578857043607,0.04860888298541498,0.04860888298541498,0.01777849046706817,0.007807528161799096,0.09182975937362196,0.09182975937362196,0,0,0.001,0.001,0.0033,0.0013,0.00095,0.06260000000000002,0.06260000000000002,0.0023,0.0023,0.0002999999999999999,0.0002999999999999999,5.000000000000002e-05,5.000000000000002e-05,0.061600000000000016,0.061600000000000016,0.061600000000000016,0.061600000000000016
homogeneous_k100_n10_x_skew,homogeneous,"100 equal strata of size 10; p_x=0.10, p_y=0.50",1000,100,0,exact_convolution,available,1.0,149.7635232447086,0.0,0.0,0.0,0.0,0.0,200,0.5,0.5,1.0,1.0,0.0036771659506484866,0.0033175420248880982,0.019330874900333583,0.1388157500186935,1000,37.750743883128976,0.0,0.0,0.9990559358875856,0.0,0.0,0.0,0.0,0.0,0.0,0.0,0.0,0.0,0,0,0.1,0.0,0.0,0.0,0.0,1.0,0.0,0.0,0.1,0.0,0.1,0.0,0.1,1.0,0.9,0.0,0.1
homogeneous_k100_n10_x_skew,homogeneous,"100 equal strata of size 10; p_x=0.10, p_y=0.50",1000,100,0,exact_convolution,available,1.0,149.7635232447086,0.0,0.0,0.0,0.0,0.0,200,0.5,0.5,1.0,1.0,0.0036771659506484866,0.0033175420248880982,0.019330874900333583,0.1388157500186935,1000,37.750743883128976,0.0,0.0,0.9990559358875856,0.0,0.0,0.0,0.0,0.0,0.0,0.0,0.0,0.0,0,0,0.05,0.0,0.0,0.0,0.0,1.0,0.0,0.0,0.05,0.0,0.05,0.0,0.05,1.0,0.95,0.0,0.05
homogeneous_k100_n10_x_skew,homogeneous,"100 equal strata of size 10; p_x=0.10, p_y=0.50",1000,100,0,exact_convolution,available,1.0,149.7635232447086,0.0,0.0,0.0,0.0,0.0,200,0.5,0.5,1.0,1.0,0.0036771659506484866,0.0033175420248880982,0.019330874900333583,0.1388157500186935,1000,37.750743883128976,0.0,0.0,0.9990559358875856,0.0,0.0,0.0,0.0,0.0,0.0,0.0,0.0,0.0,0,0,0.01,0.0,0.0,0.0,0.0,1.0,0.0,0.0,0.01,0.0,0.01,0.0,0.01,1.0,0.99,0.0,0.01
homogeneous_k100_n10_x_skew,homogeneous,"100 equal strata of size 10; p_x=0.10, p_y=0.50",1000,100,0,exact_convolution,available,1.0,149.7635232447086,0.0,0.0,0.0,0.0,0.0,200,0.5,0.5,1.0,1.0,0.0036771659506484866,0.0033175420248880982,0.019330874900333583,0.1388157500186935,1000,37.750743883128976,0.0,0.0,0.9990559358875856,0.0,0.0,0.0,0.0,0.0,0.0,0.0,0.0,0.0,0,0,0.001,0.0,0.0,0.0,0.0,1.0,0.0,0.0,0.001,0.0,0.001,0.0,0.001,1.0,0.999,0.0,0.001
homogeneous_k100_n10_both_skew,homogeneous,"100 equal strata of size 10; p_x=0.10, p_y=0.10",1000,100,100,conditional_monte_carlo,not_attempted,,85.05795151718493,354.8300514591463,0.26666666666666666,6435.112010278908,0.2733333333333334,0.01,200,0.1,0.75,0.75,0.0,0.003680708003230393,0.0,0.018870375002734363,0.1439970419742167,1000,39.12210418425937,0.04493058338087974,0.05026763690637687,0.19172091461175078,0.19172091461175078,0.017994438926624404,0.011477493760692428,0.030249009542323624,0.030249009542323624,0.025159647727185604,0.017299725649733852,0.05178513254100231,0.05178513254100231,0,0,0.1,0.07295000000000001,0.12755000000000005,0.12755000000000005,0.12755000000000005,0.0396,0.0396,0.05460000000000004,0.027550000000000047,0.05460000000000004,0.027550000000000047,0.05460000000000004,0.027550000000000047,0.03335000000000001,0.0604,0.03335000000000001,0.0604
homogeneous_k100_n10_both_skew,homogeneous,"100 equal strata of size 10; p_x=0.10, p_y=0.10",1000,100,100,conditional_monte_carlo,not_attempted,,85.05795151718493,354.8300514591463,0.26666666666666666,6435.112010278908,0.2733333333333334,0.01,200,0.1,0.75,0.75,0.0,0.003680708003230393,0.0,0.018870375002734363,0.1439970419742167,1000,39.12210418425937,0.04493058338087974,0.05026763690637687,0.19172091461175078,0.19172091461175078,0.017994438926624404,0.011477493760692428,0.030249009542323624,0.030249009542323624,0.025159647727185604,0.017299725649733852,0.05178513254100231,0.05178513254100231,0,0,0.05,0.0396,0.07295000000000001,0.0396,0.0396,0.02105,0.02105,0.03335000000000001,0.022950000000000012,0.0,0.0104,0.0,0.0104,0.018550000000000004,0.028950000000000004,0.018550000000000004,0.028950000000000004
homogeneous_k100_n10_both_skew,homogeneous,"100 equal strata of size 10; p_x=0.10, p_y=0.10",1000,100,100,conditional_monte_carlo,not_attempted,,85.05795151718493,354.8300514591463,0.26666666666666666,6435.112010278908,0.2733333333333334,0.01,200,0.1,0.75,0.75,0.0,0.003680708003230393,0.0,0.018870375002734363,0.1439970419742167,1000,39.12210418425937,0.04493058338087974,0.05026763690637687,0.19172091461175078,0.19172091461175078,0.017994438926624404,0.011477493760692428,0.030249009542323624,0.030249009542323624,0.025159647727185604,0.017299725649733852,0.05178513254100231,0.05178513254100231,0,0,0.01,0.009800000000000001,0.02105,0.009800000000000001,0.009800000000000001,0.004399999999999999,0.004399999999999999,0.011249999999999998,0.011049999999999999,0.0,0.0001999999999999988,0.0,0.0001999999999999988,0.005400000000000002,0.005600000000000001,0.005400000000000002,0.005600000000000001
homogeneous_k100_n10_both_skew,homogeneous,"100 equal strata of size 10; p_x=0.10, p_y=0.10",1000,100,100,conditional_monte_carlo,not_attempted,,85.05795151718493,354.8300514591463,0.26666666666666666,6435.112010278908,0.2733333333333334,0.01,200,0.1,0.75,0.75,0.0,0.003680708003230393,0.0,0.018870375002734363,0.1439970419742167,1000,39.12210418425937,0.04493058338087974,0.05026763690637687,0.19172091461175078,0.19172091461175078,0.017994438926624404,0.011477493760692428,0.030249009542323624,0.030249009542323624,0.025159647727185604,0.017299725649733852,0.05178513254100231,0.05178513254100231,0,0,0.001,0.0007000000000000001,0.0019000000000000002,0.0007000000000000001,0.0007000000000000001,0.0007000000000000001,0.0007000000000000001,0.0012000000000000001,0.0009000000000000002,0.0,0.0002999999999999999,0.0,0.0002999999999999999,0.0,0.0002999999999999999,0.0,0.0002999999999999999
homogeneous_k100_n30_balanced,homogeneous,"100 equal strata of size 30; p_x=0.50, p_y=0.50",3000,100,100,conditional_monte_carlo,not_attempted,,105.32619635736269,222.82565409031312,0.2848809874518896,6080.956349712093,0.3098654910349538,0.01,1600,7.5,0.0,0.0,0.0,0.003881875076331198,0.0,0.08506308402866125,0.154147082939744,1000,39.709439358216045,0.009796061392870254,0.002219543028117746,0.10295470991336364,0.10295470991336364,0.005264067111983345,0.0016260314204645586,0.028322286727254245,0.028322286727254245,0.007855960134154433,0.003636306633997388,0.05217923218187119,0.05217923218187119,0,0,0.1,0.09990000000000002,0.10395000000000001,0.09665000000000001,0.09705000000000001,0.18545000000000006,0.18545000000000006,0.004049999999999998,0.003950000000000009,0.003250000000000003,0.003349999999999992,0.0028500000000000053,0.0029499999999999943,0.08555000000000004,0.08545000000000005,0.08555000000000004,0.08545000000000005
homogeneous_k100_n30_balanced,homogeneous,"100 equal strata of size 30; p_x=0.50, p_y=0.50",3000,100,100,conditional_monte_carlo,not_attempted,,105.32619635736269,222.82565409031312,0.2848809874518896,6080.956349712093,0.3098654910349538,0.01,1600,7.5,0.0,0.0,0.0,0.003881875076331198,0.0,0.08506308402866125,0.154147082939744,1000,39.709439358216045,0.009796061392870254,0.002219543028117746,0.10295470991336364,0.10295470991336364,0.005264067111983345,0.0016260314204645586,0.028322286727254245,0.028322286727254245,0.007855960134154433,0.003636306633997388,0.05217923218187119,0.05217923218187119,0,0,0.05,0.04990000000000001,0.057150000000000006,0.04905000000000001,0.04945000000000001,0.10545000000000002,0.10545000000000002,0.0072499999999999995,0.007150000000000004,0.0008499999999999966,0.0009499999999999925,0.000449999999999999,0.0005499999999999949,0.05555000000000001,0.05545000000000001,0.05555000000000001,0.05545000000000001
homogeneous_k100_n30_balanced,homogeneous,"100 equal strata of size 30; p_x=0.50, p_y=0.50",3000,100,100,conditional_monte_carlo,not_attempted,,105.32619635736269,222.82565409031312,0.2848809874518896,6080.956349712093,0.3098654910349538,0.01,1600,7.5,0.0,0.0,0.0,0.003881875076331198,0.0,0.08506308402866125,0.154147082939744,1000,39.709439358216045,0.009796061392870254,0.002219543028117746,0.10295470991336364,0.10295470991336364,0.005264067111983345,0.0016260314204645586,0.028322286727254245,0.028322286727254245,0.007855960134154433,0.003636306633997388,0.05217923218187119,0.05217923218187119,0,0,0.01,0.01,0.0158,0.010150000000000001,0.009750000000000002,0.026150000000000003,0.026150000000000003,0.005800000000000001,0.005800000000000001,0.00015000000000000083,0.00015000000000000083,0.0002499999999999985,0.0002499999999999985,0.016150000000000005,0.016150000000000005,0.016150000000000005,0.016150000000000005
homogeneous_k100_n30_balanced,homogeneous,"100 equal strata of size 30; p_x=0.50, p_y=0.50",3000,100,100,conditional_monte_carlo,not_attempted,,105.32619635736269,222.82565409031312,0.2848809874518896,6080.956349712093,0.3098654910349538,0.01,1600,7.5,0.0,0.0,0.0,0.003881875076331198,0.0,0.08506308402866125,0.154147082939744,1000,39.709439358216045,0.009796061392870254,0.002219543028117746,0.10295470991336364,0.10295470991336364,0.005264067111983345,0.0016260314204645586,0.028322286727254245,0.028322286727254245,0.007855960134154433,0.003636306633997388,0.05217923218187119,0.05217923218187119,0,0,0.001,0.001,0.0023,0.00095,0.00065,0.00345,0.00345,0.0013,0.0013,5.000000000000002e-05,5.000000000000002e-05,0.00035000000000000005,0.00035000000000000005,0.00245,0.00245,0.00245,0.00245
homogeneous_k100_n30_x_skew,homogeneous,"100 equal strata of size 30; p_x=0.10, p_y=0.50",3000,100,100,conditional_monte_carlo,not_attempted,,129.94092291791935,294.6210133291699,0.1323037168951557,-216.63290697924182,0.15639782051076054,0.01,400,1.5,0.0,0.5,0.0,0.003659582929685712,0.0,0.022559041972272098,0.15562258404679596,1000,42.52467754847708,0.029261856015385494,0.03230164871980496,0.4430675563956041,0.4430675563956041,0.013627985020833787,0.010324280530526338,0.046945129860071044,0.046945129860071044,0.01952503703267945,0.015748031238509208,0.07641423181941062,0.07641423181941062,0,0,0.1,0.07665000000000001,0.11755000000000002,0.11755000000000002,0.11755000000000002,0.7509000000000003,0.7509000000000003,0.040900000000000006,0.01755000000000001,0.040900000000000006,0.01755000000000001,0.040900000000000006,0.01755000000000001,0.6742500000000003,0.6509000000000004,0.6742500000000003,0.6509000000000004
homogeneous_k100_n30_x_skew,homogeneous,"100 equal strata of size 30; p_x=0.10, p_y=0.50",3000,100,100,conditional_monte_carlo,not_attempted,,129.94092291791935,294.6210133291699,0.1323037168951557,-216.63290697924182,0.15639782051076054,0.01,400,1.5,0.0,0.5,0.0,0.003659582929685712,0.0,0.022559041972272098,0.15562258404679596,1000,42.52467754847708,0.029261856015385494,0.03230164871980496,0.4430675563956041,0.4430675563956041,0.013627985020833787,0.010324280530526338,0.046945129860071044,0.046945129860071044,0.01952503703267945,0.015748031238509208,0.07641423181941062,0.07641423181941062,0,0,0.05,0.04920000000000001,0.04920000000000001,0.04920000000000001,0.04920000000000001,0.5739999999999998,0.5739999999999998,0.0,0.0007999999999999952,0.0,0.0007999999999999952,0.0,0.0007999999999999952,0.5247999999999998,0.5239999999999998,0.5247999999999998,0.5239999999999998
homogeneous_k100_n30_x_skew,homogeneous,"100 equal strata of size 30; p_x=0.10, p_y=0.50",3000,100,100,conditional_monte_carlo,not_attempted,,129.94092291791935,294.6210133291699,0.1323037168951557,-216.63290697924182,0.15639782051076054,0.01,400,1.5,0.0,0.5,0.0,0.003659582929685712,0.0,0.022559041972272098,0.15562258404679596,1000,42.52467754847708,0.029261856015385494,0.03230164871980496,0.4430675563956041,0.4430675563956041,0.013627985020833787,0.010324280530526338,0.046945129860071044,0.046945129860071044,0.01952503703267945,0.015748031238509208,0.07641423181941062,0.07641423181941062,0,0,0.01,0.0053,0.010150000000000001,0.010150000000000001,0.010150000000000001,0.39139999999999986,0.39139999999999986,0.004850000000000001,0.00015000000000000083,0.004850000000000001,0.00015000000000000083,0.004850000000000001,0.00015000000000000083,0.38609999999999983,0.38139999999999985,0.38609999999999983,0.38139999999999985
homogeneous_k100_n30_x_skew,homogeneous,"100 equal strata of size 30; p_x=0.10, p_y=0.50",3000,100,100,conditional_monte_carlo,not_attempted,,129.94092291791935,294.6210133291699,0.1323037168951557,-216.63290697924182,0.15639782051076054,0.01,400,1.5,0.0,0.5,0.0,0.003659582929685712,0.0,0.022559041972272098,0.15562258404679596,1000,42.52467754847708,0.029261856015385494,0.03230164871980496,0.4430675563956041,0.4430675563956041,0.013627985020833787,0.010324280530526338,0.046945129860071044,0.046945129860071044,0.01952503703267945,0.015748031238509208,0.07641423181941062,0.07641423181941062,0,0,0.001,0.0005,0.00115,0.00115,0.0005,0.11755000000000002,0.11755000000000002,0.00065,0.00014999999999999996,0.00065,0.00014999999999999996,0.0,0.0005,0.11705000000000002,0.11655000000000001,0.11705000000000002,0.11655000000000001
homogeneous_k100_n30_both_skew,homogeneous,"100 equal strata of size 30; p_x=0.10, p_y=0.10",3000,100,100,conditional_monte_carlo,not_attempted,,99.8503638917889,96.11450763873702,0.6535579128424946,5436.748319909277,0.6590761053185895,0.01,400,0.3,0.25,0.75,0.0,0.0036947920452803373,0.0,0.023488958016969264,0.1552176249679178,1000,42.009840625858786,0.019736541023299387,0.007194114567112083,0.05976503991939905,0.05976503991939905,0.014618635510861285,0.0013077995472413233,0.05025608562676044,0.05025608562676044,0.018983710391302998,0.00439865578954661,0.07480597146105387,0.07480597146105387,0,0,0.1,0.09570000000000002,0.10590000000000002,0.09570000000000002,0.10250000000000002,0.04395,0.04395,0.0102,0.005900000000000016,0.0,0.004299999999999984,0.0068000000000000005,0.002500000000000016,0.05175000000000002,0.05605,0.05175000000000002,0.05605
homogeneous_k100_n30_both_skew,homogeneous,"100 equal strata of size 30; p_x=0.10, p_y=0.10",3000,100,100,conditional_monte_carlo,not_attempted,,99.8503638917889,96.11450763873702,0.6535579128424946,5436.748319909277,0.6590761053185895,0.01,400,0.3,0.25,0.75,0.0,0.0036947920452803373,0.0,0.023488958016969264,0.1552176249679178,1000,42.009840625858786,0.019736541023299387,0.007194114567112083,0.05976503991939905,0.05976503991939905,0.014618635510861285,0.0013077995472413233,0.05025608562676044,0.05025608562676044,0.018983710391302998,0.00439865578954661,0.07480597146105387,0.07480597146105387,0,0,0.05,0.05,0.06665,0.046250000000000006,0.049850000000000005,0.017750000000000002,0.017750000000000002,0.016649999999999998,0.016649999999999998,0.0037499999999999964,0.0037499999999999964,0.00014999999999999736,0.00014999999999999736,0.03225,0.03225,0.03225,0.03225
homogeneous_k100_n30_both_skew,homogeneous,"100 equal strata of size 30; p_x=0.10, p_y=0.10",3000,100,100,conditional_monte_carlo,not_attempted,,99.8503638917889,96.11450763873702,0.6535579128424946,5436.748319909277,0.6590761053185895,0.01,400,0.3,0.25,0.75,0.0,0.0036947920452803373,0.0,0.023488958016969264,0.1552176249679178,1000,42.009840625858786,0.019736541023299387,0.007194114567112083,0.05976503991939905,0.05976503991939905,0.014618635510861285,0.0013077995472413233,0.05025608562676044,0.05025608562676044,0.018983710391302998,0.00439865578954661,0.07480597146105387,0.07480597146105387,0,0,0.01,0.00995,0.022750000000000003,0.011550000000000001,0.00995,0.0026,0.0026,0.012800000000000002,0.012750000000000003,0.0016000000000000007,0.001550000000000001,0.0,4.99999999999997e-05,0.007350000000000001,0.0074,0.007350000000000001,0.0074
homogeneous_k100_n30_both_skew,homogeneous,"100 equal strata of size 30; p_x=0.10, p_y=0.10",3000,100,100,conditional_monte_carlo,not_attempted,,99.8503638917889,96.11450763873702,0.6535579128424946,5436.748319909277,0.6590761053185895,0.01,400,0.3,0.25,0.75,0.0,0.0036947920452803373,0.0,0.023488958016969264,0.1552176249679178,1000,42.009840625858786,0.019736541023299387,0.007194114567112083,0.05976503991939905,0.05976503991939905,0.014618635510861285,0.0013077995472413233,0.05025608562676044,0.05025608562676044,0.018983710391302998,0.00439865578954661,0.07480597146105387,0.07480597146105387,0,0,0.001,0.001,0.0059499999999999996,0.0029,0.00145,5e-05,5e-05,0.0049499999999999995,0.0049499999999999995,0.0018999999999999998,0.0018999999999999998,0.0004499999999999999,0.0004499999999999999,0.00095,0.00095,0.00095,0.00095
few_informative_k20_m2,few_informative,2 informative strata among 20,64,20,2,exact_convolution,available,6.0,3.258773855913413,8.856553489589674,0.9040325774667459,25.272190665315904,1.2058178923517788,0.5,24,0.0,0.475,1.0,0.9,0.0007589580491185188,0.0006177918985486031,0.0009719999507069588,0.0057616670383140445,1000,7.591548762156027,0.11757247903033366,0.13701433958008497,0.3538912675381311,0.2416159106560482,0.04767794690028916,0.02882011256841712,0.8960154642938684,0.05434752365714551,0.054008291201889796,0.03230990747938638,0.9042220055508102,0.06193784320000301,0,0,0.1,0.06999999999999999,0.06999999999999999,0.06999999999999999,0.06999999999999999,0.0,0.28,0.0,0.030000000000000013,0.0,0.030000000000000013,0.0,0.030000000000000013,0.06999999999999999,0.1,0.21000000000000002,0.18000000000000002
few_informative_k20_m2,few_informative,2 informative strata among 20,64,20,2,exact_convolution,available,6.0,3.258773855913413,8.856553489589674,0.9040325774667459,25.272190665315904,1.2058178923517788,0.5,24,0.0,0.475,1.0,0.9,0.0007589580491185188,0.0006177918985486031,0.0009719999507069588,0.0057616670383140445,1000,7.591548762156027,0.11757247903033366,0.13701433958008497,0.3538912675381311,0.2416159106560482,0.04767794690028916,0.02882011256841712,0.8960154642938684,0.05434752365714551,0.054008291201889796,0.03230990747938638,0.9042220055508102,0.06193784320000301,0,0,0.05,0.01,0.06999999999999999,0.06999999999999999,0.06999999999999999,0.0,0.19,0.05999999999999999,0.01999999999999999,0.05999999999999999,0.01999999999999999,0.05999999999999999,0.01999999999999999,0.01,0.05,0.18,0.14
few_informative_k20_m2,few_informative,2 informative strata among 20,64,20,2,exact_convolution,available,6.0,3.258773855913413,8.856553489589674,0.9040325774667459,25.272190665315904,1.2058178923517788,0.5,24,0.0,0.475,1.0,0.9,0.0007589580491185188,0.0006177918985486031,0.0009719999507069588,0.0057616670383140445,1000,7.591548762156027,0.11757247903033366,0.13701433958008497,0.3538912675381311,0.2416159106560482,0.04767794690028916,0.02882011256841712,0.8960154642938684,0.05434752365714551,0.054008291201889796,0.03230990747938638,0.9042220055508102,0.06193784320000301,0,0,0.01,0.01,0.01,0.01,0.01,0.0,0.06999999999999999,0.0,0.0,0.0,0.0,0.0,0.0,0.01,0.01,0.05999999999999999,0.05999999999999999
few_informative_k20_m2,few_informative,2 informative strata among 20,64,20,2,exact_convolution,available,6.0,3.258773855913413,8.856553489589674,0.9040325774667459,25.272190665315904,1.2058178923517788,0.5,24,0.0,0.475,1.0,0.9,0.0007589580491185188,0.0006177918985486031,0.0009719999507069588,0.0057616670383140445,1000,7.591548762156027,0.11757247903033366,0.13701433958008497,0.3538912675381311,0.2416159106560482,0.04767794690028916,0.02882011256841712,0.8960154642938684,0.05434752365714551,0.054008291201889796,0.03230990747938638,0.9042220055508102,0.06193784320000301,0,0,0.001,0.0,0.01,0.0,0.0,0.0,0.0,0.01,0.009000000000000001,0.0,0.001,0.0,0.001,0.0,0.001,0.0,0.001
few_informative_k20_m5,few_informative,5 informative strata among 20,70,20,5,exact_convolution,available,21.0,8.146934639783533,22.141383723974183,0.5717604047575061,63.18047666328976,0.76262619664307,0.2,30,0.0,0.4375,1.0,0.75,0.0008147909538820386,0.0007160831009969115,0.0015884171007201076,0.009205957991071045,1000,11.298552036212024,0.05335549436556841,0.0615251757047103,0.3774295486482604,0.27133171377685117,0.027109922114024756,0.013304107952378984,0.5640113868233165,0.05651847205143597,0.03974375363169411,0.02337921282129185,0.7025307897655393,0.088231639290766,0,0,0.1,0.09874,0.09874,0.09874,0.09874,0.00015999999999999999,0.37144,0.0,0.0012600000000000111,0.0,0.0012600000000000111,0.0,0.0012600000000000111,0.09858,0.09984000000000001,0.2727,0.27144
few_informative_k20_m5,few_informative,5 informative strata among 20,70,20,5,exact_convolution,available,21.0,8.146934639783533,22.141383723974183,0.5717604047575061,63.18047666328976,0.76262619664307,0.2,30,0.0,0.4375,1.0,0.75,0.0008147909538820386,0.0007160831009969115,0.0015884171007201076,0.009205957991071045,1000,11.298552036212024,0.05335549436556841,0.0615251757047103,0.3774295486482604,0.27133171377685117,0.027109922114024756,0.013304107952378984,0.5640113868233165,0.05651847205143597,0.03974375363169411,0.02337921282129185,0.7025307897655393,0.088231639290766,0,0,0.05,0.031509999999999996,0.06391,0.031509999999999996,0.031509999999999996,9.999999999999999e-06,0.24184000000000003,0.0324,0.013909999999999992,0.0,0.018490000000000006,0.0,0.018490000000000006,0.03149999999999999,0.04999,0.21033000000000002,0.19184
few_informative_k20_m5,few_informative,5 informative strata among 20,70,20,5,exact_convolution,available,21.0,8.146934639783533,22.141383723974183,0.5717604047575061,63.18047666328976,0.76262619664307,0.2,30,0.0,0.4375,1.0,0.75,0.0008147909538820386,0.0007160831009969115,0.0015884171007201076,0.009205957991071045,1000,11.298552036212024,0.05335549436556841,0.0615251757047103,0.3774295486482604,0.27133171377685117,0.027109922114024756,0.013304107952378984,0.5640113868233165,0.05651847205143597,0.03974375363169411,0.02337921282129185,0.7025307897655393,0.088231639290766,0,0,0.01,0.007659999999999998,0.02746,0.007659999999999998,0.007659999999999998,0.0,0.09631,0.019799999999999998,0.017459999999999996,0.0,0.002340000000000002,0.0,0.002340000000000002,0.007659999999999998,0.01,0.08865,0.08631000000000001
few_informative_k20_m5,few_informative,5 informative strata among 20,70,20,5,exact_convolution,available,21.0,8.146934639783533,22.141383723974183,0.5717604047575061,63.18047666328976,0.76262619664307,0.2,30,0.0,0.4375,1.0,0.75,0.0008147909538820386,0.0007160831009969115,0.0015884171007201076,0.009205957991071045,1000,11.298552036212024,0.05335549436556841,0.0615251757047103,0.3774295486482604,0.27133171377685117,0.027109922114024756,0.013304107952378984,0.5640113868233165,0.05651847205143597,0.03974375363169411,0.02337921282129185,0.7025307897655393,0.088231639290766,0,0,0.001,0.00045999999999999996,0.004959999999999999,0.0013599999999999999,0.00045999999999999996,0.0,0.007659999999999998,0.004499999999999999,0.003959999999999999,0.0009,0.00035999999999999986,0.0,0.0005400000000000001,0.00045999999999999996,0.001,0.007199999999999998,0.006659999999999998
dominant_stratum_k20,dominant_stratum,one large balanced stratum plus sparse/degenerate strata,93,20,7,exact_convolution,available,56.0,10.859466361316478,18.63684314172464,0.5072161701413069,30.893817470825475,0.6149055295102561,0.1467396818588654,41,0.0,0.55,0.95,0.65,0.0007636669324710965,0.0008019169326871634,0.001889707986265421,0.012443707906641066,1000,16.29467949643353,0.04617091565089215,0.053478211255981845,0.33748072079465014,0.31253967860671816,0.018094099461458357,0.00652924201466901,0.40900985607423435,0.03238694893919855,0.027593046361515244,0.012937807295524524,0.4884189133962068,0.055582975428339614,0,0,0.1,0.06545332400813547,0.10803385946632793,0.10803385946632793,0.10803385946632793,0.00030934696659245034,0.31774489975898096,0.04258053545819246,0.008033859466327925,0.04258053545819246,0.008033859466327925,0.04258053545819246,0.008033859466327925,0.06514397704154302,0.09969065303340756,0.2522915757508455,0.21774489975898095
dominant_stratum_k20,dominant_stratum,one large balanced stratum plus sparse/degenerate strata,93,20,7,exact_convolution,available,56.0,10.859466361316478,18.63684314172464,0.5072161701413069,30.893817470825475,0.6149055295102561,0.1467396818588654,41,0.0,0.55,0.95,0.65,0.0007636669324710965,0.0008019169326871634,0.001889707986265421,0.012443707906641066,1000,16.29467949643353,0.04617091565089215,0.053478211255981845,0.33748072079465014,0.31253967860671816,0.018094099461458357,0.00652924201466901,0.40900985607423435,0.03238694893919855,0.027593046361515244,0.012937807295524524,0.4884189133962068,0.055582975428339614,0,0,0.05,0.04299824989584408,0.06545332400813547,0.05832724266079335,0.05832724266079335,4.4729572339934586e-05,0.2219386949780479,0.02245507411229139,0.015453324008135469,0.01532899276494927,0.00832724266079335,0.01532899276494927,0.00832724266079335,0.04295352032350415,0.04995527042766007,0.17894044508220383,0.17193869497804792
dominant_stratum_k20,dominant_stratum,one large balanced stratum plus sparse/degenerate strata,93,20,7,exact_convolution,available,56.0,10.859466361316478,18.63684314172464,0.5072161701413069,30.893817470825475,0.6149055295102561,0.1467396818588654,41,0.0,0.55,0.95,0.65,0.0007636669324710965,0.0008019169326871634,0.001889707986265421,0.012443707906641066,1000,16.29467949643353,0.04617091565089215,0.053478211255981845,0.33748072079465014,0.31253967860671816,0.018094099461458357,0.00652924201466901,0.40900985607423435,0.03238694893919855,0.027593046361515244,0.012937807295524524,0.4884189133962068,0.055582975428339614,0,0,0.01,0.00678121867684881,0.013805913830662674,0.013780614133571518,0.01061346686808613,2.6760236015328894e-06,0.06545332400813547,0.007024695153813864,0.0038059138306626734,0.0069993954567227085,0.0037806141335715183,0.0038322481912373193,0.000613466868086129,0.006778542653247277,0.009997323976398468,0.05867210533128666,0.05545332400813547
dominant_stratum_k20,dominant_stratum,one large balanced stratum plus sparse/degenerate strata,93,20,7,exact_convolution,available,56.0,10.859466361316478,18.63684314172464,0.5072161701413069,30.893817470825475,0.6149055295102561,0.1467396818588654,41,0.0,0.55,0.95,0.65,0.0007636669324710965,0.0008019169326871634,0.001889707986265421,0.012443707906641066,1000,16.29467949643353,0.04617091565089215,0.053478211255981845,0.33748072079465014,0.31253967860671816,0.018094099461458357,0.00652924201466901,0.40900985607423435,0.03238694893919855,0.027593046361515244,0.012937807295524524,0.4884189133962068,0.055582975428339614,0,0,0.001,0.0008704536396873884,0.003643157457679104,0.002173206881557045,0.00038819981003354744,1.2196523843663824e-07,0.003643157457679104,0.0027727038179917157,0.002643157457679104,0.0013027532418696565,0.0011732068815570448,0.000482253829653841,0.0006118001899664525,0.0008703316744489518,0.0009998780347615635,0.0027727038179917157,0.002643157457679104
heterogeneous_k20_v0,heterogeneous,"unequal sizes and asymmetric, mixed margins",272,20,20,conditional_monte_carlo,not_attempted,,28.29425837064585,39.536407568795774,0.5083039516419153,650.0613450596614,0.5935993388458105,0.08190175444417139,56,0.2,0.4,0.8,0.0,0.0008039589738473296,0.0,0.004858040949329734,0.029794417088851333,1000,37.05962375949452,0.02014640632970416,0.004322841899853184,0.3279798143059681,0.3279798143059681,0.007424620089646297,0.004615508418564356,0.04372584288956852,0.04372584288956852,0.011134850882016996,0.007981757690994198,0.08630264642880582,0.08630264642880582,0,0,0.1,0.09985000000000002,0.10260000000000002,0.09340000000000001,0.09395000000000002,0.45184999999999975,0.45184999999999975,0.0027500000000000024,0.002600000000000019,0.006450000000000011,0.006599999999999995,0.0059000000000000025,0.006049999999999986,0.35199999999999976,0.3518499999999998,0.35199999999999976,0.3518499999999998
heterogeneous_k20_v0,heterogeneous,"unequal sizes and asymmetric, mixed margins",272,20,20,conditional_monte_carlo,not_attempted,,28.29425837064585,39.536407568795774,0.5083039516419153,650.0613450596614,0.5935993388458105,0.08190175444417139,56,0.2,0.4,0.8,0.0,0.0008039589738473296,0.0,0.004858040949329734,0.029794417088851333,1000,37.05962375949452,0.02014640632970416,0.004322841899853184,0.3279798143059681,0.3279798143059681,0.007424620089646297,0.004615508418564356,0.04372584288956852,0.04372584288956852,0.011134850882016996,0.007981757690994198,0.08630264642880582,0.08630264642880582,0,0,0.05,0.05,0.058800000000000005,0.044800000000000006,0.046650000000000004,0.28225,0.28225,0.008800000000000002,0.008800000000000002,0.005199999999999996,0.005199999999999996,0.003349999999999999,0.003349999999999999,0.23225,0.23225,0.23225,0.23225
heterogeneous_k20_v0,heterogeneous,"unequal sizes and asymmetric, mixed margins",272,20,20,conditional_monte_carlo,not_attempted,,28.29425837064585,39.536407568795774,0.5083039516419153,650.0613450596614,0.5935993388458105,0.08190175444417139,56,0.2,0.4,0.8,0.0,0.0008039589738473296,0.0,0.004858040949329734,0.029794417088851333,1000,37.05962375949452,0.02014640632970416,0.004322841899853184,0.3279798143059681,0.3279798143059681,0.007424620089646297,0.004615508418564356,0.04372584288956852,0.04372584288956852,0.011134850882016996,0.007981757690994198,0.08630264642880582,0.08630264642880582,0,0,0.01,0.01,0.016800000000000002,0.00955,0.008950000000000001,0.07695000000000002,0.07695000000000002,0.006800000000000002,0.006800000000000002,0.00045000000000000075,0.00045000000000000075,0.0010499999999999989,0.0010499999999999989,0.06695000000000002,0.06695000000000002,0.06695000000000002,0.06695000000000002
heterogeneous_k20_v0,heterogeneous,"unequal sizes and asymmetric, mixed margins",272,20,20,conditional_monte_carlo,not_attempted,,28.29425837064585,39.536407568795774,0.5083039516419153,650.0613450596614,0.5935993388458105,0.08190175444417139,56,0.2,0.4,0.8,0.0,0.0008039589738473296,0.0,0.004858040949329734,0.029794417088851333,1000,37.05962375949452,0.02014640632970416,0.004322841899853184,0.3279798143059681,0.3279798143059681,0.007424620089646297,0.004615508418564356,0.04372584288956852,0.04372584288956852,0.011134850882016996,0.007981757690994198,0.08630264642880582,0.08630264642880582,0,0,0.001,0.001,0.004600000000000001,0.0019000000000000002,0.001,0.00885,0.00885,0.0036000000000000008,0.0036000000000000008,0.0009000000000000002,0.0009000000000000002,0.0,0.0,0.00785,0.00785,0.00785,0.00785
few_informative_k100_m2,few_informative,2 informative strata among 100,304,100,2,exact_convolution,available,6.0,3.258773855913413,8.856553489589674,0.9040325774667459,25.272190665315904,1.2058178923517788,0.5,104,0.0,0.495,1.0,0.98,0.0032289159717038274,0.0028780419379472733,0.0031590000726282597,0.01812020898796618,1000,5.611855231526681,0.11757247903033366,0.13701433958008497,0.35730000000000006,0.2416159106560482,0.04767794690028916,0.02882011256841712,0.9385714285714287,0.05434752365714551,0.054008291201889796,0.03230990747938638,0.99,0.06193784320000301,0,0,0.1,0.06999999999999999,0.06999999999999999,0.06999999999999999,0.06999999999999999,0.0,0.28,0.0,0.030000000000000013,0.0,0.030000000000000013,0.0,0.030000000000000013,0.06999999999999999,0.1,0.21000000000000002,0.18000000000000002
few_informative_k100_m2,few_informative,2 informative strata among 100,304,100,2,exact_convolution,available,6.0,3.258773855913413,8.856553489589674,0.9040325774667459,25.272190665315904,1.2058178923517788,0.5,104,0.0,0.495,1.0,0.98,0.0032289159717038274,0.0028780419379472733,0.0031590000726282597,0.01812020898796618,1000,5.611855231526681,0.11757247903033366,0.13701433958008497,0.35730000000000006,0.2416159106560482,0.04767794690028916,0.02882011256841712,0.9385714285714287,0.05434752365714551,0.054008291201889796,0.03230990747938638,0.99,0.06193784320000301,0,0,0.05,0.01,0.06999999999999999,0.06999999999999999,0.06999999999999999,0.0,0.19,0.05999999999999999,0.01999999999999999,0.05999999999999999,0.01999999999999999,0.05999999999999999,0.01999999999999999,0.01,0.05,0.18,0.14
few_informative_k100_m2,few_informative,2 informative strata among 100,304,100,2,exact_convolution,available,6.0,3.258773855913413,8.856553489589674,0.9040325774667459,25.272190665315904,1.2058178923517788,0.5,104,0.0,0.495,1.0,0.98,0.0032289159717038274,0.0028780419379472733,0.0031590000726282597,0.01812020898796618,1000,5.611855231526681,0.11757247903033366,0.13701433958008497,0.35730000000000006,0.2416159106560482,0.04767794690028916,0.02882011256841712,0.9385714285714287,0.05434752365714551,0.054008291201889796,0.03230990747938638,0.99,0.06193784320000301,0,0,0.01,0.01,0.01,0.01,0.01,0.0,0.06999999999999999,0.0,0.0,0.0,0.0,0.0,0.0,0.01,0.01,0.05999999999999999,0.05999999999999999
few_informative_k100_m2,few_informative,2 informative strata among 100,304,100,2,exact_convolution,available,6.0,3.258773855913413,8.856553489589674,0.9040325774667459,25.272190665315904,1.2058178923517788,0.5,104,0.0,0.495,1.0,0.98,0.0032289159717038274,0.0028780419379472733,0.0031590000726282597,0.01812020898796618,1000,5.611855231526681,0.11757247903033366,0.13701433958008497,0.35730000000000006,0.2416159106560482,0.04767794690028916,0.02882011256841712,0.9385714285714287,0.05434752365714551,0.054008291201889796,0.03230990747938638,0.99,0.06193784320000301,0,0,0.001,0.0,0.01,0.0,0.0,0.0,0.0,0.01,0.009000000000000001,0.0,0.001,0.0,0.001,0.0,0.001,0.0,0.001
few_informative_k100_m5,few_informative,5 informative strata among 100,310,100,5,exact_convolution,available,21.0,8.146934639783533,22.141383723974183,0.5717604047575061,63.18047666328976,0.76262619664307,0.2,110,0.0,0.4875,1.0,0.95,0.003203334053978324,0.003391207894310355,0.003874083049595356,0.02249325008597225,1000,7.021824669842709,0.05335549436556841,0.0615251757047103,0.43750216619999943,0.27133171377685117,0.027109922114024756,0.013304107952378984,0.9383836965768624,0.05651847205143597,0.03974375363169411,0.02337921282129185,0.9999899999521529,0.088231639290766,0,0,0.1,0.09874,0.09874,0.09874,0.09874,0.0,0.37144,0.0,0.0012600000000000111,0.0,0.0012600000000000111,0.0,0.0012600000000000111,0.09874,0.1,0.2727,0.27144
few_informative_k100_m5,few_informative,5 informative strata among 100,310,100,5,exact_convolution,available,21.0,8.146934639783533,22.141383723974183,0.5717604047575061,63.18047666328976,0.76262619664307,0.2,110,0.0,0.4875,1.0,0.95,0.003203334053978324,0.003391207894310355,0.003874083049595356,0.02249325008597225,1000,7.021824669842709,0.05335549436556841,0.0615251757047103,0.43750216619999943,0.27133171377685117,0.027109922114024756,0.013304107952378984,0.9383836965768624,0.05651847205143597,0.03974375363169411,0.02337921282129185,0.9999899999521529,0.088231639290766,0,0,0.05,0.031509999999999996,0.06391,0.031509999999999996,0.031509999999999996,0.0,0.24184000000000003,0.0324,0.013909999999999992,0.0,0.018490000000000006,0.0,0.018490000000000006,0.031509999999999996,0.05,0.21033000000000002,0.19184
few_informative_k100_m5,few_informative,5 informative strata among 100,310,100,5,exact_convolution,available,21.0,8.146934639783533,22.141383723974183,0.5717604047575061,63.18047666328976,0.76262619664307,0.2,110,0.0,0.4875,1.0,0.95,0.003203334053978324,0.003391207894310355,0.003874083049595356,0.02249325008597225,1000,7.021824669842709,0.05335549436556841,0.0615251757047103,0.43750216619999943,0.27133171377685117,0.027109922114024756,0.013304107952378984,0.9383836965768624,0.05651847205143597,0.03974375363169411,0.02337921282129185,0.9999899999521529,0.088231639290766,0,0,0.01,0.007659999999999998,0.02746,0.007659999999999998,0.007659999999999998,0.0,0.09631,0.019799999999999998,0.017459999999999996,0.0,0.002340000000000002,0.0,0.002340000000000002,0.007659999999999998,0.01,0.08865,0.08631000000000001
few_informative_k100_m5,few_informative,5 informative strata among 100,310,100,5,exact_convolution,available,21.0,8.146934639783533,22.141383723974183,0.5717604047575061,63.18047666328976,0.76262619664307,0.2,110,0.0,0.4875,1.0,0.95,0.003203334053978324,0.003391207894310355,0.003874083049595356,0.02249325008597225,1000,7.021824669842709,0.05335549436556841,0.0615251757047103,0.43750216619999943,0.27133171377685117,0.027109922114024756,0.013304107952378984,0.9383836965768624,0.05651847205143597,0.03974375363169411,0.02337921282129185,0.9999899999521529,0.088231639290766,0,0,0.001,0.00045999999999999996,0.004959999999999999,0.0013599999999999999,0.00045999999999999996,0.0,0.007659999999999998,0.004499999999999999,0.003959999999999999,0.0009,0.00035999999999999986,0.0,0.0005400000000000001,0.00045999999999999996,0.001,0.007199999999999998,0.006659999999999998
dominant_stratum_k100,dominant_stratum,one large balanced stratum plus sparse/degenerate strata,360,100,34,conditional_monte_carlo,not_attempted,,54.98738615115931,92.47548284542142,0.2044418328530546,-103.72703964750406,0.25382292984061605,0.029572859198168037,148,0.0,0.5775,0.99,0.6599999999999999,0.0033732090378180146,0.0,0.006605708971619606,0.05831137497443706,1000,17.286617674947358,0.019463164610460205,0.021620282344669957,0.47415359846101723,0.47236272931836165,0.007779936729630743,0.0028047024481859632,0.9264011255680509,0.04036314999068916,0.01386174139738762,0.00779554974968321,0.9447435743785322,0.07313468797905542,0,0,0.1,0.07345000000000002,0.11575000000000002,0.11280000000000003,0.11280000000000003,0.0,0.8766500000000006,0.042300000000000004,0.015750000000000014,0.03935000000000001,0.01280000000000002,0.03935000000000001,0.01280000000000002,0.07345000000000002,0.1,0.8032000000000006,0.7766500000000006
dominant_stratum_k100,dominant_stratum,one large balanced stratum plus sparse/degenerate strata,360,100,34,conditional_monte_carlo,not_attempted,,54.98738615115931,92.47548284542142,0.2044418328530546,-103.72703964750406,0.25382292984061605,0.029572859198168037,148,0.0,0.5775,0.99,0.6599999999999999,0.0033732090378180146,0.0,0.006605708971619606,0.05831137497443706,1000,17.286617674947358,0.019463164610460205,0.021620282344669957,0.47415359846101723,0.47236272931836165,0.007779936729630743,0.0028047024481859632,0.9264011255680509,0.04036314999068916,0.01386174139738762,0.00779554974968321,0.9447435743785322,0.07313468797905542,0,0,0.05,0.04335000000000001,0.05745,0.055400000000000005,0.055400000000000005,0.0,0.7696500000000003,0.014099999999999994,0.007449999999999998,0.012049999999999998,0.005400000000000002,0.012049999999999998,0.005400000000000002,0.04335000000000001,0.05,0.7263000000000003,0.7196500000000002
dominant_stratum_k100,dominant_stratum,one large balanced stratum plus sparse/degenerate strata,360,100,34,conditional_monte_carlo,not_attempted,,54.98738615115931,92.47548284542142,0.2044418328530546,-103.72703964750406,0.25382292984061605,0.029572859198168037,148,0.0,0.5775,0.99,0.6599999999999999,0.0033732090378180146,0.0,0.006605708971619606,0.05831137497443706,1000,17.286617674947358,0.019463164610460205,0.021620282344669957,0.47415359846101723,0.47236272931836165,0.007779936729630743,0.0028047024481859632,0.9264011255680509,0.04036314999068916,0.01386174139738762,0.00779554974968321,0.9447435743785322,0.07313468797905542,0,0,0.01,0.009600000000000001,0.01225,0.012150000000000001,0.012150000000000001,0.0,0.46494999999999975,0.0026499999999999996,0.0022500000000000003,0.00255,0.002150000000000001,0.00255,0.002150000000000001,0.009600000000000001,0.01,0.45534999999999975,0.45494999999999974
dominant_stratum_k100,dominant_stratum,one large balanced stratum plus sparse/degenerate strata,360,100,34,conditional_monte_carlo,not_attempted,,54.98738615115931,92.47548284542142,0.2044418328530546,-103.72703964750406,0.25382292984061605,0.029572859198168037,148,0.0,0.5775,0.99,0.6599999999999999,0.0033732090378180146,0.0,0.006605708971619606,0.05831137497443706,1000,17.286617674947358,0.019463164610460205,0.021620282344669957,0.47415359846101723,0.47236272931836165,0.007779936729630743,0.0028047024481859632,0.9264011255680509,0.04036314999068916,0.01386174139738762,0.00779554974968321,0.9447435743785322,0.07313468797905542,0,0,0.001,0.00075,0.00215,0.0013,0.00075,0.0,0.14250000000000004,0.0014,0.00115,0.0005499999999999999,0.0002999999999999999,0.0,0.00025,0.00075,0.001,0.14175000000000004,0.14150000000000004
heterogeneous_k100_v0,heterogeneous,"unequal sizes and asymmetric, mixed margins",1360,100,100,conditional_monte_carlo,not_attempted,,141.47129185322925,197.6820378439789,0.22732043782061767,3250.3067252983074,0.2654656946116327,0.016380350888834275,280,0.2,0.4,0.8,0.0,0.00392362498678267,0.0,0.025516459019854665,0.14606112497858703,1000,37.22606657634617,0.007898451334257562,0.001465264472532037,0.48040376587313016,0.48040376587313016,0.004158915636323854,0.0013892932526103747,0.04997500851546827,0.04997500851546827,0.006080237659504609,0.00338419083669448,0.09986496528991526,0.09986496528991526,0,0,0.1,0.10000000000000002,0.10345000000000001,0.09960000000000002,0.10015000000000002,0.9567500000000009,0.9567500000000009,0.0034499999999999947,0.0034500000000000086,0.0003999999999999976,0.0003999999999999837,0.00014999999999999736,0.00015000000000001124,0.8567500000000009,0.8567500000000009,0.8567500000000009,0.8567500000000009
heterogeneous_k100_v0,heterogeneous,"unequal sizes and asymmetric, mixed margins",1360,100,100,conditional_monte_carlo,not_attempted,,141.47129185322925,197.6820378439789,0.22732043782061767,3250.3067252983074,0.2654656946116327,0.016380350888834275,280,0.2,0.4,0.8,0.0,0.00392362498678267,0.0,0.025516459019854665,0.14606112497858703,1000,37.22606657634617,0.007898451334257562,0.001465264472532037,0.48040376587313016,0.48040376587313016,0.004158915636323854,0.0013892932526103747,0.04997500851546827,0.04997500851546827,0.006080237659504609,0.00338419083669448,0.09986496528991526,0.09986496528991526,0,0,0.05,0.05,0.053500000000000006,0.04775,0.048150000000000005,0.8927000000000007,0.8927000000000007,0.003500000000000003,0.003500000000000003,0.002250000000000002,0.002250000000000002,0.0018499999999999975,0.0018499999999999975,0.8427000000000007,0.8427000000000007,0.8427000000000007,0.8427000000000007
heterogeneous_k100_v0,heterogeneous,"unequal sizes and asymmetric, mixed margins",1360,100,100,conditional_monte_carlo,not_attempted,,141.47129185322925,197.6820378439789,0.22732043782061767,3250.3067252983074,0.2654656946116327,0.016380350888834275,280,0.2,0.4,0.8,0.0,0.00392362498678267,0.0,0.025516459019854665,0.14606112497858703,1000,37.22606657634617,0.007898451334257562,0.001465264472532037,0.48040376587313016,0.48040376587313016,0.004158915636323854,0.0013892932526103747,0.04997500851546827,0.04997500851546827,0.006080237659504609,0.00338419083669448,0.09986496528991526,0.09986496528991526,0,0,0.01,0.01,0.01385,0.0103,0.01005,0.6466500000000001,0.6466500000000001,0.0038499999999999993,0.0038499999999999993,0.0002999999999999999,0.0002999999999999999,4.99999999999997e-05,4.99999999999997e-05,0.63665,0.63665,0.63665,0.63665
heterogeneous_k100_v0,heterogeneous,"unequal sizes and asymmetric, mixed margins",1360,100,100,conditional_monte_carlo,not_attempted,,141.47129185322925,197.6820378439789,0.22732043782061767,3250.3067252983074,0.2654656946116327,0.016380350888834275,280,0.2,0.4,0.8,0.0,0.00392362498678267,0.0,0.025516459019854665,0.14606112497858703,1000,37.22606657634617,0.007898451334257562,0.001465264472532037,0.48040376587313016,0.48040376587313016,0.004158915636323854,0.0013892932526103747,0.04997500851546827,0.04997500851546827,0.006080237659504609,0.00338419083669448,0.09986496528991526,0.09986496528991526,0,0,0.001,0.001,0.00255,0.0012000000000000001,0.0008000000000000001,0.2744,0.2744,0.0015500000000000002,0.0015500000000000002,0.0002000000000000001,0.0002000000000000001,0.00019999999999999987,0.00019999999999999987,0.2734,0.2734,0.2734,0.2734
