configuration,family,split,total_n,total_strata,informative_strata,lyapunov_ratio,max_variance_share,skewness,reference,exact_state_count,router_route,exact_seconds,cgf_build_seconds,saddlepoint_pvalue_seconds,router_seconds,permutation_seconds,runtime_speedup_vs_permutation,saddlepoint_quantile_p_mae,saddlepoint_tail_quantile_p_mae,saddlepoint_quantile_max_error,saddlepoint_quantile_monotonicity_violations,saddlepoint_quantile_evaluations,saddlepoint_quantile_fallbacks,saddlepoint_quantile_numerical_failures,saddlepoint_quantile_guardrail_reasons,alpha,reference_fpr,saddlepoint_threshold,saddlepoint_threshold_evaluations,saddlepoint_threshold_guardrails,saddlepoint_threshold_numerical_failures,normal_fpr,normal_fpr_error_vs_reference,normal_size_distortion,edgeworth_fpr,edgeworth_fpr_error_vs_reference,edgeworth_size_distortion,cornish_fisher_fpr,cornish_fisher_fpr_error_vs_reference,cornish_fisher_size_distortion,saddlepoint_fpr,saddlepoint_fpr_error_vs_reference,saddlepoint_size_distortion,router_fpr,router_fpr_error_vs_reference,router_size_distortion,chi2_nominal_fpr,chi2_nominal_fpr_error_vs_reference,chi2_nominal_size_distortion,chi2_informative_fpr,chi2_informative_fpr_error_vs_reference,chi2_informative_size_distortion
homogeneous_k5_n3_balanced,homogeneous,development,15,5,5,0.5270462766947299,0.19999999999999998,0.31622776601683816,exact_convolution,6.0,exact_convolution,0.00019904098007827997,0.0004012080607935786,0.0012034750077873468,0.00019904098007827997,0.006828167010098696,34.3053325371151,0.07540844137929982,0.013194358413696277,0.1749601431085786,0,6,2,0,"{""exact_lower_endpoint"": 1, ""exact_upper_endpoint"": 1}",0.1,0.04526748971193416,16.322836326605,5,2,0,0.04526748971193416,0.0,0.05473251028806585,0.04526748971193416,0.0,0.05473251028806585,0.04526748971193416,0.0,0.05473251028806585,0.04526748971193416,0.0,0.05473251028806585,0.04526748971193416,0.0,0.05473251028806585,0.5390946502057613,0.49382716049382713,0.4390946502057613,0.5390946502057613,0.49382716049382713,0.4390946502057613
homogeneous_k5_n3_balanced,homogeneous,development,15,5,5,0.5270462766947299,0.19999999999999998,0.31622776601683816,exact_convolution,6.0,exact_convolution,0.00019904098007827997,0.0004012080607935786,0.0012034750077873468,0.00019904098007827997,0.006828167010098696,34.3053325371151,0.07540844137929982,0.013194358413696277,0.1749601431085786,0,6,2,0,"{""exact_lower_endpoint"": 1, ""exact_upper_endpoint"": 1}",0.05,0.04526748971193416,16.322836326605,5,2,0,0.04526748971193416,0.0,0.004732510288065844,0.04526748971193416,0.0,0.004732510288065844,0.04526748971193416,0.0,0.004732510288065844,0.04526748971193416,0.0,0.004732510288065844,0.04526748971193416,0.0,0.004732510288065844,0.20987654320987656,0.16460905349794241,0.15987654320987654,0.20987654320987656,0.16460905349794241,0.15987654320987654
homogeneous_k5_n3_balanced,homogeneous,development,15,5,5,0.5270462766947299,0.19999999999999998,0.31622776601683816,exact_convolution,6.0,exact_convolution,0.00019904098007827997,0.0004012080607935786,0.0012034750077873468,0.00019904098007827997,0.006828167010098696,34.3053325371151,0.07540844137929982,0.013194358413696277,0.1749601431085786,0,6,2,0,"{""exact_lower_endpoint"": 1, ""exact_upper_endpoint"": 1}",0.01,0.00411522633744856,19.095425048845,5,2,0,0.00411522633744856,0.0,0.00588477366255144,0.00411522633744856,0.0,0.00588477366255144,0.00411522633744856,0.0,0.00588477366255144,0.00411522633744856,0.0,0.00588477366255144,0.00411522633744856,0.0,0.00588477366255144,0.04526748971193416,0.0411522633744856,0.03526748971193416,0.04526748971193416,0.0411522633744856,0.03526748971193416
homogeneous_k5_n3_balanced,homogeneous,development,15,5,5,0.5270462766947299,0.19999999999999998,0.31622776601683816,exact_convolution,6.0,exact_convolution,0.00019904098007827997,0.0004012080607935786,0.0012034750077873468,0.00019904098007827997,0.006828167010098696,34.3053325371151,0.07540844137929982,0.013194358413696277,0.1749601431085786,0,6,2,0,"{""exact_lower_endpoint"": 1, ""exact_upper_endpoint"": 1}",0.001,0.0,,1,1,0,0.00411522633744856,0.00411522633744856,0.00311522633744856,0.0,0.0,0.001,0.0,0.0,0.001,0.0,0.0,0.001,0.0,0.0,0.001,0.0,0.0,0.001,0.0,0.0,0.001
homogeneous_k5_n10_balanced,homogeneous,heldout,50,5,5,1.6015776340159165,0.2,1.5393106780576904,exact_convolution,21.0,exact_convolution,0.00022770906798541546,0.0003256250638514757,0.0015363584039732813,0.00022770906798541546,0.007225207984447479,31.729996738251312,0.0416454360295042,0.006990662538120063,0.23552103202652802,0,9,1,0,"{""exact_lower_endpoint"": 1}",0.1,0.09471541899883468,12.370105963333,6,2,0,0.09471541899883468,0.0,0.005284581001165328,0.09471541899883468,0.0,0.005284581001165328,0.09471541899883468,0.0,0.005284581001165328,0.09471541899883468,0.0,0.005284581001165328,0.09471541899883468,0.0,0.005284581001165328,0.09471541899883468,0.0,0.005284581001165328,0.09471541899883468,0.0,0.005284581001165328
homogeneous_k5_n10_balanced,homogeneous,heldout,50,5,5,1.6015776340159165,0.2,1.5393106780576904,exact_convolution,21.0,exact_convolution,0.00022770906798541546,0.0003256250638514757,0.0015363584039732813,0.00022770906798541546,0.007225207984447479,31.729996738251312,0.0416454360295042,0.006990662538120063,0.23552103202652802,0,9,1,0,"{""exact_lower_endpoint"": 1}",0.05,0.04551517003138004,15.473784695255,7,2,0,0.04551517003138004,0.0,0.004484829968619965,0.04551517003138004,0.0,0.004484829968619965,0.04551517003138003,6.938893903907228e-18,0.004484829968619972,0.04551517003138003,6.938893903907228e-18,0.004484829968619972,0.04551517003138004,0.0,0.004484829968619965,0.09471541899883468,0.04920024896745464,0.044715418998834675,0.09471541899883468,0.04920024896745464,0.044715418998834675
homogeneous_k5_n10_balanced,homogeneous,heldout,50,5,5,1.6015776340159165,0.2,1.5393106780576904,exact_convolution,21.0,exact_convolution,0.00022770906798541546,0.0003256250638514757,0.0015363584039732813,0.00022770906798541546,0.007225207984447479,31.729996738251312,0.0416454360295042,0.006990662538120063,0.23552103202652802,0,9,1,0,"{""exact_lower_endpoint"": 1}",0.01,0.007876979571277235,22.378154434097,6,2,0,0.04551517003138004,0.037638190460102805,0.035515170031380036,0.02362105924086272,0.015744079669585485,0.013621059240862718,0.0075694780152306415,0.0003075015560465933,0.0024305219847693587,0.0075694780152306415,0.0003075015560465933,0.0024305219847693587,0.007876979571277235,0.0,0.0021230204287227654,0.04551517003138004,0.037638190460102805,0.035515170031380036,0.04551517003138004,0.037638190460102805,0.035515170031380036
homogeneous_k5_n10_balanced,homogeneous,heldout,50,5,5,1.6015776340159165,0.2,1.5393106780576904,exact_convolution,21.0,exact_convolution,0.00022770906798541546,0.0003256250638514757,0.0015363584039732813,0.00022770906798541546,0.007225207984447479,31.729996738251312,0.0416454360295042,0.006990662538120063,0.23552103202652802,0,9,1,0,"{""exact_lower_endpoint"": 1}",0.001,0.0006814431597869931,28.93401803544,7,2,0,0.02362105924086272,0.022939616081075725,0.022621059240862718,0.007569478015230643,0.00688803485544365,0.006569478015230643,0.0006814431597869931,0.0,0.0003185568402130069,0.0006814431597869931,0.0,0.0003185568402130069,0.0006814431597869931,0.0,0.0003185568402130069,0.007569478015230643,0.00688803485544365,0.006569478015230643,0.007569478015230643,0.00688803485544365,0.006569478015230643
homogeneous_k5_n10_x_skew,homogeneous,development,50,5,0,0.0,0.0,0.0,exact_convolution,1.0,exact_convolution,0.00019112497102469206,0.0003232919843867421,9.750016033649445e-07,0.00019112497102469206,0.0070763330440968275,37.02463893732972,0.0,0.0,0.0,0,1,1,0,"{""exact_lower_endpoint"": 1}",0.1,0.0,,1,1,0,0.0,0.0,0.1,0.0,0.0,0.1,0.0,0.0,0.1,0.0,0.0,0.1,0.0,0.0,0.1,0.0,0.0,0.1,0.0,0.0,0.1
homogeneous_k5_n10_x_skew,homogeneous,development,50,5,0,0.0,0.0,0.0,exact_convolution,1.0,exact_convolution,0.00019112497102469206,0.0003232919843867421,9.750016033649445e-07,0.00019112497102469206,0.0070763330440968275,37.02463893732972,0.0,0.0,0.0,0,1,1,0,"{""exact_lower_endpoint"": 1}",0.05,0.0,,1,1,0,0.0,0.0,0.05,0.0,0.0,0.05,0.0,0.0,0.05,0.0,0.0,0.05,0.0,0.0,0.05,0.0,0.0,0.05,0.0,0.0,0.05
homogeneous_k5_n10_x_skew,homogeneous,development,50,5,0,0.0,0.0,0.0,exact_convolution,1.0,exact_convolution,0.00019112497102469206,0.0003232919843867421,9.750016033649445e-07,0.00019112497102469206,0.0070763330440968275,37.02463893732972,0.0,0.0,0.0,0,1,1,0,"{""exact_lower_endpoint"": 1}",0.01,0.0,,1,1,0,0.0,0.0,0.01,0.0,0.0,0.01,0.0,0.0,0.01,0.0,0.0,0.01,0.0,0.0,0.01,0.0,0.0,0.01,0.0,0.0,0.01
homogeneous_k5_n10_x_skew,homogeneous,development,50,5,0,0.0,0.0,0.0,exact_convolution,1.0,exact_convolution,0.00019112497102469206,0.0003232919843867421,9.750016033649445e-07,0.00019112497102469206,0.0070763330440968275,37.02463893732972,0.0,0.0,0.0,0,1,1,0,"{""exact_lower_endpoint"": 1}",0.001,0.0,,1,1,0,0.0,0.0,0.001,0.0,0.0,0.001,0.0,0.0,0.001,0.0,0.0,0.001,0.0,0.0,0.001,0.0,0.0,0.001,0.0,0.0,0.001
homogeneous_k5_n10_both_skew,homogeneous,heldout,50,5,5,1.222383827699885,0.19999999999999998,1.1925695879998877,exact_convolution,6.0,exact_convolution,0.00018320896197110415,0.00032599992118775845,0.0012900167028419673,0.00018320896197110415,0.007145708077587187,39.0030487630524,0.06223832788710598,0.02652814228767917,0.19589702697306557,0,4,1,0,"{""exact_lower_endpoint"": 1}",0.1,0.08146,13.67136416362,4,2,0,0.08146,0.0,0.01854,0.08146,0.0,0.01854,0.08146,0.0,0.01854,0.08146,0.0,0.01854,0.08146,0.0,0.01854,0.08146,0.0,0.01854,0.08146,0.0,0.01854
homogeneous_k5_n10_both_skew,homogeneous,heldout,50,5,5,1.222383827699885,0.19999999999999998,1.1925695879998877,exact_convolution,6.0,exact_convolution,0.00018320896197110415,0.00032599992118775845,0.0012900167028419673,0.00018320896197110415,0.007145708077587187,39.0030487630524,0.06223832788710598,0.02652814228767917,0.19589702697306557,0,4,1,0,"{""exact_lower_endpoint"": 1}",0.05,0.00856,13.67136416362,4,2,0,0.08146,0.0729,0.03146,0.08146,0.0729,0.03146,0.08146,0.0729,0.03146,0.08146,0.0729,0.03146,0.00856,0.0,0.041440000000000005,0.08146,0.0729,0.03146,0.08146,0.0729,0.03146
homogeneous_k5_n10_both_skew,homogeneous,heldout,50,5,5,1.222383827699885,0.19999999999999998,1.1925695879998877,exact_convolution,6.0,exact_convolution,0.00018320896197110415,0.00032599992118775845,0.0012900167028419673,0.00018320896197110415,0.007145708077587187,39.0030487630524,0.06223832788710598,0.02652814228767917,0.19589702697306557,0,4,1,0,"{""exact_lower_endpoint"": 1}",0.01,0.00856,19.950341888795,4,2,0,0.00856,0.0,0.0014400000000000003,0.00856,0.0,0.0014400000000000003,0.00856,0.0,0.0014400000000000003,0.00856,0.0,0.0014400000000000003,0.00856,0.0,0.0014400000000000003,0.00856,0.0,0.0014400000000000003,0.00856,0.0,0.0014400000000000003
homogeneous_k5_n10_both_skew,homogeneous,heldout,50,5,5,1.222383827699885,0.19999999999999998,1.1925695879998877,exact_convolution,6.0,exact_convolution,0.00018320896197110415,0.00032599992118775845,0.0012900167028419673,0.00018320896197110415,0.007145708077587187,39.0030487630524,0.06223832788710598,0.02652814228767917,0.19589702697306557,0,4,1,0,"{""exact_lower_endpoint"": 1}",0.001,0.00046,26.22931961397,5,2,0,0.00856,0.0081,0.00756,0.00046,0.0,0.00054,0.00046,0.0,0.00054,0.00046,0.0,0.00054,0.00046,0.0,0.00054,0.00046,0.0,0.00054,0.00046,0.0,0.00054
homogeneous_k5_n30_balanced,homogeneous,development,150,5,5,1.3857606036710166,0.19999999999999998,1.2740265068793792,exact_convolution,792.0,exact_convolution,0.0012142499908804893,0.00032604101579636335,0.0017626708024181426,0.0012142499908804893,0.008027292089536786,6.610905620609438,0.020969506825290193,0.004797035397774138,0.07612712086883344,0,31,1,0,"{""exact_lower_endpoint"": 1}",0.1,0.0892689942060201,10.420353910939,12,2,0,0.0892689942060201,0.0,0.010731005793979911,0.0892689942060201,0.0,0.010731005793979911,0.08926899420602007,2.7755575615628914e-17,0.01073100579397994,0.08926899420602007,2.7755575615628914e-17,0.01073100579397994,0.0892689942060201,0.0,0.010731005793979911,0.13328925802873798,0.044020263822717884,0.03328925802873797,0.13328925802873798,0.044020263822717884,0.03328925802873797
homogeneous_k5_n30_balanced,homogeneous,development,150,5,5,1.3857606036710166,0.19999999999999998,1.2740265068793792,exact_convolution,792.0,exact_convolution,0.0012142499908804893,0.00032604101579636335,0.0017626708024181426,0.0012142499908804893,0.008027292089536786,6.610905620609438,0.020969506825290193,0.004797035397774138,0.07612712086883344,0,31,1,0,"{""exact_lower_endpoint"": 1}",0.05,0.04092873523199113,11.666896646996,12,2,0,0.06308760190674288,0.022158866674751754,0.01308760190674288,0.03984424180910256,0.0010844934228885703,0.010155758190897445,0.04092873523199112,6.938893903907228e-18,0.009071264768008881,0.05635906831854189,0.015430333086550764,0.00635906831854189,0.04092873523199113,0.0,0.009071264768008874,0.06308760190674288,0.022158866674751754,0.01308760190674288,0.06308760190674288,0.022158866674751754,0.01308760190674288
homogeneous_k5_n30_balanced,homogeneous,development,150,5,5,1.3857606036710166,0.19999999999999998,1.2740265068793792,exact_convolution,792.0,exact_convolution,0.0012142499908804893,0.00032604101579636335,0.0017626708024181426,0.0012142499908804893,0.008027292089536786,6.610905620609438,0.020969506825290193,0.004797035397774138,0.07612712086883344,0,31,1,0,"{""exact_lower_endpoint"": 1}",0.01,0.00966756935370814,16.006143646409,12,2,0,0.028870030875212786,0.019202461521504646,0.018870030875212787,0.012589025080954112,0.0029214557272459717,0.0025890250809541115,0.00870327193349466,0.0009642974202134797,0.00129672806650534,0.010683981692276271,0.0010164123385681314,0.0006839816922762712,0.00966756935370814,0.0,0.0003324306462918602,0.012589025080954112,0.0029214557272459717,0.0025890250809541115,0.012589025080954112,0.0029214557272459717,0.0025890250809541115
homogeneous_k5_n30_balanced,homogeneous,development,150,5,5,1.3857606036710166,0.19999999999999998,1.2740265068793792,exact_convolution,792.0,exact_convolution,0.0012142499908804893,0.00032604101579636335,0.0017626708024181426,0.0012142499908804893,0.008027292089536786,6.610905620609438,0.020969506825290193,0.004797035397774138,0.07612712086883344,0,31,1,0,"{""exact_lower_endpoint"": 1}",0.001,0.0009619656807228498,21.786187513835,11,2,0,0.010683981692276273,0.009722016011553423,0.009683981692276272,0.00461359990477844,0.00365163422405559,0.00361359990477844,0.001111234096506831,0.00014926841578398117,0.00011123409650683094,0.0010634176955045098,0.00010145201478165998,6.341769550450974e-05,0.0009619656807228498,0.0,3.803431927715023e-05,0.0018053634574318545,0.0008433977767090047,0.0008053634574318545,0.0018053634574318545,0.0008433977767090047,0.0008053634574318545
homogeneous_k5_n30_x_skew,homogeneous,heldout,150,5,5,0.6994323163897428,0.19999999999999998,0.591680209306911,exact_convolution,6.0,exact_convolution,0.00018966698553413153,0.0003314169589430094,0.00130924170371145,0.00018966698553413153,0.008051708107814193,42.451816720444725,0.07894118928195934,0.024616886353360984,0.21002251180399178,0,5,1,0,"{""exact_lower_endpoint"": 1}",0.1,0.07813855284265162,14.232404257665,4,2,0,0.07813855284265162,0.0,0.02186144715734839,0.07813855284265162,0.0,0.02186144715734839,0.0781385528426516,1.3877787807814457e-17,0.021861447157348404,0.0781385528426516,1.3877787807814457e-17,0.021861447157348404,0.07813855284265162,0.0,0.02186144715734839,0.31276895129083215,0.23463039844818054,0.21276895129083215,0.31276895129083215,0.23463039844818054,0.21276895129083215
homogeneous_k5_n30_x_skew,homogeneous,heldout,150,5,5,0.6994323163897428,0.19999999999999998,0.591680209306911,exact_convolution,6.0,exact_convolution,0.00018966698553413153,0.0003314169589430094,0.00130924170371145,0.00018966698553413153,0.008051708107814193,42.451816720444725,0.07894118928195934,0.024616886353360984,0.21002251180399178,0,5,1,0,"{""exact_lower_endpoint"": 1}",0.05,0.010356437735399425,14.232404257665,4,2,0,0.07813855284265162,0.06778211510725218,0.028138552842651612,0.07813855284265162,0.06778211510725218,0.028138552842651612,0.0781385528426516,0.06778211510725218,0.0281385528426516,0.0781385528426516,0.06778211510725218,0.0281385528426516,0.010356437735399425,0.0,0.03964356226460058,0.07813855284265162,0.06778211510725218,0.028138552842651612,0.07813855284265162,0.06778211510725218,0.028138552842651612
homogeneous_k5_n30_x_skew,homogeneous,heldout,150,5,5,0.6994323163897428,0.19999999999999998,0.591680209306911,exact_convolution,6.0,exact_convolution,0.00018966698553413153,0.0003314169589430094,0.00130924170371145,0.00018966698553413153,0.008051708107814193,42.451816720444725,0.07894118928195934,0.024616886353360984,0.21002251180399178,0,5,1,0,"{""exact_lower_endpoint"": 1}",0.01,0.0005656877754629938,18.348466372185,5,2,0,0.010356437735399425,0.00979074995993643,0.00035643773539942476,0.010356437735399425,0.00979074995993643,0.00035643773539942476,0.010356437735399425,0.00979074995993643,0.00035643773539942476,0.010356437735399425,0.00979074995993643,0.00035643773539942476,0.0005656877754629938,0.0,0.009434312224537007,0.010356437735399425,0.00979074995993643,0.00035643773539942476,0.010356437735399425,0.00979074995993643,0.00035643773539942476
homogeneous_k5_n30_x_skew,homogeneous,heldout,150,5,5,0.6994323163897428,0.19999999999999998,0.591680209306911,exact_convolution,6.0,exact_convolution,0.00018966698553413153,0.0003314169589430094,0.00130924170371145,0.00018966698553413153,0.008051708107814193,42.451816720444725,0.07894118928195934,0.024616886353360984,0.21002251180399178,0,5,1,0,"{""exact_lower_endpoint"": 1}",0.001,0.0005656877754629938,22.464528486705,5,2,0,0.0005656877754629938,0.0,0.00043431222453700624,0.0005656877754629938,0.0,0.00043431222453700624,0.0005656877754629938,0.0,0.00043431222453700624,0.0005656877754629938,0.0,0.00043431222453700624,0.0005656877754629938,0.0,0.00043431222453700624,0.0005656877754629938,0.0,0.00043431222453700624,0.0005656877754629938,0.0,0.00043431222453700624
homogeneous_k5_n30_both_skew,homogeneous,development,150,5,5,2.947477947676354,0.2,2.9227998406974023,exact_convolution,56.0,exact_convolution,0.00027020799461752176,0.00032062502577900887,0.0017732624895870686,0.00027020799461752176,0.007905708975158632,29.257864802812843,0.06316895660472514,0.018200600786208103,0.3164289764057391,0,10,1,0,"{""exact_lower_endpoint"": 1}",0.1,0.0981611522114986,9.803903518453,8,2,0,0.09698757494528765,0.0011735772662109512,0.0030124250547123588,0.09698757494528765,0.0011735772662109512,0.0030124250547123588,0.09698757494528763,0.001173577266210965,0.0030124250547123727,0.09698757494528763,0.001173577266210965,0.0030124250547123727,0.0981611522114986,0.0,0.0018388477885014076,0.09698757494528765,0.0011735772662109512,0.0030124250547123588,0.09698757494528765,0.0011735772662109512,0.0030124250547123588
homogeneous_k5_n30_both_skew,homogeneous,development,150,5,5,2.947477947676354,0.2,2.9227998406974023,exact_convolution,56.0,exact_convolution,0.00027020799461752176,0.00032062502577900887,0.0017732624895870686,0.00027020799461752176,0.007905708975158632,29.257864802812843,0.06316895660472514,0.018200600786208103,0.3164289764057391,0,10,1,0,"{""exact_lower_endpoint"": 1}",0.05,0.03141561523831762,10.562940885624,7,2,0,0.09698757494528765,0.06557195970697002,0.046987574945287644,0.07011382096702123,0.03869820572870362,0.02011382096702123,0.07011382096702123,0.03869820572870362,0.02011382096702123,0.07011382096702123,0.03869820572870362,0.02011382096702123,0.03141561523831762,0.0,0.018584384761682386,0.03141561523831762,0.0,0.018584384761682386,0.03141561523831762,0.0,0.018584384761682386
homogeneous_k5_n30_both_skew,homogeneous,development,150,5,5,2.947477947676354,0.2,2.9227998406974023,exact_convolution,56.0,exact_convolution,0.00027020799461752176,0.00032062502577900887,0.0017732624895870686,0.00027020799461752176,0.007905708975158632,29.257864802812843,0.06316895660472514,0.018200600786208103,0.3164289764057391,0,10,1,0,"{""exact_lower_endpoint"": 1}",0.01,0.005503296682377682,16.267580897091,8,2,0,0.07011382096702123,0.06461052428464355,0.06011382096702123,0.005503296682377682,0.0,0.0044967033176223185,0.005051920810758083,0.00045137587161959893,0.0049480791892419175,0.005051920810758083,0.00045137587161959893,0.0049480791892419175,0.005503296682377682,0.0,0.0044967033176223185,0.005051920810758083,0.00045137587161959893,0.0049480791892419175,0.005051920810758083,0.00045137587161959893,0.0049480791892419175
homogeneous_k5_n30_both_skew,homogeneous,development,150,5,5,2.947477947676354,0.2,2.9227998406974023,exact_convolution,56.0,exact_convolution,0.00027020799461752176,0.00032062502577900887,0.0017732624895870686,0.00027020799461752176,0.007905708975158632,29.257864802812843,0.06316895660472514,0.018200600786208103,0.3164289764057391,0,10,1,0,"{""exact_lower_endpoint"": 1}",0.001,0.0009761601553048173,22.177159315339,8,2,0,0.010518584144817668,0.00954242398951285,0.009518584144817668,0.005051920810758083,0.004075760655453266,0.004051920810758083,0.001307934895777242,0.00033177474047242476,0.00030793489577724204,0.001307934895777242,0.00033177474047242476,0.00030793489577724204,0.0009761601553048173,0.0,2.3839844695182724e-05,0.001307934895777242,0.00033177474047242476,0.00030793489577724204,0.001307934895777242,0.00033177474047242476,0.00030793489577724204
homogeneous_k20_n3_balanced,homogeneous,development,60,20,20,0.26352313834736496,0.049999999999999996,0.15811388300841908,conditional_monte_carlo,,saddlepoint,0.0,0.0012187910033389926,0.004616345907561481,0.005835136910900473,0.027093166019767523,4.643107168429151,0.0390412540510261,0.014083260866457012,0.09490973704912692,0,13,0,0,{},0.1,0.0966,48.65581297298,6,1,0,0.0966,0.0,0.0034000000000000002,0.0966,0.0,0.0034000000000000002,0.09659999999999998,2.7755575615628914e-17,0.003400000000000028,0.09659999999999998,2.7755575615628914e-17,0.003400000000000028,0.09659999999999998,2.7755575615628914e-17,0.003400000000000028,0.9817,0.8851,0.8817,0.9817,0.8851,0.8817
homogeneous_k20_n3_balanced,homogeneous,development,60,20,20,0.26352313834736496,0.049999999999999996,0.15811388300841908,conditional_monte_carlo,,saddlepoint,0.0,0.0012187910033389926,0.004616345907561481,0.005835136910900473,0.027093166019767523,4.643107168429151,0.0390412540510261,0.014083260866457012,0.09490973704912692,0,13,0,0,{},0.05,0.0377,51.42840169522,6,1,0,0.0377,0.0,0.012300000000000005,0.0377,0.0,0.012300000000000005,0.0377,0.0,0.012300000000000005,0.0377,0.0,0.012300000000000005,0.0377,0.0,0.012300000000000005,0.93825,0.9005500000000001,0.88825,0.93825,0.9005500000000001,0.88825
homogeneous_k20_n3_balanced,homogeneous,development,60,20,20,0.26352313834736496,0.049999999999999996,0.15811388300841908,conditional_monte_carlo,,saddlepoint,0.0,0.0012187910033389926,0.004616345907561481,0.005835136910900473,0.027093166019767523,4.643107168429151,0.0390412540510261,0.014083260866457012,0.09490973704912692,0,13,0,0,{},0.01,0.00355,54.200990417459,6,1,0,0.01315,0.009600000000000001,0.00315,0.01315,0.009600000000000001,0.00315,0.01315,0.009600000000000001,0.00315,0.01315,0.009600000000000001,0.00315,0.01315,0.009600000000000001,0.00315,0.52285,0.5193,0.51285,0.52285,0.5193,0.51285
homogeneous_k20_n3_balanced,homogeneous,development,60,20,20,0.26352313834736496,0.049999999999999996,0.15811388300841908,conditional_monte_carlo,,saddlepoint,0.0,0.0012187910033389926,0.004616345907561481,0.005835136910900473,0.027093166019767523,4.643107168429151,0.0390412540510261,0.014083260866457012,0.09490973704912692,0,13,0,0,{},0.001,0.001,59.746167861939,6,1,0,0.001,0.0,0.0,0.001,0.0,0.0,0.001,0.0,0.0,0.001,0.0,0.0,0.001,0.0,0.0,0.19335,0.19235,0.19235,0.19335,0.19235,0.19235
homogeneous_k20_n10_balanced,homogeneous,heldout,200,20,20,0.8007888170079582,0.05,0.7696553390288452,conditional_monte_carlo,,saddlepoint,0.0,0.0012059580767527223,0.005471491697244346,0.006677449773997068,0.027911874931305647,4.1800201987289265,0.02815810739536287,0.0068112017402228,0.09026693657251117,0,21,1,0,"{""exact_lower_endpoint"": 1}",0.1,0.08605,34.974672100646,7,1,0,0.11215,0.026099999999999998,0.012149999999999994,0.112,0.02595,0.011999999999999997,0.11215,0.026099999999999998,0.012149999999999994,0.11215,0.026099999999999998,0.012149999999999994,0.11215,0.026099999999999998,0.012149999999999994,0.30089999999999995,0.21484999999999993,0.20089999999999994,0.30089999999999995,0.21484999999999993,0.20089999999999994
homogeneous_k20_n10_balanced,homogeneous,heldout,200,20,20,0.8007888170079582,0.05,0.7696553390288452,conditional_monte_carlo,,saddlepoint,0.0,0.0012059580767527223,0.005471491697244346,0.006677449773997068,0.027911874931305647,4.1800201987289265,0.02815810739536287,0.0068112017402228,0.09026693657251117,0,21,1,0,"{""exact_lower_endpoint"": 1}",0.05,0.043699999999999996,38.775363107568,7,1,0,0.0668,0.023100000000000002,0.016799999999999995,0.043699999999999996,0.0,0.006300000000000007,0.06589999999999999,0.02219999999999999,0.015899999999999984,0.06589999999999999,0.02219999999999999,0.015899999999999984,0.06589999999999999,0.02219999999999999,0.015899999999999984,0.18685000000000002,0.14315000000000003,0.13685000000000003,0.18685000000000002,0.14315000000000003,0.13685000000000003
homogeneous_k20_n10_balanced,homogeneous,heldout,200,20,20,0.8007888170079582,0.05,0.7696553390288452,conditional_monte_carlo,,saddlepoint,0.0,0.0012059580767527223,0.005471491697244346,0.006677449773997068,0.027911874931305647,4.1800201987289265,0.02815810739536287,0.0068112017402228,0.09026693657251117,0,21,1,0,"{""exact_lower_endpoint"": 1}",0.01,0.00915,48.783411578331,7,1,0,0.020249999999999997,0.011099999999999997,0.010249999999999997,0.00915,0.0,0.0008500000000000001,0.008699999999999998,0.0004500000000000025,0.0013000000000000025,0.008699999999999998,0.0004500000000000025,0.0013000000000000025,0.008699999999999998,0.0004500000000000025,0.0013000000000000025,0.0668,0.05765,0.056799999999999996,0.0668,0.05765,0.056799999999999996
homogeneous_k20_n10_balanced,homogeneous,heldout,200,20,20,0.8007888170079582,0.05,0.7696553390288452,conditional_monte_carlo,,saddlepoint,0.0,0.0012059580767527223,0.005471491697244346,0.006677449773997068,0.027911874931305647,4.1800201987289265,0.02815810739536287,0.0068112017402228,0.09026693657251117,0,21,1,0,"{""exact_lower_endpoint"": 1}",0.001,0.00085,58.791460049095,7,1,0,0.008700000000000001,0.007850000000000001,0.007700000000000001,0.00185,0.001,0.0008500000000000001,0.0008500000000000001,1.0842021724855044e-19,0.00014999999999999996,0.0008500000000000001,1.0842021724855044e-19,0.00014999999999999996,0.0008500000000000001,1.0842021724855044e-19,0.00014999999999999996,0.0185,0.01765,0.017499999999999998,0.0185,0.01765,0.017499999999999998
homogeneous_k20_n10_x_skew,homogeneous,heldout,200,20,0,0.0,0.0,0.0,exact_convolution,1.0,exact_convolution,0.000655833980999887,0.0012019580462947488,9.708106517791749e-07,0.000655833980999887,0.027946833055466413,42.612663974590895,0.0,0.0,0.0,0,1,1,0,"{""exact_lower_endpoint"": 1}",0.1,0.0,,1,1,0,0.0,0.0,0.1,0.0,0.0,0.1,0.0,0.0,0.1,0.0,0.0,0.1,0.0,0.0,0.1,1.0,1.0,0.9,0.0,0.0,0.1
homogeneous_k20_n10_x_skew,homogeneous,heldout,200,20,0,0.0,0.0,0.0,exact_convolution,1.0,exact_convolution,0.000655833980999887,0.0012019580462947488,9.708106517791749e-07,0.000655833980999887,0.027946833055466413,42.612663974590895,0.0,0.0,0.0,0,1,1,0,"{""exact_lower_endpoint"": 1}",0.05,0.0,,1,1,0,0.0,0.0,0.05,0.0,0.0,0.05,0.0,0.0,0.05,0.0,0.0,0.05,0.0,0.0,0.05,0.0,0.0,0.05,0.0,0.0,0.05
homogeneous_k20_n10_x_skew,homogeneous,heldout,200,20,0,0.0,0.0,0.0,exact_convolution,1.0,exact_convolution,0.000655833980999887,0.0012019580462947488,9.708106517791749e-07,0.000655833980999887,0.027946833055466413,42.612663974590895,0.0,0.0,0.0,0,1,1,0,"{""exact_lower_endpoint"": 1}",0.01,0.0,,1,1,0,0.0,0.0,0.01,0.0,0.0,0.01,0.0,0.0,0.01,0.0,0.0,0.01,0.0,0.0,0.01,0.0,0.0,0.01,0.0,0.0,0.01
homogeneous_k20_n10_x_skew,homogeneous,heldout,200,20,0,0.0,0.0,0.0,exact_convolution,1.0,exact_convolution,0.000655833980999887,0.0012019580462947488,9.708106517791749e-07,0.000655833980999887,0.027946833055466413,42.612663974590895,0.0,0.0,0.0,0,1,1,0,"{""exact_lower_endpoint"": 1}",0.001,0.0,,1,1,0,0.0,0.0,0.001,0.0,0.0,0.001,0.0,0.0,0.001,0.0,0.0,0.001,0.0,0.0,0.001,0.0,0.0,0.001,0.0,0.0,0.001
homogeneous_k20_n10_both_skew,homogeneous,development,200,20,20,0.6111919138499425,0.049999999999999996,0.5962847939999438,conditional_monte_carlo,,saddlepoint,0.0,0.0012015829561278224,0.005025275005027652,0.006226857961155474,0.028540374943986535,4.583431181830025,0.05743547819928886,0.009498120777904436,0.148847202581173,0,8,2,0,"{""exact_lower_endpoint"": 1, ""near_mean_edgeworth"": 1}",0.1,0.04515,29.569545753786,5,2,0,0.1321,0.08695,0.03209999999999999,0.1321,0.08695,0.03209999999999999,0.1321,0.08695,0.03209999999999999,0.1321,0.08695,0.03209999999999999,0.1321,0.08695,0.03209999999999999,0.1321,0.08695,0.03209999999999999,0.1321,0.08695,0.03209999999999999
homogeneous_k20_n10_both_skew,homogeneous,development,200,20,20,0.6111919138499425,0.049999999999999996,0.5962847939999438,conditional_monte_carlo,,saddlepoint,0.0,0.0012015829561278224,0.005025275005027652,0.006226857961155474,0.028540374943986535,4.583431181830025,0.05743547819928886,0.009498120777904436,0.148847202581173,0,8,2,0,"{""exact_lower_endpoint"": 1, ""near_mean_edgeworth"": 1}",0.05,0.04515,35.848523478961,5,1,0,0.04515,0.0,0.00485,0.04515,0.0,0.00485,0.04515,0.0,0.00485,0.04515,0.0,0.00485,0.04515,0.0,0.00485,0.04515,0.0,0.00485,0.04515,0.0,0.00485
homogeneous_k20_n10_both_skew,homogeneous,development,200,20,20,0.6111919138499425,0.049999999999999996,0.5962847939999438,conditional_monte_carlo,,saddlepoint,0.0,0.0012015829561278224,0.005025275005027652,0.006226857961155474,0.028540374943986535,4.583431181830025,0.05743547819928886,0.009498120777904436,0.148847202581173,0,8,2,0,"{""exact_lower_endpoint"": 1, ""near_mean_edgeworth"": 1}",0.01,0.003,42.127501204135,5,1,0,0.01145,0.00845,0.00145,0.01145,0.00845,0.00145,0.01145,0.00845,0.00145,0.01145,0.00845,0.00145,0.01145,0.00845,0.00145,0.01145,0.00845,0.00145,0.01145,0.00845,0.00145
homogeneous_k20_n10_both_skew,homogeneous,development,200,20,20,0.6111919138499425,0.049999999999999996,0.5962847939999438,conditional_monte_carlo,,saddlepoint,0.0,0.0012015829561278224,0.005025275005027652,0.006226857961155474,0.028540374943986535,4.583431181830025,0.05743547819928886,0.009498120777904436,0.148847202581173,0,8,2,0,"{""exact_lower_endpoint"": 1, ""near_mean_edgeworth"": 1}",0.001,0.00030000000000000003,54.685456654484,6,1,0,0.003,0.0027,0.002,0.003,0.0027,0.002,0.00030000000000000003,0.0,0.0007,0.00030000000000000003,0.0,0.0007,0.00030000000000000003,0.0,0.0007,0.003,0.0027,0.002,0.003,0.0027,0.002
homogeneous_k20_n30_balanced,homogeneous,heldout,600,20,20,0.6928803018355083,0.049999999999999996,0.6370132534396896,conditional_monte_carlo,,saddlepoint,0.0,0.0012413329677656293,0.006009483395610004,0.007250816363375634,0.0312169169774279,4.305296867688813,0.009258865848121477,0.0019314737299579853,0.02963921722321128,0,117,0,0,{},0.1,0.09749999999999998,29.950670227892,11,0,0,0.10679999999999999,0.009300000000000017,0.006799999999999987,0.08819999999999997,0.009300000000000003,0.011800000000000033,0.09079999999999999,0.006699999999999984,0.009200000000000014,0.0975,2.7755575615628914e-17,0.0025000000000000022,0.0975,2.7755575615628914e-17,0.0025000000000000022,0.13550000000000006,0.03800000000000009,0.03550000000000006,0.13550000000000006,0.03800000000000009,0.03550000000000006
homogeneous_k20_n30_balanced,homogeneous,heldout,600,20,20,0.6928803018355083,0.049999999999999996,0.6370132534396896,conditional_monte_carlo,,saddlepoint,0.0,0.0012413329677656293,0.006009483395610004,0.007250816363375634,0.0312169169774279,4.305296867688813,0.009258865848121477,0.0019314737299579853,0.02963921722321128,0,117,0,0,{},0.05,0.049749999999999975,33.134312996394,11,0,0,0.06414999999999997,0.014399999999999996,0.014149999999999968,0.04304999999999998,0.006699999999999998,0.006950000000000026,0.04699999999999999,0.0027499999999999816,0.0030000000000000096,0.05059999999999999,0.0008500000000000174,0.0005999999999999894,0.05059999999999999,0.0008500000000000174,0.0005999999999999894,0.06824999999999998,0.018500000000000003,0.018249999999999975,0.06824999999999998,0.018500000000000003,0.018249999999999975
homogeneous_k20_n30_balanced,homogeneous,heldout,600,20,20,0.6928803018355083,0.049999999999999996,0.6370132534396896,conditional_monte_carlo,,saddlepoint,0.0,0.0012413329677656293,0.006009483395610004,0.007250816363375634,0.0312169169774279,4.305296867688813,0.009258865848121477,0.0019314737299579853,0.02963921722321128,0,117,0,0,{},0.01,0.01,39.703862764994,11,0,0,0.0213,0.0113,0.0113,0.010549999999999999,0.0005499999999999984,0.0005499999999999984,0.009799999999999998,0.00020000000000000226,0.00020000000000000226,0.009999999999999998,1.734723475976807e-18,1.734723475976807e-18,0.009999999999999998,1.734723475976807e-18,1.734723475976807e-18,0.017049999999999996,0.0070499999999999955,0.0070499999999999955,0.017049999999999996,0.0070499999999999955,0.0070499999999999955
homogeneous_k20_n30_balanced,homogeneous,heldout,600,20,20,0.6928803018355083,0.049999999999999996,0.6370132534396896,conditional_monte_carlo,,saddlepoint,0.0,0.0012413329677656293,0.006009483395610004,0.007250816363375634,0.0312169169774279,4.305296867688813,0.009258865848121477,0.0019314737299579853,0.02963921722321128,0,117,0,0,{},0.001,0.00095,48.001958801854,11,0,0,0.00525,0.0043,0.00425,0.0023500000000000005,0.0014000000000000006,0.0013500000000000005,0.00095,0.0,5.000000000000002e-05,0.00095,0.0,5.000000000000002e-05,0.00095,0.0,5.000000000000002e-05,0.0022,0.0012500000000000002,0.0012000000000000001,0.0022,0.0012500000000000002,0.0012000000000000001
homogeneous_k20_n30_x_skew,homogeneous,development,600,20,20,0.3497161581948714,0.049999999999999996,0.2958401046534555,conditional_monte_carlo,,saddlepoint,0.0,0.0012439170386642218,0.004555299994535744,0.005799217033199966,0.03061458293814212,5.279089015444075,0.04413996388263681,0.010153220175073084,0.10329483201120182,0,11,1,0,"{""exact_lower_endpoint"": 1}",0.1,0.05845,36.349306458065,5,1,0,0.13615,0.07769999999999999,0.03614999999999999,0.13615,0.07769999999999999,0.03614999999999999,0.13615,0.07769999999999999,0.03614999999999999,0.13615,0.07769999999999999,0.03614999999999999,0.13615,0.07769999999999999,0.03614999999999999,0.2799,0.22144999999999998,0.17989999999999998,0.2799,0.22144999999999998,0.17989999999999998
homogeneous_k20_n30_x_skew,homogeneous,development,600,20,20,0.3497161581948714,0.049999999999999996,0.2958401046534555,conditional_monte_carlo,,saddlepoint,0.0,0.0012439170386642218,0.004555299994535744,0.005799217033199966,0.03061458293814212,5.279089015444075,0.04413996388263681,0.010153220175073084,0.10329483201120182,0,11,1,0,"{""exact_lower_endpoint"": 1}",0.05,0.021,40.465368572585,6,1,0,0.05845,0.03745,0.00845,0.05845,0.03745,0.00845,0.05845,0.03745,0.00845,0.05845,0.03745,0.00845,0.05845,0.03745,0.00845,0.2799,0.25889999999999996,0.2299,0.2799,0.25889999999999996,0.2299
homogeneous_k20_n30_x_skew,homogeneous,development,600,20,20,0.3497161581948714,0.049999999999999996,0.2958401046534555,conditional_monte_carlo,,saddlepoint,0.0,0.0012439170386642218,0.004555299994535744,0.005799217033199966,0.03061458293814212,5.279089015444075,0.04413996388263681,0.010153220175073084,0.10329483201120182,0,11,1,0,"{""exact_lower_endpoint"": 1}",0.01,0.00595,48.697492801625,6,1,0,0.021,0.015050000000000001,0.011000000000000001,0.00595,0.0,0.00405,0.00595,0.0,0.00405,0.00595,0.0,0.00405,0.00595,0.0,0.00405,0.05845,0.052500000000000005,0.04845,0.05845,0.052500000000000005,0.04845
homogeneous_k20_n30_x_skew,homogeneous,development,600,20,20,0.3497161581948714,0.049999999999999996,0.2958401046534555,conditional_monte_carlo,,saddlepoint,0.0,0.0012439170386642218,0.004555299994535744,0.005799217033199966,0.03061458293814212,5.279089015444075,0.04413996388263681,0.010153220175073084,0.10329483201120182,0,11,1,0,"{""exact_lower_endpoint"": 1}",0.001,0.00015000000000000001,52.813554916145,6,1,0,0.0014,0.00125,0.00039999999999999996,0.0014,0.00125,0.00039999999999999996,0.00015000000000000001,0.0,0.0008500000000000001,0.0014,0.00125,0.00039999999999999996,0.0014,0.00125,0.00039999999999999996,0.00595,0.0058000000000000005,0.00495,0.00595,0.0058000000000000005,0.00495
homogeneous_k20_n30_both_skew,homogeneous,development,600,20,20,1.473738973838177,0.05,1.4613999203487011,conditional_monte_carlo,,saddlepoint,0.0,0.0012127920053899288,0.006775987497530877,0.007988779502920807,0.03165491693653166,3.962422160351051,0.020782710552694712,0.003926396152486595,0.08019315862163467,0,32,1,0,"{""exact_lower_endpoint"": 1}",0.1,0.09445,26.28825931654,8,1,0,0.09445,0.0,0.005549999999999999,0.06935,0.02510000000000001,0.03065000000000001,0.07755,0.016900000000000012,0.02245000000000001,0.07755,0.016900000000000012,0.02245000000000001,0.07755,0.016900000000000012,0.02245000000000001,0.060000000000000005,0.03445,0.04,0.060000000000000005,0.03445,0.04
homogeneous_k20_n30_both_skew,homogeneous,development,600,20,20,1.473738973838177,0.05,1.4613999203487011,conditional_monte_carlo,,saddlepoint,0.0,0.0012127920053899288,0.006775987497530877,0.007988779502920807,0.03165491693653166,3.962422160351051,0.020782710552694712,0.003926396152486595,0.08019315862163467,0,32,1,0,"{""exact_lower_endpoint"": 1}",0.05,0.04035,28.933030343952,8,1,0,0.06795000000000001,0.027600000000000013,0.017950000000000008,0.04035,0.0,0.009650000000000006,0.051100000000000007,0.01075000000000001,0.0011000000000000038,0.05145000000000001,0.011100000000000013,0.0014500000000000068,0.05145000000000001,0.011100000000000013,0.0014500000000000068,0.0211,0.019249999999999996,0.028900000000000002,0.0211,0.019249999999999996,0.028900000000000002
homogeneous_k20_n30_both_skew,homogeneous,development,600,20,20,1.473738973838177,0.05,1.4613999203487011,conditional_monte_carlo,,saddlepoint,0.0,0.0012127920053899288,0.006775987497530877,0.007988779502920807,0.03165491693653166,3.962422160351051,0.020782710552694712,0.003926396152486595,0.08019315862163467,0,32,1,0,"{""exact_lower_endpoint"": 1}",0.01,0.0097,34.63767035542,8,1,0,0.02995,0.02025,0.019950000000000002,0.012,0.0023,0.002,0.010199999999999999,0.0004999999999999987,0.0001999999999999988,0.0103,0.0005999999999999998,0.0002999999999999999,0.0103,0.0005999999999999998,0.0002999999999999999,0.00305,0.00665,0.00695,0.00305,0.00665,0.00695
homogeneous_k20_n30_both_skew,homogeneous,development,600,20,20,1.473738973838177,0.05,1.4613999203487011,conditional_monte_carlo,,saddlepoint,0.0,0.0012127920053899288,0.006775987497530877,0.007988779502920807,0.03165491693653166,3.962422160351051,0.020782710552694712,0.003926396152486595,0.08019315862163467,0,32,1,0,"{""exact_lower_endpoint"": 1}",0.001,0.001,43.01080090967,8,1,0,0.0118,0.0108,0.0108,0.0048000000000000004,0.0038000000000000004,0.0038000000000000004,0.001,0.0,0.0,0.001,0.0,0.0,0.001,0.0,0.0,0.00035000000000000005,0.00065,0.00065,0.00035000000000000005,0.00065,0.00065
homogeneous_k100_n3_balanced,homogeneous,development,300,100,100,0.11785113019775792,0.01,0.07071067811865481,conditional_monte_carlo,,saddlepoint,0.0,0.005821166909299791,0.023610466602258386,0.029431633511558176,0.13999358308501542,4.756568575442412,0.018096752681020865,0.0075043837719778106,0.03993309474466028,0,26,0,0,{},0.1,0.09755,215.553177642501,7,0,0,0.09755,0.0,0.0024500000000000077,0.09755,0.0,0.0024500000000000077,0.09755,0.0,0.0024500000000000077,0.09755,0.0,0.0024500000000000077,0.09755,0.0,0.0024500000000000077,1.0,0.90245,0.9,1.0,0.90245,0.9
homogeneous_k100_n3_balanced,homogeneous,development,300,100,100,0.11785113019775792,0.01,0.07071067811865481,conditional_monte_carlo,,saddlepoint,0.0,0.005821166909299791,0.023610466602258386,0.029431633511558176,0.13999358308501542,4.756568575442412,0.018096752681020865,0.0075043837719778106,0.03993309474466028,0,26,0,0,{},0.05,0.04475,221.098355086981,8,0,0,0.04475,0.0,0.005250000000000005,0.04475,0.0,0.005250000000000005,0.044750000000000005,6.938893903907228e-18,0.005249999999999998,0.044750000000000005,6.938893903907228e-18,0.005249999999999998,0.044750000000000005,6.938893903907228e-18,0.005249999999999998,1.0,0.95525,0.95,1.0,0.95525,0.95
homogeneous_k100_n3_balanced,homogeneous,development,300,100,100,0.11785113019775792,0.01,0.07071067811865481,conditional_monte_carlo,,saddlepoint,0.0,0.005821166909299791,0.023610466602258386,0.029431633511558176,0.13999358308501542,4.756568575442412,0.018096752681020865,0.0075043837719778106,0.03993309474466028,0,26,0,0,{},0.01,0.00615,229.4161212537,7,0,0,0.01025,0.0041,0.0002500000000000002,0.01025,0.0041,0.0002500000000000002,0.01025,0.0041,0.0002500000000000002,0.01025,0.0041,0.0002500000000000002,0.01025,0.0041,0.0002500000000000002,1.0,0.99385,0.99,1.0,0.99385,0.99
homogeneous_k100_n3_balanced,homogeneous,development,300,100,100,0.11785113019775792,0.01,0.07071067811865481,conditional_monte_carlo,,saddlepoint,0.0,0.005821166909299791,0.023610466602258386,0.029431633511558176,0.13999358308501542,4.756568575442412,0.018096752681020865,0.0075043837719778106,0.03993309474466028,0,26,0,0,{},0.001,0.0008500000000000001,240.506476142659,7,0,0,0.0016500000000000002,0.0008000000000000001,0.0006500000000000002,0.0008500000000000001,0.0,0.00014999999999999996,0.0008500000000000001,0.0,0.00014999999999999996,0.0008500000000000001,0.0,0.00014999999999999996,0.0008500000000000001,0.0,0.00014999999999999996,0.9998,0.99895,0.9988,0.9998,0.99895,0.9988
homogeneous_k100_n10_balanced,homogeneous,development,1000,100,100,0.3581236460902869,0.01,0.344200331462829,conditional_monte_carlo,,saddlepoint,0.0,0.005886374972760677,0.02734024589881301,0.03322662087157369,0.14123016700614244,4.250512489729849,0.012152076657160636,0.004224625945965824,0.032743214483806904,0,69,0,0,{},0.1,0.0947,143.139560909018,9,0,0,0.1096,0.014899999999999997,0.009599999999999997,0.10540000000000001,0.010700000000000001,0.005400000000000002,0.10540000000000001,0.010700000000000001,0.005400000000000002,0.10540000000000001,0.010700000000000001,0.005400000000000002,0.10540000000000001,0.010700000000000001,0.005400000000000002,0.52085,0.42615000000000003,0.42085000000000006,0.52085,0.42615000000000003,0.42085000000000006
homogeneous_k100_n10_balanced,homogeneous,development,1000,100,100,0.3581236460902869,0.01,0.344200331462829,conditional_monte_carlo,,saddlepoint,0.0,0.005886374972760677,0.02734024589881301,0.03322662087157369,0.14123016700614244,4.250512489729849,0.012152076657160636,0.004224625945965824,0.032743214483806904,0,69,0,0,{},0.05,0.04725,150.740942922861,9,0,0,0.0628,0.015549999999999994,0.012799999999999992,0.04725,0.0,0.0027500000000000024,0.04725000000000001,6.938893903907228e-18,0.0027499999999999955,0.04725000000000001,6.938893903907228e-18,0.0027499999999999955,0.04725000000000001,6.938893903907228e-18,0.0027499999999999955,0.37055,0.3233,0.32055,0.37055,0.3233,0.32055
homogeneous_k100_n10_balanced,homogeneous,development,1000,100,100,0.3581236460902869,0.01,0.344200331462829,conditional_monte_carlo,,saddlepoint,0.0,0.005886374972760677,0.02734024589881301,0.03322662087157369,0.14123016700614244,4.250512489729849,0.012152076657160636,0.004224625945965824,0.032743214483806904,0,69,0,0,{},0.01,0.00955,166.259336582466,9,0,0,0.01625,0.006700000000000001,0.00625,0.010599999999999998,0.0010499999999999989,0.0005999999999999981,0.010599999999999998,0.0010499999999999989,0.0005999999999999981,0.010599999999999998,0.0010499999999999989,0.0005999999999999981,0.010599999999999998,0.0010499999999999989,0.0005999999999999981,0.18875000000000003,0.17920000000000003,0.17875000000000002,0.18875000000000003,0.17920000000000003,0.17875000000000002
homogeneous_k100_n10_balanced,homogeneous,development,1000,100,100,0.3581236460902869,0.01,0.344200331462829,conditional_monte_carlo,,saddlepoint,0.0,0.005886374972760677,0.02734024589881301,0.03322662087157369,0.14123016700614244,4.250512489729849,0.012152076657160636,0.004224625945965824,0.032743214483806904,0,69,0,0,{},0.001,0.001,183.520260929573,9,0,0,0.0033,0.0023,0.0023,0.0013,0.0002999999999999999,0.0002999999999999999,0.0009500000000000001,4.9999999999999914e-05,4.9999999999999914e-05,0.0009500000000000001,4.9999999999999914e-05,4.9999999999999914e-05,0.0009500000000000001,4.9999999999999914e-05,4.9999999999999914e-05,0.0626,0.0616,0.0616,0.0626,0.0616,0.0616
homogeneous_k100_n10_x_skew,homogeneous,development,1000,100,0,0.0,0.0,0.0,exact_convolution,1.0,exact_convolution,0.0031034580897539854,0.005873207934200764,9.999959729611873e-07,0.0031034580897539854,0.1405069170286879,45.274307873713234,0.0,0.0,0.0,0,1,1,0,"{""exact_lower_endpoint"": 1}",0.1,0.0,,1,1,0,0.0,0.0,0.1,0.0,0.0,0.1,0.0,0.0,0.1,0.0,0.0,0.1,0.0,0.0,0.1,1.0,1.0,0.9,0.0,0.0,0.1
homogeneous_k100_n10_x_skew,homogeneous,development,1000,100,0,0.0,0.0,0.0,exact_convolution,1.0,exact_convolution,0.0031034580897539854,0.005873207934200764,9.999959729611873e-07,0.0031034580897539854,0.1405069170286879,45.274307873713234,0.0,0.0,0.0,0,1,1,0,"{""exact_lower_endpoint"": 1}",0.05,0.0,,1,1,0,0.0,0.0,0.05,0.0,0.0,0.05,0.0,0.0,0.05,0.0,0.0,0.05,0.0,0.0,0.05,1.0,1.0,0.95,0.0,0.0,0.05
homogeneous_k100_n10_x_skew,homogeneous,development,1000,100,0,0.0,0.0,0.0,exact_convolution,1.0,exact_convolution,0.0031034580897539854,0.005873207934200764,9.999959729611873e-07,0.0031034580897539854,0.1405069170286879,45.274307873713234,0.0,0.0,0.0,0,1,1,0,"{""exact_lower_endpoint"": 1}",0.01,0.0,,1,1,0,0.0,0.0,0.01,0.0,0.0,0.01,0.0,0.0,0.01,0.0,0.0,0.01,0.0,0.0,0.01,1.0,1.0,0.99,0.0,0.0,0.01
homogeneous_k100_n10_x_skew,homogeneous,development,1000,100,0,0.0,0.0,0.0,exact_convolution,1.0,exact_convolution,0.0031034580897539854,0.005873207934200764,9.999959729611873e-07,0.0031034580897539854,0.1405069170286879,45.274307873713234,0.0,0.0,0.0,0,1,1,0,"{""exact_lower_endpoint"": 1}",0.001,0.0,,1,1,0,0.0,0.0,0.001,0.0,0.0,0.001,0.0,0.0,0.001,0.0,0.0,0.001,0.0,0.0,0.001,1.0,1.0,0.999,0.0,0.0,0.001
homogeneous_k100_n10_both_skew,homogeneous,heldout,1000,100,100,0.2733333333333334,0.01,0.26666666666666666,conditional_monte_carlo,,saddlepoint,0.0,0.005910667008720338,0.025001033302396537,0.030911700311116876,0.14293279103003442,4.6239058217910785,0.029951599302526544,0.007057551450134055,0.07363076801784396,0,20,1,0,"{""near_mean_edgeworth"": 1}",0.1,0.07295,110.173862417883,7,0,0,0.12755,0.054599999999999996,0.02754999999999999,0.12755,0.054599999999999996,0.02754999999999999,0.12754999999999997,0.05459999999999997,0.027549999999999963,0.12754999999999997,0.05459999999999997,0.027549999999999963,0.12754999999999997,0.05459999999999997,0.027549999999999963,0.039599999999999996,0.033350000000000005,0.06040000000000001,0.039599999999999996,0.033350000000000005,0.06040000000000001
homogeneous_k100_n10_both_skew,homogeneous,heldout,1000,100,100,0.2733333333333334,0.01,0.26666666666666666,conditional_monte_carlo,,saddlepoint,0.0,0.005910667008720338,0.025001033302396537,0.030911700311116876,0.14293279103003442,4.6239058217910785,0.029951599302526544,0.007057551450134055,0.07363076801784396,0,20,1,0,"{""near_mean_edgeworth"": 1}",0.05,0.039599999999999996,122.731817868232,7,0,0,0.07295,0.033350000000000005,0.022949999999999998,0.039599999999999996,0.0,0.010400000000000006,0.0396,6.938893903907228e-18,0.0104,0.0396,6.938893903907228e-18,0.0104,0.0396,6.938893903907228e-18,0.0104,0.02105,0.018549999999999997,0.028950000000000004,0.02105,0.018549999999999997,0.028950000000000004
homogeneous_k100_n10_both_skew,homogeneous,heldout,1000,100,100,0.2733333333333334,0.01,0.26666666666666666,conditional_monte_carlo,,saddlepoint,0.0,0.005910667008720338,0.025001033302396537,0.030911700311116876,0.14293279103003442,4.6239058217910785,0.029951599302526544,0.007057551450134055,0.07363076801784396,0,20,1,0,"{""near_mean_edgeworth"": 1}",0.01,0.0098,135.289773318581,7,0,0,0.02105,0.01125,0.011049999999999999,0.0098,0.0,0.00020000000000000052,0.0098,0.0,0.00020000000000000052,0.0098,0.0,0.00020000000000000052,0.0098,0.0,0.00020000000000000052,0.0044,0.005399999999999999,0.0056,0.0044,0.005399999999999999,0.0056
homogeneous_k100_n10_both_skew,homogeneous,heldout,1000,100,100,0.2733333333333334,0.01,0.26666666666666666,conditional_monte_carlo,,saddlepoint,0.0,0.005910667008720338,0.025001033302396537,0.030911700311116876,0.14293279103003442,4.6239058217910785,0.029951599302526544,0.007057551450134055,0.07363076801784396,0,20,1,0,"{""near_mean_edgeworth"": 1}",0.001,0.0007000000000000001,154.126706494105,7,0,0,0.0019,0.0012,0.0009,0.0007000000000000001,0.0,0.0002999999999999999,0.0007000000000000001,0.0,0.0002999999999999999,0.0007000000000000001,0.0,0.0002999999999999999,0.0007000000000000001,0.0,0.0002999999999999999,0.0007000000000000001,0.0,0.0002999999999999999,0.0007000000000000001,0.0,0.0002999999999999999
homogeneous_k100_n30_balanced,homogeneous,development,3000,100,100,0.3098654910349538,0.01,0.2848809874518896,conditional_monte_carlo,,saddlepoint,0.0,0.0059643329586833715,0.027427862503100187,0.033392195461783555,0.15638812503311783,4.683373550927483,0.0020098033493118083,0.000901529370080506,0.006636532350596747,0,199,0,0,{},0.1,0.09990000000000002,124.853086152579,15,0,0,0.10395000000000001,0.004049999999999998,0.003950000000000009,0.09665000000000001,0.003250000000000003,0.003349999999999992,0.09705000000000003,0.0028499999999999914,0.0029499999999999804,0.09785000000000002,0.0020499999999999963,0.0021499999999999853,0.09785000000000002,0.0020499999999999963,0.0021499999999999853,0.18545,0.08554999999999999,0.08545,0.18545,0.08554999999999999,0.08545
homogeneous_k100_n30_balanced,homogeneous,development,3000,100,100,0.3098654910349538,0.01,0.2848809874518896,conditional_monte_carlo,,saddlepoint,0.0,0.0059643329586833715,0.027427862503100187,0.033392195461783555,0.15638812503311783,4.683373550927483,0.0020098033493118083,0.000901529370080506,0.006636532350596747,0,199,0,0,{},0.05,0.04990000000000001,131.035385651971,15,0,0,0.05715,0.0072499999999999926,0.007149999999999997,0.049049999999999996,0.0008500000000000105,0.0009500000000000064,0.04945000000000001,0.000449999999999999,0.0005499999999999949,0.05025,0.00034999999999999615,0.0002500000000000002,0.05025,0.00034999999999999615,0.0002500000000000002,0.10545000000000002,0.05555000000000001,0.05545000000000001,0.10545000000000002,0.05555000000000001,0.05545000000000001
homogeneous_k100_n30_balanced,homogeneous,development,3000,100,100,0.3098654910349538,0.01,0.2848809874518896,conditional_monte_carlo,,saddlepoint,0.0,0.0059643329586833715,0.027427862503100187,0.033392195461783555,0.15638812503311783,4.683373550927483,0.0020098033493118083,0.000901529370080506,0.006636532350596747,0,199,0,0,{},0.01,0.010000000000000002,143.16404840214,15,0,0,0.015799999999999998,0.005799999999999996,0.005799999999999998,0.010150000000000001,0.0001499999999999991,0.00015000000000000083,0.009750000000000003,0.0002499999999999985,0.00024999999999999675,0.009800000000000003,0.0001999999999999988,0.00019999999999999706,0.009800000000000003,0.0001999999999999988,0.00019999999999999706,0.02615,0.016149999999999998,0.016149999999999998,0.02615,0.016149999999999998,0.016149999999999998
homogeneous_k100_n30_balanced,homogeneous,development,3000,100,100,0.3098654910349538,0.01,0.2848809874518896,conditional_monte_carlo,,saddlepoint,0.0,0.0059643329586833715,0.027427862503100187,0.033392195461783555,0.15638812503311783,4.683373550927483,0.0020098033493118083,0.000901529370080506,0.006636532350596747,0,199,0,0,{},0.001,0.0009500000000000001,158.086998950326,14,0,0,0.0023,0.0013499999999999999,0.0013,0.0009500000000000001,0.0,4.9999999999999914e-05,0.0006500000000000001,0.00030000000000000003,0.00034999999999999994,0.0006500000000000001,0.00030000000000000003,0.00034999999999999994,0.0006500000000000001,0.00030000000000000003,0.00034999999999999994,0.00345,0.0024999999999999996,0.00245,0.00345,0.0024999999999999996,0.00245
homogeneous_k100_n30_x_skew,homogeneous,heldout,3000,100,100,0.15639782051076054,0.01,0.1323037168951557,conditional_monte_carlo,,saddlepoint,0.0,0.005944665987044573,0.022732904192525893,0.028677570179570466,0.1566170830046758,5.4613093795599115,0.020246131830210963,0.007267321354462962,0.0460769457258699,0,24,0,0,{},0.1,0.07665,152.934097488686,7,0,0,0.11754999999999999,0.04089999999999999,0.017549999999999982,0.11754999999999999,0.04089999999999999,0.017549999999999982,0.11754999999999999,0.04089999999999999,0.017549999999999982,0.11754999999999999,0.04089999999999999,0.017549999999999982,0.11754999999999999,0.04089999999999999,0.017549999999999982,0.7509,0.67425,0.6509,0.7509,0.67425,0.6509
homogeneous_k100_n30_x_skew,homogeneous,heldout,3000,100,100,0.15639782051076054,0.01,0.1323037168951557,conditional_monte_carlo,,saddlepoint,0.0,0.005944665987044573,0.022732904192525893,0.028677570179570466,0.1566170830046758,5.4613093795599115,0.020246131830210963,0.007267321354462962,0.0460769457258699,0,24,0,0,{},0.05,0.0492,161.166221717726,7,0,0,0.0492,0.0,0.0008000000000000021,0.0492,0.0,0.0008000000000000021,0.04920000000000001,6.938893903907228e-18,0.0007999999999999952,0.04920000000000001,6.938893903907228e-18,0.0007999999999999952,0.04920000000000001,6.938893903907228e-18,0.0007999999999999952,0.5740000000000001,0.5248,0.524,0.5740000000000001,0.5248,0.524
homogeneous_k100_n30_x_skew,homogeneous,heldout,3000,100,100,0.15639782051076054,0.01,0.1323037168951557,conditional_monte_carlo,,saddlepoint,0.0,0.005944665987044573,0.022732904192525893,0.028677570179570466,0.1566170830046758,5.4613093795599115,0.020246131830210963,0.007267321354462962,0.0460769457258699,0,24,0,0,{},0.01,0.0053,173.514408061286,7,0,0,0.010150000000000001,0.004850000000000001,0.00015000000000000083,0.010150000000000001,0.004850000000000001,0.00015000000000000083,0.01015,0.004849999999999999,0.0001499999999999991,0.01015,0.004849999999999999,0.0001499999999999991,0.01015,0.004849999999999999,0.0001499999999999991,0.39139999999999997,0.38609999999999994,0.38139999999999996,0.39139999999999997,0.38609999999999994,0.38139999999999996
homogeneous_k100_n30_x_skew,homogeneous,heldout,3000,100,100,0.15639782051076054,0.01,0.1323037168951557,conditional_monte_carlo,,saddlepoint,0.0,0.005944665987044573,0.022732904192525893,0.028677570179570466,0.1566170830046758,5.4613093795599115,0.020246131830210963,0.007267321354462962,0.0460769457258699,0,24,0,0,{},0.001,0.0005,185.862594404846,7,0,0,0.00115,0.00065,0.00014999999999999996,0.00115,0.00065,0.00014999999999999996,0.0005,0.0,0.0005,0.0011499999999999998,0.0006499999999999998,0.00014999999999999974,0.0011499999999999998,0.0006499999999999998,0.00014999999999999974,0.11754999999999999,0.11704999999999999,0.11654999999999999,0.11754999999999999,0.11704999999999999,0.11654999999999999
homogeneous_k100_n30_both_skew,homogeneous,heldout,3000,100,100,0.6590761053185895,0.01,0.6535579128424946,conditional_monte_carlo,,saddlepoint,0.0,0.005865124985575676,0.02967578750103712,0.0355409124866128,0.1572817920241505,4.425372929954847,0.005023116577877997,0.0025644520742847815,0.015046820056684784,0,98,0,0,{},0.1,0.0957,112.990520705364,11,0,0,0.10590000000000002,0.010200000000000028,0.005900000000000016,0.0957,0.0,0.004300000000000012,0.1025,0.0068000000000000005,0.0024999999999999883,0.1028,0.007100000000000009,0.002799999999999997,0.1028,0.007100000000000009,0.002799999999999997,0.04394999999999999,0.051750000000000004,0.056050000000000016,0.04394999999999999,0.051750000000000004,0.056050000000000016
homogeneous_k100_n30_both_skew,homogeneous,heldout,3000,100,100,0.6590761053185895,0.01,0.6535579128424946,conditional_monte_carlo,,saddlepoint,0.0,0.005865124985575676,0.02967578750103712,0.0355409124866128,0.1572817920241505,4.425372929954847,0.005023116577877997,0.0025644520742847815,0.015046820056684784,0,98,0,0,{},0.05,0.04984999999999999,117.707465427509,10,0,0,0.06664999999999999,0.016799999999999995,0.016649999999999984,0.04624999999999999,0.003599999999999999,0.0037500000000000103,0.04984999999999999,0.0,0.00015000000000001124,0.051649999999999995,0.001800000000000003,0.0016499999999999918,0.051649999999999995,0.001800000000000003,0.0016499999999999918,0.017750000000000002,0.03209999999999999,0.03225,0.017750000000000002,0.03209999999999999,0.03225
homogeneous_k100_n30_both_skew,homogeneous,heldout,3000,100,100,0.6590761053185895,0.01,0.6535579128424946,conditional_monte_carlo,,saddlepoint,0.0,0.005865124985575676,0.02967578750103712,0.0355409124866128,0.1572817920241505,4.425372929954847,0.005023116577877997,0.0025644520742847815,0.015046820056684784,0,98,0,0,{},0.01,0.009949999999999999,127.207292274831,10,0,0,0.02275,0.0128,0.01275,0.011549999999999998,0.001599999999999999,0.0015499999999999976,0.009949999999999999,0.0,5.000000000000143e-05,0.010299999999999998,0.0003499999999999996,0.0002999999999999982,0.010299999999999998,0.0003499999999999996,0.0002999999999999982,0.0026000000000000003,0.007349999999999999,0.0074,0.0026000000000000003,0.007349999999999999,0.0074
homogeneous_k100_n30_both_skew,homogeneous,heldout,3000,100,100,0.6590761053185895,0.01,0.6535579128424946,conditional_monte_carlo,,saddlepoint,0.0,0.005865124985575676,0.02967578750103712,0.0355409124866128,0.1572817920241505,4.425372929954847,0.005023116577877997,0.0025644520742847815,0.015046820056684784,0,98,0,0,{},0.001,0.00095,139.212889145816,11,0,0,0.00595,0.005,0.00495,0.0029000000000000002,0.0019500000000000003,0.0019000000000000002,0.0014499999999999997,0.0004999999999999997,0.00044999999999999966,0.0014999999999999996,0.0005499999999999996,0.0004999999999999996,0.0014999999999999996,0.0005499999999999996,0.0004999999999999996,5e-05,0.0009,0.00095,5e-05,0.0009,0.00095
few_informative_k20_m2,few_informative,development,64,20,2,1.2058178923517788,0.5,0.9040325774667459,exact_convolution,6.0,exact_convolution,0.0006121250335127115,0.0011508340248838067,0.00549427920486778,0.0006121250335127115,0.005847542081028223,9.552855643677562,0.05869079174653141,0.01712766413465601,0.1753971451683956,0,6,2,0,"{""exact_lower_endpoint"": 1, ""exact_upper_endpoint"": 1}",0.1,0.06999999999999999,9.641148330417,5,2,0,0.06999999999999999,0.0,0.030000000000000013,0.06999999999999999,0.0,0.030000000000000013,0.06999999999999999,0.0,0.030000000000000013,0.06999999999999999,0.0,0.030000000000000013,0.06999999999999999,0.0,0.030000000000000013,0.0,0.06999999999999999,0.1,0.28,0.21000000000000002,0.18000000000000002
few_informative_k20_m2,few_informative,development,64,20,2,1.2058178923517788,0.5,0.9040325774667459,exact_convolution,6.0,exact_convolution,0.0006121250335127115,0.0011508340248838067,0.00549427920486778,0.0006121250335127115,0.005847542081028223,9.552855643677562,0.05869079174653141,0.01712766413465601,0.1753971451683956,0,6,2,0,"{""exact_lower_endpoint"": 1, ""exact_upper_endpoint"": 1}",0.05,0.01,9.641148330417,5,2,0,0.06999999999999999,0.05999999999999999,0.01999999999999999,0.06999999999999999,0.05999999999999999,0.01999999999999999,0.06999999999999999,0.05999999999999999,0.01999999999999999,0.06999999999999999,0.05999999999999999,0.01999999999999999,0.01,0.0,0.04,0.0,0.01,0.05,0.19,0.18,0.14
few_informative_k20_m2,few_informative,development,64,20,2,1.2058178923517788,0.5,0.9040325774667459,exact_convolution,6.0,exact_convolution,0.0006121250335127115,0.0011508340248838067,0.00549427920486778,0.0006121250335127115,0.005847542081028223,9.552855643677562,0.05869079174653141,0.01712766413465601,0.1753971451683956,0,6,2,0,"{""exact_lower_endpoint"": 1, ""exact_upper_endpoint"": 1}",0.01,0.01,,1,1,0,0.01,0.0,0.0,0.01,0.0,0.0,0.01,0.0,0.0,0.0,0.01,0.01,0.01,0.0,0.0,0.0,0.01,0.01,0.06999999999999999,0.05999999999999999,0.05999999999999999
few_informative_k20_m2,few_informative,development,64,20,2,1.2058178923517788,0.5,0.9040325774667459,exact_convolution,6.0,exact_convolution,0.0006121250335127115,0.0011508340248838067,0.00549427920486778,0.0006121250335127115,0.005847542081028223,9.552855643677562,0.05869079174653141,0.01712766413465601,0.1753971451683956,0,6,2,0,"{""exact_lower_endpoint"": 1, ""exact_upper_endpoint"": 1}",0.001,0.0,,1,1,0,0.01,0.01,0.009000000000000001,0.0,0.0,0.001,0.0,0.0,0.001,0.0,0.0,0.001,0.0,0.0,0.001,0.0,0.0,0.001,0.0,0.0,0.001
few_informative_k20_m5,few_informative,development,70,20,5,0.76262619664307,0.2,0.5717604047575061,exact_convolution,21.0,exact_convolution,0.0006978749297559261,0.0011268750531598926,0.005219808302354067,0.0006978749297559261,0.009615915943868458,13.778852819990991,0.027177109403167202,0.007136939619829361,0.10739515677334222,0,17,1,0,"{""exact_lower_endpoint"": 1}",0.1,0.09874,14.55515830162,7,2,0,0.09874,0.0,0.0012600000000000111,0.09874,0.0,0.0012600000000000111,0.09874,0.0,0.0012600000000000111,0.09874,0.0,0.0012600000000000111,0.09874,0.0,0.0012600000000000111,0.00015999999999999999,0.09858,0.09984000000000001,0.37144,0.2727,0.27144
few_informative_k20_m5,few_informative,development,70,20,5,0.76262619664307,0.2,0.5717604047575061,exact_convolution,21.0,exact_convolution,0.0006978749297559261,0.0011268750531598926,0.005219808302354067,0.0006978749297559261,0.009615915943868458,13.778852819990991,0.027177109403167202,0.007136939619829361,0.10739515677334222,0,17,1,0,"{""exact_lower_endpoint"": 1}",0.05,0.031509999999999996,18.374243311389,6,2,0,0.06391,0.0324,0.013909999999999992,0.031509999999999996,0.0,0.018490000000000006,0.031509999999999996,0.0,0.018490000000000006,0.031509999999999996,0.0,0.018490000000000006,0.031509999999999996,0.0,0.018490000000000006,9.999999999999999e-06,0.03149999999999999,0.04999,0.24184000000000003,0.21033000000000002,0.19184
few_informative_k20_m5,few_informative,development,70,20,5,0.76262619664307,0.2,0.5717604047575061,exact_convolution,21.0,exact_convolution,0.0006978749297559261,0.0011268750531598926,0.005219808302354067,0.0006978749297559261,0.009615915943868458,13.778852819990991,0.027177109403167202,0.007136939619829361,0.10739515677334222,0,17,1,0,"{""exact_lower_endpoint"": 1}",0.01,0.007659999999999998,22.193328321158,7,2,0,0.02746,0.019799999999999998,0.017459999999999996,0.007659999999999998,0.0,0.002340000000000002,0.0076599999999999975,8.673617379884035e-19,0.0023400000000000027,0.0076599999999999975,8.673617379884035e-19,0.0023400000000000027,0.007659999999999998,0.0,0.002340000000000002,0.0,0.007659999999999998,0.01,0.09631,0.08865,0.08631000000000001
few_informative_k20_m5,few_informative,development,70,20,5,0.76262619664307,0.2,0.5717604047575061,exact_convolution,21.0,exact_convolution,0.0006978749297559261,0.0011268750531598926,0.005219808302354067,0.0006978749297559261,0.009615915943868458,13.778852819990991,0.027177109403167202,0.007136939619829361,0.10739515677334222,0,17,1,0,"{""exact_lower_endpoint"": 1}",0.001,0.00045999999999999996,26.012413330927,6,2,0,0.004959999999999999,0.004499999999999999,0.003959999999999999,0.0013599999999999999,0.0009,0.00035999999999999986,0.00046,5.421010862427522e-20,0.00054,0.0013599999999999999,0.0009,0.00035999999999999986,0.00045999999999999996,0.0,0.0005400000000000001,0.0,0.00045999999999999996,0.001,0.007659999999999998,0.007199999999999998,0.006659999999999998
dominant_stratum_k20,dominant_stratum,development,93,20,7,0.6149055295102561,0.1467396818588654,0.5072161701413069,exact_convolution,56.0,exact_convolution,0.0008157499833032489,0.001184999942779541,0.005627862503752112,0.0008157499833032489,0.012365833041258156,15.158851724623636,0.0339008161913416,0.009243359790943794,0.10842705082971704,0,20,1,0,"{""exact_lower_endpoint"": 1}",0.1,0.06545332400813547,16.742962725437,8,2,0,0.10803385946632793,0.04258053545819246,0.008033859466327925,0.10803385946632793,0.04258053545819246,0.008033859466327925,0.10803385946632793,0.04258053545819246,0.008033859466327925,0.10803385946632793,0.04258053545819246,0.008033859466327925,0.06545332400813547,0.0,0.034546675991864534,0.00030934696659245034,0.06514397704154302,0.09969065303340756,0.31774489975898096,0.2522915757508455,0.21774489975898095
dominant_stratum_k20,dominant_stratum,development,93,20,7,0.6149055295102561,0.1467396818588654,0.5072161701413069,exact_convolution,56.0,exact_convolution,0.0008157499833032489,0.001184999942779541,0.005627862503752112,0.0008157499833032489,0.012365833041258156,15.158851724623636,0.0339008161913416,0.009243359790943794,0.10842705082971704,0,20,1,0,"{""exact_lower_endpoint"": 1}",0.05,0.04299824989584408,18.509667451139,7,2,0,0.06545332400813547,0.02245507411229139,0.015453324008135469,0.05832724266079335,0.01532899276494927,0.00832724266079335,0.058327242660793366,0.015328992764949284,0.008327242660793363,0.0654533240081355,0.022455074112291418,0.015453324008135497,0.04299824989584408,0.0,0.007001750104155921,4.4729572339934586e-05,0.04295352032350415,0.04995527042766007,0.2219386949780479,0.17894044508220383,0.17193869497804792
dominant_stratum_k20,dominant_stratum,development,93,20,7,0.6149055295102561,0.1467396818588654,0.5072161701413069,exact_convolution,56.0,exact_convolution,0.0008157499833032489,0.001184999942779541,0.005627862503752112,0.0008157499833032489,0.012365833041258156,15.158851724623636,0.0339008161913416,0.009243359790943794,0.10842705082971704,0,20,1,0,"{""exact_lower_endpoint"": 1}",0.01,0.00678121867684881,22.105939683036,8,2,0,0.013805913830662674,0.007024695153813864,0.0038059138306626734,0.013780614133571518,0.0069993954567227085,0.0037806141335715183,0.010613466868086128,0.0038322481912373176,0.0006134668680861273,0.013805913830662672,0.007024695153813862,0.0038059138306626716,0.00678121867684881,0.0,0.0032187813231511903,2.6760236015328894e-06,0.006778542653247277,0.009997323976398468,0.06545332400813547,0.05867210533128666,0.05545332400813547
dominant_stratum_k20,dominant_stratum,development,93,20,7,0.6149055295102561,0.1467396818588654,0.5072161701413069,exact_convolution,56.0,exact_convolution,0.0008157499833032489,0.001184999942779541,0.005627862503752112,0.0008157499833032489,0.012365833041258156,15.158851724623636,0.0339008161913416,0.009243359790943794,0.10842705082971704,0,20,1,0,"{""exact_lower_endpoint"": 1}",0.001,0.0008704536396873884,27.099517333701,7,2,0,0.003643157457679104,0.0027727038179917157,0.002643157457679104,0.002173206881557045,0.0013027532418696565,0.0011732068815570448,0.0003881998100335475,0.00048225382965384094,0.0006118001899664525,0.0008704536396873884,0.0,0.00012954636031261158,0.0008704536396873884,0.0,0.00012954636031261158,1.2196523843663824e-07,0.0008703316744489518,0.0009998780347615635,0.003643157457679104,0.0027727038179917157,0.002643157457679104
heterogeneous_k20_v0,heterogeneous,development,272,20,20,0.5935993388458105,0.08190175444417139,0.5083039516419153,conditional_monte_carlo,,saddlepoint,0.0,0.0012591660488396883,0.005611562496051192,0.00687072854489088,0.03019049996510148,4.394075499832014,0.0035033281882986744,0.0017409887282541763,0.00953630207429823,0,196,0,0,{},0.1,0.09985,36.598530034386,13,1,0,0.1026,0.0027500000000000024,0.002599999999999991,0.09340000000000001,0.0064499999999999835,0.006599999999999995,0.09395,0.005899999999999989,0.00605,0.09830000000000001,0.001549999999999982,0.0016999999999999932,0.09830000000000001,0.001549999999999982,0.0016999999999999932,0.45185,0.352,0.35185,0.45185,0.352,0.35185
heterogeneous_k20_v0,heterogeneous,development,272,20,20,0.5935993388458105,0.08190175444417139,0.5083039516419153,conditional_monte_carlo,,saddlepoint,0.0,0.0012591660488396883,0.005611562496051192,0.00687072854489088,0.03019049996510148,4.394075499832014,0.0035033281882986744,0.0017409887282541763,0.00953630207429823,0,196,0,0,{},0.05,0.0499,39.445888851511,13,1,0,0.058800000000000005,0.008900000000000005,0.008800000000000002,0.044800000000000006,0.005099999999999993,0.005199999999999996,0.04665,0.003250000000000003,0.0033500000000000058,0.04775,0.002149999999999999,0.002250000000000002,0.04775,0.002149999999999999,0.002250000000000002,0.28225,0.23235,0.23225,0.28225,0.23235,0.23225
heterogeneous_k20_v0,heterogeneous,development,272,20,20,0.5935993388458105,0.08190175444417139,0.5083039516419153,conditional_monte_carlo,,saddlepoint,0.0,0.0012591660488396883,0.005611562496051192,0.00687072854489088,0.03019049996510148,4.394075499832014,0.0035033281882986744,0.0017409887282541763,0.00953630207429823,0,196,0,0,{},0.01,0.01,45.292976179899,13,1,0,0.016800000000000002,0.006800000000000002,0.006800000000000002,0.00955,0.00045000000000000075,0.00045000000000000075,0.00895,0.0010500000000000006,0.0010500000000000006,0.00895,0.0010500000000000006,0.0010500000000000006,0.00895,0.0010500000000000006,0.0010500000000000006,0.07695,0.06695000000000001,0.06695000000000001,0.07695,0.06695000000000001,0.06695000000000001
heterogeneous_k20_v0,heterogeneous,development,272,20,20,0.5935993388458105,0.08190175444417139,0.5083039516419153,conditional_monte_carlo,,saddlepoint,0.0,0.0012591660488396883,0.005611562496051192,0.00687072854489088,0.03019049996510148,4.394075499832014,0.0035033281882986744,0.0017409887282541763,0.00953630207429823,0,196,0,0,{},0.001,0.0009500000000000001,52.644480484823,14,1,0,0.0046,0.0036499999999999996,0.0036,0.0019,0.0009499999999999999,0.0009,0.001,4.9999999999999914e-05,0.0,0.001,4.9999999999999914e-05,0.0,0.001,4.9999999999999914e-05,0.0,0.00885,0.0079,0.00785,0.00885,0.0079,0.00785
few_informative_k100_m2,few_informative,development,304,100,2,1.2058178923517788,0.5,0.9040325774667459,exact_convolution,6.0,exact_convolution,0.002833249978721142,0.005408458993770182,0.02773315419908613,0.002833249978721142,0.018262290977872908,6.445704090719185,0.05869079174653141,0.01712766413465601,0.1753971451683956,0,6,2,0,"{""exact_lower_endpoint"": 1, ""exact_upper_endpoint"": 1}",0.1,0.06999999999999999,9.641148330417,5,2,0,0.06999999999999999,0.0,0.030000000000000013,0.06999999999999999,0.0,0.030000000000000013,0.06999999999999999,0.0,0.030000000000000013,0.06999999999999999,0.0,0.030000000000000013,0.06999999999999999,0.0,0.030000000000000013,0.0,0.06999999999999999,0.1,0.28,0.21000000000000002,0.18000000000000002
few_informative_k100_m2,few_informative,development,304,100,2,1.2058178923517788,0.5,0.9040325774667459,exact_convolution,6.0,exact_convolution,0.002833249978721142,0.005408458993770182,0.02773315419908613,0.002833249978721142,0.018262290977872908,6.445704090719185,0.05869079174653141,0.01712766413465601,0.1753971451683956,0,6,2,0,"{""exact_lower_endpoint"": 1, ""exact_upper_endpoint"": 1}",0.05,0.01,9.641148330417,5,2,0,0.06999999999999999,0.05999999999999999,0.01999999999999999,0.06999999999999999,0.05999999999999999,0.01999999999999999,0.06999999999999999,0.05999999999999999,0.01999999999999999,0.06999999999999999,0.05999999999999999,0.01999999999999999,0.01,0.0,0.04,0.0,0.01,0.05,0.19,0.18,0.14
few_informative_k100_m2,few_informative,development,304,100,2,1.2058178923517788,0.5,0.9040325774667459,exact_convolution,6.0,exact_convolution,0.002833249978721142,0.005408458993770182,0.02773315419908613,0.002833249978721142,0.018262290977872908,6.445704090719185,0.05869079174653141,0.01712766413465601,0.1753971451683956,0,6,2,0,"{""exact_lower_endpoint"": 1, ""exact_upper_endpoint"": 1}",0.01,0.01,,1,1,0,0.01,0.0,0.0,0.01,0.0,0.0,0.01,0.0,0.0,0.0,0.01,0.01,0.01,0.0,0.0,0.0,0.01,0.01,0.06999999999999999,0.05999999999999999,0.05999999999999999
few_informative_k100_m2,few_informative,development,304,100,2,1.2058178923517788,0.5,0.9040325774667459,exact_convolution,6.0,exact_convolution,0.002833249978721142,0.005408458993770182,0.02773315419908613,0.002833249978721142,0.018262290977872908,6.445704090719185,0.05869079174653141,0.01712766413465601,0.1753971451683956,0,6,2,0,"{""exact_lower_endpoint"": 1, ""exact_upper_endpoint"": 1}",0.001,0.0,,1,1,0,0.01,0.01,0.009000000000000001,0.0,0.0,0.001,0.0,0.0,0.001,0.0,0.0,0.001,0.0,0.0,0.001,0.0,0.0,0.001,0.0,0.0,0.001
few_informative_k100_m5,few_informative,heldout,310,100,5,0.76262619664307,0.2,0.5717604047575061,exact_convolution,21.0,exact_convolution,0.003205416025593877,0.005494749988429248,0.025161670800298453,0.003205416025593877,0.02176545897964388,6.790213440581813,0.027177109403167202,0.007136939619829361,0.10739515677334222,0,17,1,0,"{""exact_lower_endpoint"": 1}",0.1,0.09874,14.55515830162,7,2,0,0.09874,0.0,0.0012600000000000111,0.09874,0.0,0.0012600000000000111,0.09874,0.0,0.0012600000000000111,0.09874,0.0,0.0012600000000000111,0.09874,0.0,0.0012600000000000111,0.0,0.09874,0.1,0.37144,0.2727,0.27144
few_informative_k100_m5,few_informative,heldout,310,100,5,0.76262619664307,0.2,0.5717604047575061,exact_convolution,21.0,exact_convolution,0.003205416025593877,0.005494749988429248,0.025161670800298453,0.003205416025593877,0.02176545897964388,6.790213440581813,0.027177109403167202,0.007136939619829361,0.10739515677334222,0,17,1,0,"{""exact_lower_endpoint"": 1}",0.05,0.031509999999999996,18.374243311389,6,2,0,0.06391,0.0324,0.013909999999999992,0.031509999999999996,0.0,0.018490000000000006,0.031509999999999996,0.0,0.018490000000000006,0.031509999999999996,0.0,0.018490000000000006,0.031509999999999996,0.0,0.018490000000000006,0.0,0.031509999999999996,0.05,0.24184000000000003,0.21033000000000002,0.19184
few_informative_k100_m5,few_informative,heldout,310,100,5,0.76262619664307,0.2,0.5717604047575061,exact_convolution,21.0,exact_convolution,0.003205416025593877,0.005494749988429248,0.025161670800298453,0.003205416025593877,0.02176545897964388,6.790213440581813,0.027177109403167202,0.007136939619829361,0.10739515677334222,0,17,1,0,"{""exact_lower_endpoint"": 1}",0.01,0.007659999999999998,22.193328321158,7,2,0,0.02746,0.019799999999999998,0.017459999999999996,0.007659999999999998,0.0,0.002340000000000002,0.0076599999999999975,8.673617379884035e-19,0.0023400000000000027,0.0076599999999999975,8.673617379884035e-19,0.0023400000000000027,0.007659999999999998,0.0,0.002340000000000002,0.0,0.007659999999999998,0.01,0.09631,0.08865,0.08631000000000001
few_informative_k100_m5,few_informative,heldout,310,100,5,0.76262619664307,0.2,0.5717604047575061,exact_convolution,21.0,exact_convolution,0.003205416025593877,0.005494749988429248,0.025161670800298453,0.003205416025593877,0.02176545897964388,6.790213440581813,0.027177109403167202,0.007136939619829361,0.10739515677334222,0,17,1,0,"{""exact_lower_endpoint"": 1}",0.001,0.00045999999999999996,26.012413330927,6,2,0,0.004959999999999999,0.004499999999999999,0.003959999999999999,0.0013599999999999999,0.0009,0.00035999999999999986,0.00046,5.421010862427522e-20,0.00054,0.0013599999999999999,0.0009,0.00035999999999999986,0.00045999999999999996,0.0,0.0005400000000000001,0.0,0.00045999999999999996,0.001,0.007659999999999998,0.007199999999999998,0.006659999999999998
dominant_stratum_k100,dominant_stratum,development,360,100,34,0.25382292984061605,0.029572859198168037,0.2044418328530546,conditional_monte_carlo,,saddlepoint,0.0,0.005778165999799967,0.02303088749758899,0.028809053497388958,0.05859070795122534,2.033760253752716,0.0143612522399804,0.003519204391117031,0.04744312420050245,0,41,0,0,{},0.1,0.07344999999999999,67.834588700358,8,1,0,0.11575,0.04230000000000002,0.01575,0.11280000000000001,0.039350000000000024,0.012800000000000006,0.1128,0.03935000000000001,0.012799999999999992,0.1128,0.03935000000000001,0.012799999999999992,0.1128,0.03935000000000001,0.012799999999999992,0.0,0.07344999999999999,0.1,0.87665,0.8032,0.7766500000000001
dominant_stratum_k100,dominant_stratum,development,360,100,34,0.25382292984061605,0.029572859198168037,0.2044418328530546,conditional_monte_carlo,,saddlepoint,0.0,0.005778165999799967,0.02303088749758899,0.028809053497388958,0.05859070795122534,2.033760253752716,0.0143612522399804,0.003519204391117031,0.04744312420050245,0,41,0,0,{},0.05,0.04335,71.653673710127,8,1,0,0.057449999999999994,0.014099999999999994,0.007449999999999991,0.0554,0.012049999999999998,0.005399999999999995,0.055400000000000005,0.012050000000000005,0.005400000000000002,0.055400000000000005,0.012050000000000005,0.005400000000000002,0.055400000000000005,0.012050000000000005,0.005400000000000002,0.0,0.04335,0.05,0.76965,0.7263,0.7196499999999999
dominant_stratum_k100,dominant_stratum,development,360,100,34,0.25382292984061605,0.029572859198168037,0.2044418328530546,conditional_monte_carlo,,saddlepoint,0.0,0.005778165999799967,0.02303088749758899,0.028809053497388958,0.05859070795122534,2.033760253752716,0.0143612522399804,0.003519204391117031,0.04744312420050245,0,41,0,0,{},0.01,0.009600000000000001,78.645885754625,8,1,0,0.01225,0.0026499999999999996,0.0022500000000000003,0.012150000000000001,0.00255,0.002150000000000001,0.012149999999999998,0.0025499999999999967,0.0021499999999999974,0.012249999999999999,0.002649999999999998,0.0022499999999999985,0.012249999999999999,0.002649999999999998,0.0022499999999999985,0.0,0.009600000000000001,0.01,0.46495,0.45535,0.45494999999999997
dominant_stratum_k100,dominant_stratum,development,360,100,34,0.25382292984061605,0.029572859198168037,0.2044418328530546,conditional_monte_carlo,,saddlepoint,0.0,0.005778165999799967,0.02303088749758899,0.028809053497388958,0.05859070795122534,2.033760253752716,0.0143612522399804,0.003519204391117031,0.04744312420050245,0,41,0,0,{},0.001,0.00075,87.484550297831,9,1,0,0.00215,0.0014,0.00115,0.0013000000000000002,0.0005500000000000001,0.00030000000000000014,0.0007500000000000001,1.0842021724855044e-19,0.0002499999999999999,0.0012,0.0004499999999999999,0.00019999999999999987,0.0012,0.0004499999999999999,0.00019999999999999987,0.0,0.00075,0.001,0.1425,0.14175,0.1415
heterogeneous_k100_v0,heterogeneous,heldout,1360,100,100,0.2654656946116327,0.016380350888834275,0.22732043782061767,conditional_monte_carlo,,saddlepoint,0.0,0.006037665996700525,0.025250116595998406,0.03128778259269893,0.1482918340479955,4.739608299458068,0.001212754927616077,0.00091637788614883,0.003582848023601537,0,199,0,0,{},0.1,0.1,159.793503818456,16,0,0,0.10345000000000001,0.0034500000000000086,0.0034500000000000086,0.09960000000000002,0.0003999999999999837,0.0003999999999999837,0.10015000000000003,0.0001500000000000251,0.0001500000000000251,0.10060000000000002,0.0006000000000000172,0.0006000000000000172,0.10060000000000002,0.0006000000000000172,0.0006000000000000172,0.9567500000000005,0.8567500000000006,0.8567500000000006,0.9567500000000005,0.8567500000000006,0.8567500000000006
heterogeneous_k100_v0,heterogeneous,heldout,1360,100,100,0.2654656946116327,0.016380350888834275,0.22732043782061767,conditional_monte_carlo,,saddlepoint,0.0,0.006037665996700525,0.025250116595998406,0.03128778259269893,0.1482918340479955,4.739608299458068,0.001212754927616077,0.00091637788614883,0.003582848023601537,0,199,0,0,{},0.05,0.04995000000000001,165.465683971686,16,0,0,0.0535,0.0035499999999999907,0.003499999999999996,0.04775,0.0022000000000000075,0.002250000000000002,0.04815000000000001,0.001799999999999996,0.0018499999999999905,0.04840000000000001,0.0015499999999999958,0.0015999999999999903,0.04840000000000001,0.0015499999999999958,0.0015999999999999903,0.8927000000000005,0.8427500000000004,0.8427000000000004,0.8927000000000005,0.8427500000000004,0.8427000000000004
heterogeneous_k100_v0,heterogeneous,heldout,1360,100,100,0.2654656946116327,0.016380350888834275,0.22732043782061767,conditional_monte_carlo,,saddlepoint,0.0,0.006037665996700525,0.025250116595998406,0.03128778259269893,0.1482918340479955,4.739608299458068,0.001212754927616077,0.00091637788614883,0.003582848023601537,0,199,0,0,{},0.01,0.010000000000000002,176.582040743414,17,0,0,0.013850000000000001,0.0038499999999999993,0.003850000000000001,0.0103,0.0002999999999999982,0.0002999999999999999,0.010050000000000003,5.000000000000143e-05,5.000000000000317e-05,0.010050000000000003,5.000000000000143e-05,5.000000000000317e-05,0.010050000000000003,5.000000000000143e-05,5.000000000000317e-05,0.6466500000000002,0.6366500000000002,0.6366500000000002,0.6466500000000002,0.6366500000000002,0.6366500000000002
heterogeneous_k100_v0,heterogeneous,heldout,1360,100,100,0.2654656946116327,0.016380350888834275,0.22732043782061767,conditional_monte_carlo,,saddlepoint,0.0,0.006037665996700525,0.025250116595998406,0.03128778259269893,0.1482918340479955,4.739608299458068,0.001212754927616077,0.00091637788614883,0.003582848023601537,0,199,0,0,{},0.001,0.0009500000000000001,189.712177718538,16,0,0,0.00255,0.0016,0.0015500000000000002,0.0012000000000000001,0.00025,0.0002000000000000001,0.0008,0.00015000000000000007,0.00019999999999999998,0.0007500000000000001,0.00019999999999999998,0.0002499999999999999,0.0007500000000000001,0.00019999999999999998,0.0002499999999999999,0.27440000000000003,0.27345,0.27340000000000003,0.27440000000000003,0.27345,0.27340000000000003
