regime,regime_label,method,method_label,population_pairs,mean_valid_rate,mean_fpr_10,mean_absolute_fpr_error_10,mean_fpr_05,mean_absolute_fpr_error_05,mean_fpr_01,mean_absolute_fpr_error_01
well_sampled,Well sampled,analytic_normal,Analytic correction + Normal Wald,12,1.0,0.10271666666666666,0.003916666666666662,0.051741666666666665,0.0031749999999999977,0.010799999999999999,0.001483333333333333
well_sampled,Well sampled,analytic_simple,Analytic correction + Simple Welch,12,1.0,0.10216666666666667,0.0034999999999999983,0.051116666666666664,0.002866666666666668,0.010358333333333332,0.0014083333333333333
well_sampled,Well sampled,analytic_expanded,Analytic correction + Expanded Welch,12,1.0,0.09989166666666667,0.004008333333333336,0.04913333333333333,0.003316666666666667,0.009308333333333333,0.0015916666666666666
well_sampled,Well sampled,jackknife_normal,Jackknife correction + Normal Wald,12,1.0,0.102175,0.00360833333333333,0.051175000000000005,0.0029583333333333323,0.010691666666666667,0.0016250000000000004
well_sampled,Well sampled,jackknife_simple,Jackknife correction + Simple Welch,12,1.0,0.10148333333333333,0.003283333333333334,0.05068333333333334,0.00285,0.010299999999999998,0.0016499999999999998
well_sampled,Well sampled,jackknife_expanded,Jackknife correction + Expanded Welch,12,1.0,0.09929999999999999,0.004133333333333335,0.048675,0.003675000000000001,0.0094,0.001766666666666667
moderate,Moderate,analytic_normal,Analytic correction + Normal Wald,12,1.0,0.11351666666666667,0.013516666666666663,0.06158333333333332,0.01158333333333333,0.015400000000000002,0.005399999999999999
moderate,Moderate,analytic_simple,Analytic correction + Simple Welch,12,1.0,0.112075,0.01220833333333333,0.06024999999999999,0.010249999999999997,0.014558333333333333,0.004641666666666666
moderate,Moderate,analytic_expanded,Analytic correction + Expanded Welch,12,1.0,0.10764166666666665,0.009474999999999996,0.05623333333333334,0.007199999999999997,0.012075,0.0024749999999999998
moderate,Moderate,jackknife_normal,Jackknife correction + Normal Wald,12,1.0,0.119775,0.01977499999999999,0.06575833333333335,0.015758333333333333,0.017641666666666663,0.0076416666666666655
moderate,Moderate,jackknife_simple,Jackknife correction + Simple Welch,12,1.0,0.11835833333333334,0.018474999999999995,0.06435833333333334,0.014358333333333329,0.016783333333333334,0.006866666666666668
moderate,Moderate,jackknife_expanded,Jackknife correction + Expanded Welch,12,1.0,0.113875,0.015374999999999993,0.06010833333333334,0.01100833333333333,0.014024999999999998,0.004391666666666666
highly_sparse,Highly skewed and sparse,analytic_normal,Analytic correction + Normal Wald,12,0.9999916666666667,0.10735089175584227,0.008567558422508914,0.05546711504483782,0.006450448378171147,0.012708434176751009,0.0028751008434176745
highly_sparse,Highly skewed and sparse,analytic_simple,Analytic correction + Simple Welch,12,0.9999916666666667,0.10617584841817516,0.00745918175150848,0.05445040754075408,0.005632925792579256,0.012108418341834183,0.0022750850085008502
highly_sparse,Highly skewed and sparse,analytic_expanded,Analytic correction + Expanded Welch,12,0.9999916666666667,0.10318408007467415,0.006599253258659197,0.05197535170183686,0.004557981631496481,0.010941739173917393,0.0013915941594159417
highly_sparse,Highly skewed and sparse,jackknife_normal,Jackknife correction + Normal Wald,12,0.9999916666666667,0.107667535086842,0.008817535086842012,0.056342094209420955,0.007358760876087607,0.013050100843417676,0.003166767510084342
highly_sparse,Highly skewed and sparse,jackknife_simple,Jackknife correction + Simple Welch,12,0.9999916666666667,0.10658415841584157,0.007999174917491745,0.055217055872253895,0.006849610794412774,0.012541752508584194,0.0026750858419175246
highly_sparse,Highly skewed and sparse,jackknife_expanded,Jackknife correction + Expanded Welch,12,0.9999916666666667,0.1034507234056739,0.007315943260992763,0.0525670025335867,0.00561633079974664,0.011316738340500718,0.0018332616594992834
ultra_sparse,Ultra-skewed and sparse,analytic_normal,Analytic correction + Normal Wald,12,1.0,0.13176666666666667,0.031766666666666665,0.07504166666666667,0.025041666666666667,0.021916666666666668,0.012100000000000001
ultra_sparse,Ultra-skewed and sparse,analytic_simple,Analytic correction + Simple Welch,12,1.0,0.12900833333333334,0.02900833333333333,0.07208333333333333,0.02208333333333333,0.019916666666666666,0.010116666666666668
ultra_sparse,Ultra-skewed and sparse,analytic_expanded,Analytic correction + Expanded Welch,12,1.0,0.12055000000000003,0.020583333333333332,0.06305000000000001,0.013399999999999997,0.013125000000000003,0.004075
ultra_sparse,Ultra-skewed and sparse,jackknife_normal,Jackknife correction + Normal Wald,12,1.0,0.16588333333333335,0.06588333333333334,0.10324166666666668,0.053241666666666666,0.0376,0.0277
ultra_sparse,Ultra-skewed and sparse,jackknife_simple,Jackknife correction + Simple Welch,12,1.0,0.16282500000000003,0.06282499999999999,0.10006666666666668,0.05006666666666667,0.034833333333333334,0.02495
ultra_sparse,Ultra-skewed and sparse,jackknife_expanded,Jackknife correction + Expanded Welch,12,1.0,0.15356666666666666,0.05356666666666667,0.08938333333333333,0.03938333333333333,0.025124999999999998,0.015475000000000003
widespread_sparse,Widespread sparsity,analytic_normal,Analytic correction + Normal Wald,12,0.974475,0.12011451261507529,0.028009249457180557,0.06621217905864989,0.020866237478356447,0.01747867925844063,0.00851717703741492
widespread_sparse,Widespread sparsity,analytic_simple,Analytic correction + Simple Welch,12,0.974475,0.117332238066091,0.025832709192756764,0.06399801059935573,0.01887641505038098,0.016078204108895214,0.007251309506660727
widespread_sparse,Widespread sparsity,analytic_expanded,Analytic correction + Expanded Welch,12,0.974475,0.10900294372445314,0.01828862596073439,0.056869543765517255,0.012768926946532887,0.012669515174286763,0.004382237305745207
widespread_sparse,Widespread sparsity,jackknife_normal,Jackknife correction + Normal Wald,12,0.974475,0.12479328715417017,0.03223933193363802,0.0685990264577087,0.022759523608514094,0.018415469102399787,0.009364228468846596
widespread_sparse,Widespread sparsity,jackknife_simple,Jackknife correction + Simple Welch,12,0.974475,0.12204066901821432,0.03056357474801198,0.06650205806734394,0.020954205058863667,0.016717932769055185,0.007711561341765733
widespread_sparse,Widespread sparsity,jackknife_expanded,Jackknife correction + Expanded Welch,12,0.974475,0.11384271677781567,0.023227705442759452,0.05895741896173603,0.01466222299529761,0.012867917476139128,0.004140861629245821
