cohort,ratio,rule,rule_label,configurations,mean_valid_rate,mean_expanded_route_rate,mean_selection_score,mean_fpr_05,mean_absolute_error_05,median_absolute_error_05,p90_absolute_error_05,maximum_absolute_error_05,mean_fpr_01,mean_absolute_error_01,median_absolute_error_01,p90_absolute_error_01,maximum_absolute_error_01
development,1,normal,Always Normal Wald,108,0.9962191358024691,0.0,0.20807220330467052,0.04984064625886582,0.007013382786879986,0.005333333333333329,0.016533333333333327,0.043824619184849735,0.009809133725850485,0.002758767508717414,0.002,0.006766666666666666,0.01
development,1,expanded_no_fallback,Always Expanded Welch,108,0.9825,1.0,0.23396080083032267,0.046029939003415926,0.008920678280534682,0.005666666666666667,0.01883333333333333,0.05,0.0085867927201493,0.0028950803604995187,0.0021666666666666666,0.006333333333333332,0.01
development,1,expanded_fallback,Expanded with Wald fallback,108,0.9962191358024691,0.9839938362002706,0.2224978444905894,0.04671117361907365,0.00823944366487697,0.005666666666666667,0.017866666666666663,0.043824619184849735,0.008679413324645087,0.002802068156836395,0.0021666666666666666,0.006099999999999999,0.01
development,1,ratio_ge_2,Expanded if ratio >= 2,108,0.9962191358024691,0.0,0.20807220330467052,0.04984064625886582,0.007013382786879986,0.005333333333333329,0.016533333333333327,0.043824619184849735,0.009809133725850485,0.002758767508717414,0.002,0.006766666666666666,0.01
development,1,ratio_ge_3,Expanded if ratio >= 3,108,0.9962191358024691,0.0,0.20807220330467052,0.04984064625886582,0.007013382786879986,0.005333333333333329,0.016533333333333327,0.043824619184849735,0.009809133725850485,0.002758767508717414,0.002,0.006766666666666666,0.01
development,1,ratio_ge_4,Expanded if ratio >= 4,108,0.9962191358024691,0.0,0.20807220330467052,0.04984064625886582,0.007013382786879986,0.005333333333333329,0.016533333333333327,0.043824619184849735,0.009809133725850485,0.002758767508717414,0.002,0.006766666666666666,0.01
development,1,ratio_ge_6,Expanded if ratio >= 6,108,0.9962191358024691,0.0,0.20807220330467052,0.04984064625886582,0.007013382786879986,0.005333333333333329,0.016533333333333327,0.043824619184849735,0.009809133725850485,0.002758767508717414,0.002,0.006766666666666666,0.01
development,1,ratio_ge_10,Expanded if ratio >= 10,108,0.9962191358024691,0.0,0.20807220330467052,0.04984064625886582,0.007013382786879986,0.005333333333333329,0.016533333333333327,0.043824619184849735,0.009809133725850485,0.002758767508717414,0.002,0.006766666666666666,0.01
development,1,ratio_ge_4_margin_ge_1,Ratio >= 4 and minimum margin >= 1,108,0.9962191358024691,0.0,0.20807220330467052,0.04984064625886582,0.007013382786879986,0.005333333333333329,0.016533333333333327,0.043824619184849735,0.009809133725850485,0.002758767508717414,0.002,0.006766666666666666,0.01
development,1,ratio_ge_4_margin_ge_2,Ratio >= 4 and minimum margin >= 2,108,0.9962191358024691,0.0,0.20807220330467052,0.04984064625886582,0.007013382786879986,0.005333333333333329,0.016533333333333327,0.043824619184849735,0.009809133725850485,0.002758767508717414,0.002,0.006766666666666666,0.01
development,1,ratio_ge_4_margin_ge_5,Ratio >= 4 and minimum margin >= 5,108,0.9962191358024691,0.0,0.20807220330467052,0.04984064625886582,0.007013382786879986,0.005333333333333329,0.016533333333333327,0.043824619184849735,0.009809133725850485,0.002758767508717414,0.002,0.006766666666666666,0.01
development,1,ratio_ge_4_small_share_ge_50,Ratio >= 4 and smaller-sample share >= 0.50,108,0.9962191358024691,0.0,0.20807220330467052,0.04984064625886582,0.007013382786879986,0.005333333333333329,0.016533333333333327,0.043824619184849735,0.009809133725850485,0.002758767508717414,0.002,0.006766666666666666,0.01
development,1,ratio_ge_4_small_share_ge_60,Ratio >= 4 and smaller-sample share >= 0.60,108,0.9962191358024691,0.0,0.20807220330467052,0.04984064625886582,0.007013382786879986,0.005333333333333329,0.016533333333333327,0.043824619184849735,0.009809133725850485,0.002758767508717414,0.002,0.006766666666666666,0.01
development,1,ratio_ge_4_small_share_ge_70,Ratio >= 4 and smaller-sample share >= 0.70,108,0.9962191358024691,0.0,0.20807220330467052,0.04984064625886582,0.007013382786879986,0.005333333333333329,0.016533333333333327,0.043824619184849735,0.009809133725850485,0.002758767508717414,0.002,0.006766666666666666,0.01
development,1,ratio_ge_4_margin_ge_2_share_ge_50,"Ratio >= 4, minimum margin >= 2, and smaller-sample share >= 0.50",108,0.9962191358024691,0.0,0.20807220330467052,0.04984064625886582,0.007013382786879986,0.005333333333333329,0.016533333333333327,0.043824619184849735,0.009809133725850485,0.002758767508717414,0.002,0.006766666666666666,0.01
development,2,normal,Always Normal Wald,216,0.998375,0.0,0.7016659564213759,0.06697196972828016,0.020499747506057927,0.005500000000000001,0.034166666666666665,0.6556666666666666,0.018631413960446118,0.009933369627215931,0.002,0.01566666666666667,0.43566666666666665
development,2,expanded_no_fallback,Always Expanded Welch,216,0.9869444444444445,1.0,0.5230253207730052,0.058232353344807974,0.01712875776630314,0.005666666666666667,0.03133333333333333,0.6506666666666666,0.014172035261257312,0.007034754862199479,0.001666666666666667,0.008968462083628632,0.425
development,2,expanded_fallback,Expanded with Wald fallback,216,0.998375,0.9877490988905074,0.596485108961498,0.062164974737191694,0.01844892535447564,0.005666666666666667,0.030833333333333338,0.6506666666666666,0.01599043057736749,0.00823991710833483,0.001666666666666667,0.008833333333333334,0.425
development,2,ratio_ge_2,Expanded if ratio >= 2,216,0.998375,0.9877490988905074,0.596485108961498,0.062164974737191694,0.01844892535447564,0.005666666666666667,0.030833333333333338,0.6506666666666666,0.01599043057736749,0.00823991710833483,0.001666666666666667,0.008833333333333334,0.425
development,2,ratio_ge_3,Expanded if ratio >= 3,216,0.998375,0.0,0.7016659564213759,0.06697196972828016,0.020499747506057927,0.005500000000000001,0.034166666666666665,0.6556666666666666,0.018631413960446118,0.009933369627215931,0.002,0.01566666666666667,0.43566666666666665
development,2,ratio_ge_4,Expanded if ratio >= 4,216,0.998375,0.0,0.7016659564213759,0.06697196972828016,0.020499747506057927,0.005500000000000001,0.034166666666666665,0.6556666666666666,0.018631413960446118,0.009933369627215931,0.002,0.01566666666666667,0.43566666666666665
development,2,ratio_ge_6,Expanded if ratio >= 6,216,0.998375,0.0,0.7016659564213759,0.06697196972828016,0.020499747506057927,0.005500000000000001,0.034166666666666665,0.6556666666666666,0.018631413960446118,0.009933369627215931,0.002,0.01566666666666667,0.43566666666666665
development,2,ratio_ge_10,Expanded if ratio >= 10,216,0.998375,0.0,0.7016659564213759,0.06697196972828016,0.020499747506057927,0.005500000000000001,0.034166666666666665,0.6556666666666666,0.018631413960446118,0.009933369627215931,0.002,0.01566666666666667,0.43566666666666665
development,2,ratio_ge_4_margin_ge_1,Ratio >= 4 and minimum margin >= 1,216,0.998375,0.0,0.7016659564213759,0.06697196972828016,0.020499747506057927,0.005500000000000001,0.034166666666666665,0.6556666666666666,0.018631413960446118,0.009933369627215931,0.002,0.01566666666666667,0.43566666666666665
development,2,ratio_ge_4_margin_ge_2,Ratio >= 4 and minimum margin >= 2,216,0.998375,0.0,0.7016659564213759,0.06697196972828016,0.020499747506057927,0.005500000000000001,0.034166666666666665,0.6556666666666666,0.018631413960446118,0.009933369627215931,0.002,0.01566666666666667,0.43566666666666665
development,2,ratio_ge_4_margin_ge_5,Ratio >= 4 and minimum margin >= 5,216,0.998375,0.0,0.7016659564213759,0.06697196972828016,0.020499747506057927,0.005500000000000001,0.034166666666666665,0.6556666666666666,0.018631413960446118,0.009933369627215931,0.002,0.01566666666666667,0.43566666666666665
development,2,ratio_ge_4_small_share_ge_50,Ratio >= 4 and smaller-sample share >= 0.50,216,0.998375,0.0,0.7016659564213759,0.06697196972828016,0.020499747506057927,0.005500000000000001,0.034166666666666665,0.6556666666666666,0.018631413960446118,0.009933369627215931,0.002,0.01566666666666667,0.43566666666666665
development,2,ratio_ge_4_small_share_ge_60,Ratio >= 4 and smaller-sample share >= 0.60,216,0.998375,0.0,0.7016659564213759,0.06697196972828016,0.020499747506057927,0.005500000000000001,0.034166666666666665,0.6556666666666666,0.018631413960446118,0.009933369627215931,0.002,0.01566666666666667,0.43566666666666665
development,2,ratio_ge_4_small_share_ge_70,Ratio >= 4 and smaller-sample share >= 0.70,216,0.998375,0.0,0.7016659564213759,0.06697196972828016,0.020499747506057927,0.005500000000000001,0.034166666666666665,0.6556666666666666,0.018631413960446118,0.009933369627215931,0.002,0.01566666666666667,0.43566666666666665
development,2,ratio_ge_4_margin_ge_2_share_ge_50,"Ratio >= 4, minimum margin >= 2, and smaller-sample share >= 0.50",216,0.998375,0.0,0.7016659564213759,0.06697196972828016,0.020499747506057927,0.005500000000000001,0.034166666666666665,0.6556666666666666,0.018631413960446118,0.009933369627215931,0.002,0.01566666666666667,0.43566666666666665
development,3,normal,Always Normal Wald,216,0.9993456790123457,0.0,1.231680319820325,0.07914763179444594,0.031940841670989144,0.006499999999999999,0.07766666666666666,0.8306666666666667,0.027418277568381513,0.01824543806220867,0.002333333333333334,0.032333333333333325,0.694
development,3,expanded_no_fallback,Always Expanded Welch,216,0.9883641975308642,1.0,0.8561254564805368,0.06727810122836893,0.024571620435868868,0.005833333333333333,0.03668369835948432,0.8293333333333333,0.02001048909979195,0.012208185042436967,0.002,0.01,0.6789999999999999
development,3,expanded_fallback,Expanded with Wald fallback,216,0.9993456790123457,0.9887088342059666,1.0046654159632602,0.07237030685597155,0.027419689572020924,0.005666666666666667,0.05216666666666666,0.8293333333333333,0.022942703738194355,0.014609370404861021,0.002,0.018833333333333334,0.6789999999999999
development,3,ratio_ge_2,Expanded if ratio >= 2,216,0.9993456790123457,0.9887088342059666,1.0046654159632602,0.07237030685597155,0.027419689572020924,0.005666666666666667,0.05216666666666666,0.8293333333333333,0.022942703738194355,0.014609370404861021,0.002,0.018833333333333334,0.6789999999999999
development,3,ratio_ge_3,Expanded if ratio >= 3,216,0.9993456790123457,0.9887088342059666,1.0046654159632602,0.07237030685597155,0.027419689572020924,0.005666666666666667,0.05216666666666666,0.8293333333333333,0.022942703738194355,0.014609370404861021,0.002,0.018833333333333334,0.6789999999999999
development,3,ratio_ge_4,Expanded if ratio >= 4,216,0.9993456790123457,0.0,1.231680319820325,0.07914763179444594,0.031940841670989144,0.006499999999999999,0.07766666666666666,0.8306666666666667,0.027418277568381513,0.01824543806220867,0.002333333333333334,0.032333333333333325,0.694
development,3,ratio_ge_6,Expanded if ratio >= 6,216,0.9993456790123457,0.0,1.231680319820325,0.07914763179444594,0.031940841670989144,0.006499999999999999,0.07766666666666666,0.8306666666666667,0.027418277568381513,0.01824543806220867,0.002333333333333334,0.032333333333333325,0.694
development,3,ratio_ge_10,Expanded if ratio >= 10,216,0.9993456790123457,0.0,1.231680319820325,0.07914763179444594,0.031940841670989144,0.006499999999999999,0.07766666666666666,0.8306666666666667,0.027418277568381513,0.01824543806220867,0.002333333333333334,0.032333333333333325,0.694
development,3,ratio_ge_4_margin_ge_1,Ratio >= 4 and minimum margin >= 1,216,0.9993456790123457,0.0,1.231680319820325,0.07914763179444594,0.031940841670989144,0.006499999999999999,0.07766666666666666,0.8306666666666667,0.027418277568381513,0.01824543806220867,0.002333333333333334,0.032333333333333325,0.694
development,3,ratio_ge_4_margin_ge_2,Ratio >= 4 and minimum margin >= 2,216,0.9993456790123457,0.0,1.231680319820325,0.07914763179444594,0.031940841670989144,0.006499999999999999,0.07766666666666666,0.8306666666666667,0.027418277568381513,0.01824543806220867,0.002333333333333334,0.032333333333333325,0.694
development,3,ratio_ge_4_margin_ge_5,Ratio >= 4 and minimum margin >= 5,216,0.9993456790123457,0.0,1.231680319820325,0.07914763179444594,0.031940841670989144,0.006499999999999999,0.07766666666666666,0.8306666666666667,0.027418277568381513,0.01824543806220867,0.002333333333333334,0.032333333333333325,0.694
development,3,ratio_ge_4_small_share_ge_50,Ratio >= 4 and smaller-sample share >= 0.50,216,0.9993456790123457,0.0,1.231680319820325,0.07914763179444594,0.031940841670989144,0.006499999999999999,0.07766666666666666,0.8306666666666667,0.027418277568381513,0.01824543806220867,0.002333333333333334,0.032333333333333325,0.694
development,3,ratio_ge_4_small_share_ge_60,Ratio >= 4 and smaller-sample share >= 0.60,216,0.9993456790123457,0.0,1.231680319820325,0.07914763179444594,0.031940841670989144,0.006499999999999999,0.07766666666666666,0.8306666666666667,0.027418277568381513,0.01824543806220867,0.002333333333333334,0.032333333333333325,0.694
development,3,ratio_ge_4_small_share_ge_70,Ratio >= 4 and smaller-sample share >= 0.70,216,0.9993456790123457,0.0,1.231680319820325,0.07914763179444594,0.031940841670989144,0.006499999999999999,0.07766666666666666,0.8306666666666667,0.027418277568381513,0.01824543806220867,0.002333333333333334,0.032333333333333325,0.694
development,3,ratio_ge_4_margin_ge_2_share_ge_50,"Ratio >= 4, minimum margin >= 2, and smaller-sample share >= 0.50",216,0.9993456790123457,0.0,1.231680319820325,0.07914763179444594,0.031940841670989144,0.006499999999999999,0.07766666666666666,0.8306666666666667,0.027418277568381513,0.01824543806220867,0.002333333333333334,0.032333333333333325,0.694
development,4,normal,Always Normal Wald,216,0.9996975308641974,0.0,1.5494726661346439,0.08537929094619674,0.03790398230422142,0.0061666666666666675,0.08950000000000001,0.8766666666666666,0.03253211365197205,0.02340865686184859,0.002833333333333333,0.048,0.7876666666666666
development,4,expanded_no_fallback,Always Expanded Welch,216,0.9889274691358025,1.0,1.026156056099981,0.07096572301558034,0.027299052398131254,0.0050000000000000044,0.03387957124842371,0.8743333333333333,0.022996780556457132,0.015063310642373371,0.002,0.012499999999999999,0.775
development,4,expanded_fallback,Expanded with Wald fallback,216,0.9996975308641974,0.9890911500473342,1.2306006438945556,0.07712047214945697,0.031515533877852026,0.0050000000000000044,0.06199999999999999,0.8743333333333333,0.02672557276898737,0.018308906102320704,0.002,0.0235,0.775
development,4,ratio_ge_2,Expanded if ratio >= 2,216,0.9996975308641974,0.9890911500473342,1.2306006438945556,0.07712047214945697,0.031515533877852026,0.0050000000000000044,0.06199999999999999,0.8743333333333333,0.02672557276898737,0.018308906102320704,0.002,0.0235,0.775
development,4,ratio_ge_3,Expanded if ratio >= 3,216,0.9996975308641974,0.9890911500473342,1.2306006438945556,0.07712047214945697,0.031515533877852026,0.0050000000000000044,0.06199999999999999,0.8743333333333333,0.02672557276898737,0.018308906102320704,0.002,0.0235,0.775
development,4,ratio_ge_4,Expanded if ratio >= 4,216,0.9996975308641974,0.9890911500473342,1.2306006438945556,0.07712047214945697,0.031515533877852026,0.0050000000000000044,0.06199999999999999,0.8743333333333333,0.02672557276898737,0.018308906102320704,0.002,0.0235,0.775
development,4,ratio_ge_6,Expanded if ratio >= 6,216,0.9996975308641974,0.0,1.5494726661346439,0.08537929094619674,0.03790398230422142,0.0061666666666666675,0.08950000000000001,0.8766666666666666,0.03253211365197205,0.02340865686184859,0.002833333333333333,0.048,0.7876666666666666
development,4,ratio_ge_10,Expanded if ratio >= 10,216,0.9996975308641974,0.0,1.5494726661346439,0.08537929094619674,0.03790398230422142,0.0061666666666666675,0.08950000000000001,0.8766666666666666,0.03253211365197205,0.02340865686184859,0.002833333333333333,0.048,0.7876666666666666
development,4,ratio_ge_4_margin_ge_1,Ratio >= 4 and minimum margin >= 1,216,0.9996975308641974,0.8198951623930131,1.40933521179579,0.08091676844575327,0.034558743754395244,0.005000000000000001,0.07585235507246377,0.8766666666666666,0.029935449312197247,0.021274955485036752,0.002,0.042166666666666665,0.7876666666666666
development,4,ratio_ge_4_margin_ge_2,Ratio >= 4 and minimum margin >= 2,216,0.9996975308641974,0.7540535167359198,1.4506446011437826,0.08208819317840971,0.03557584749939736,0.0050000000000000044,0.07966666666666668,0.8766666666666666,0.03062611758472457,0.021897722522996176,0.002333333333333333,0.04433333333333333,0.7876666666666666
development,4,ratio_ge_4_margin_ge_5,Ratio >= 4 and minimum margin >= 5,216,0.9996975308641974,0.6721281680864879,1.482620814282792,0.08305830329187575,0.03640398230422143,0.005000000000000001,0.08916666666666667,0.8766666666666666,0.031103101306293037,0.022371619824811555,0.002333333333333333,0.04716666666666666,0.7876666666666666
development,4,ratio_ge_4_small_share_ge_50,Ratio >= 4 and smaller-sample share >= 0.50,216,0.9996975308641974,0.9818465821834452,1.3035935400701366,0.07860505892626374,0.0325001206546588,0.0050000000000000044,0.0635,0.8743333333333333,0.028223081238372204,0.019571846670470967,0.0021666666666666666,0.03333333333333333,0.775
development,4,ratio_ge_4_small_share_ge_60,Ratio >= 4 and smaller-sample share >= 0.60,216,0.9996975308641974,0.9712603980530218,1.3535519982559403,0.07960197250651063,0.0331822194200909,0.0050000000000000044,0.06783333333333333,0.8743333333333333,0.029175336821841362,0.020434596081100626,0.002333333333333333,0.034666666666666665,0.775
development,4,ratio_ge_4_small_share_ge_70,Ratio >= 4 and smaller-sample share >= 0.70,216,0.9996975308641974,0.9355759298511255,1.4228328415625002,0.08157892689083811,0.034739420717998584,0.005333333333333336,0.07283333333333333,0.8743333333333333,0.030437785033329303,0.021508772687650293,0.0025,0.040999999999999995,0.775
development,4,ratio_ge_4_margin_ge_2_share_ge_50,"Ratio >= 4, minimum margin >= 2, and smaller-sample share >= 0.50",216,0.9996975308641974,0.7515097159394017,1.4792953957905606,0.08263974479343365,0.03599468306503858,0.0049999999999999975,0.08083333333333334,0.8766666666666666,0.03117092192008744,0.022386971302803493,0.002333333333333333,0.047,0.7876666666666666
development,6,normal,Always Normal Wald,216,0.9999429012345679,0.0,1.9546764975118434,0.09354619929947122,0.04623447090440948,0.007166666666666672,0.11750000000000001,0.9033333333333333,0.03890219132491053,0.02984663576935498,0.003666666666666667,0.06133333333333334,0.8523333333333333
development,6,expanded_no_fallback,Always Expanded Welch,216,0.989391975308642,1.0,1.2054196458790303,0.07459987058915939,0.030920905201253974,0.005333333333333336,0.04016344229486324,0.8999999999999999,0.025987844854618334,0.017924211877329812,0.002,0.013666666666666666,0.841
development,6,expanded_fallback,Expanded with Wald fallback,216,0.9999429012345679,0.9894239028566011,1.5220335422941884,0.08310028919635531,0.037841029937096045,0.005333333333333336,0.074,0.8999999999999999,0.031162588315254685,0.022872464858464555,0.002,0.031,0.841
development,6,ratio_ge_2,Expanded if ratio >= 2,216,0.9999429012345679,0.9894239028566011,1.5220335422941884,0.08310028919635531,0.037841029937096045,0.005333333333333336,0.074,0.8999999999999999,0.031162588315254685,0.022872464858464555,0.002,0.031,0.841
development,6,ratio_ge_3,Expanded if ratio >= 3,216,0.9999429012345679,0.9894239028566011,1.5220335422941884,0.08310028919635531,0.037841029937096045,0.005333333333333336,0.074,0.8999999999999999,0.031162588315254685,0.022872464858464555,0.002,0.031,0.841
development,6,ratio_ge_4,Expanded if ratio >= 4,216,0.9999429012345679,0.9894239028566011,1.5220335422941884,0.08310028919635531,0.037841029937096045,0.005333333333333336,0.074,0.8999999999999999,0.031162588315254685,0.022872464858464555,0.002,0.031,0.841
development,6,ratio_ge_6,Expanded if ratio >= 6,216,0.9999429012345679,0.9894239028566011,1.5220335422941884,0.08310028919635531,0.037841029937096045,0.005333333333333336,0.074,0.8999999999999999,0.031162588315254685,0.022872464858464555,0.002,0.031,0.841
development,6,ratio_ge_10,Expanded if ratio >= 10,216,0.9999429012345679,0.0,1.9546764975118434,0.09354619929947122,0.04623447090440948,0.007166666666666672,0.11750000000000001,0.9033333333333333,0.03890219132491053,0.02984663576935498,0.003666666666666667,0.06133333333333334,0.8523333333333333
development,6,ratio_ge_4_margin_ge_1,Ratio >= 4 and minimum margin >= 1,216,0.9999429012345679,0.8266893349553665,1.7572187274793734,0.0879320793198121,0.041768499072898514,0.005500000000000001,0.08933333333333332,0.9033333333333333,0.0353956130066127,0.026790674735007767,0.002,0.051000000000000004,0.852
development,6,ratio_ge_4_margin_ge_2,Ratio >= 4 and minimum margin >= 2,216,0.9999429012345679,0.7603666762068836,1.8111223230934015,0.08947036359080364,0.043137030257470316,0.005333333333333336,0.10616666666666666,0.9033333333333333,0.03623392929926286,0.02759504041037397,0.0021666666666666666,0.05333333333333333,0.8523333333333333
development,6,ratio_ge_4_margin_ge_5,Ratio >= 4 and minimum margin >= 5,216,0.9999429012345679,0.6794151601180239,1.8608797670908668,0.09080699453319568,0.04437798218751666,0.005666666666666667,0.11533333333333334,0.9033333333333333,0.03701483841048684,0.028341998904314,0.002333333333333333,0.06133333333333334,0.8523333333333333
development,6,ratio_ge_4_small_share_ge_50,Ratio >= 4 and smaller-sample share >= 0.50,216,0.9999429012345679,0.9848848961286665,1.583694408527802,0.0843608088094082,0.03871266066126006,0.005333333333333336,0.074,0.8999999999999999,0.032452960976575636,0.023931356038304027,0.002,0.03988076152304609,0.841
development,6,ratio_ge_4_small_share_ge_60,Ratio >= 4 and smaller-sample share >= 0.60,216,0.9999429012345679,0.9821222018466079,1.6219355674170814,0.08524662987559631,0.039296012591645696,0.005333333333333336,0.074,0.8999999999999999,0.03318753352137052,0.02457950883001249,0.002333333333333333,0.04204742818971276,0.841
development,6,ratio_ge_4_small_share_ge_70,Ratio >= 4 and smaller-sample share >= 0.70,216,0.9999429012345679,0.9699948108555725,1.6971834406250725,0.08675128581459574,0.040439557419533985,0.005500000000000001,0.07816666666666666,0.8999999999999999,0.03461501658785392,0.025855757328594655,0.002333333333333334,0.04733333333333333,0.841
development,6,ratio_ge_4_margin_ge_2_share_ge_50,"Ratio >= 4, minimum margin >= 2, and smaller-sample share >= 0.50",216,0.9999429012345679,0.7590280340737933,1.8370368553988339,0.0899288709524915,0.043567759841380393,0.005333333333333336,0.10666666666666666,0.9033333333333333,0.03676483946068826,0.028027185139700598,0.0021666666666666666,0.05933333333333333,0.8523333333333333
development,10,normal,Always Normal Wald,216,1.0,0.0,2.362222222222222,0.1,0.05268827160493826,0.0075,0.13533333333333333,0.9199999999999999,0.04588888888888888,0.03670679012345679,0.003666666666666667,0.07450000000000001,0.8823333333333333
development,10,expanded_no_fallback,Always Expanded Welch,216,0.9893333333333333,1.0,1.326541808235578,0.07700891879251184,0.03371286181958915,0.005333333333333336,0.043935323383084576,0.9183333333333333,0.0277173684080005,0.01978826380079373,0.002,0.01634083044982699,0.8733333333333333
development,10,expanded_fallback,Expanded with Wald fallback,216,1.0,0.9893333333333333,1.8302314814814817,0.0869675925925926,0.04239043209876544,0.005333333333333336,0.07366666666666666,0.9183333333333333,0.03617283950617284,0.028126543209876547,0.002,0.034999999999999996,0.8733333333333333
development,10,ratio_ge_2,Expanded if ratio >= 2,216,1.0,0.9893333333333333,1.8302314814814817,0.0869675925925926,0.04239043209876544,0.005333333333333336,0.07366666666666666,0.9183333333333333,0.03617283950617284,0.028126543209876547,0.002,0.034999999999999996,0.8733333333333333
development,10,ratio_ge_3,Expanded if ratio >= 3,216,1.0,0.9893333333333333,1.8302314814814817,0.0869675925925926,0.04239043209876544,0.005333333333333336,0.07366666666666666,0.9183333333333333,0.03617283950617284,0.028126543209876547,0.002,0.034999999999999996,0.8733333333333333
development,10,ratio_ge_4,Expanded if ratio >= 4,216,1.0,0.9893333333333333,1.8302314814814817,0.0869675925925926,0.04239043209876544,0.005333333333333336,0.07366666666666666,0.9183333333333333,0.03617283950617284,0.028126543209876547,0.002,0.034999999999999996,0.8733333333333333
development,10,ratio_ge_6,Expanded if ratio >= 6,216,1.0,0.9893333333333333,1.8302314814814817,0.0869675925925926,0.04239043209876544,0.005333333333333336,0.07366666666666666,0.9183333333333333,0.03617283950617284,0.028126543209876547,0.002,0.034999999999999996,0.8733333333333333
development,10,ratio_ge_10,Expanded if ratio >= 10,216,1.0,0.9893333333333333,1.8302314814814817,0.0869675925925926,0.04239043209876544,0.005333333333333336,0.07366666666666666,0.9183333333333333,0.03617283950617284,0.028126543209876547,0.002,0.034999999999999996,0.8733333333333333
development,10,ratio_ge_4_margin_ge_1,Ratio >= 4 and minimum margin >= 1,216,1.0,0.8332638888888889,2.108024691358025,0.09266203703703704,0.04690586419753086,0.005500000000000001,0.10483333333333333,0.9196666666666666,0.041180555555555554,0.03277932098765432,0.002,0.06416666666666668,0.8823333333333333
development,10,ratio_ge_4_margin_ge_2,Ratio >= 4 and minimum margin >= 2,216,1.0,0.7669876543209876,2.189953703703704,0.0949320987654321,0.04901851851851852,0.005500000000000001,0.12183333333333335,0.9199999999999999,0.04240586419753086,0.03399537037037036,0.002,0.07166666666666667,0.8823333333333333
development,10,ratio_ge_4_margin_ge_5,Ratio >= 4 and minimum margin >= 5,216,1.0,0.683891975308642,2.251311728395062,0.0966358024691358,0.05058641975308641,0.005833333333333333,0.1335,0.9199999999999999,0.04341512345679012,0.03490895061728395,0.002,0.07400000000000001,0.8823333333333333
development,10,ratio_ge_4_small_share_ge_50,Ratio >= 4 and smaller-sample share >= 0.50,216,1.0,0.9861003086419754,1.87783950617284,0.08829320987654322,0.04337037037037037,0.005333333333333332,0.07366666666666666,0.9183333333333333,0.037070987654320986,0.02888271604938272,0.002,0.041166666666666664,0.8733333333333333
development,10,ratio_ge_4_small_share_ge_60,Ratio >= 4 and smaller-sample share >= 0.60,216,1.0,0.9852283950617284,1.903287037037037,0.08873765432098765,0.043592592592592586,0.005333333333333332,0.07366666666666666,0.9183333333333333,0.03764043209876543,0.02934722222222222,0.002,0.045,0.8733333333333333
development,10,ratio_ge_4_small_share_ge_70,Ratio >= 4 and smaller-sample share >= 0.70,216,1.0,0.9830632716049381,1.9447222222222222,0.08970987654320987,0.04413271604938272,0.005333333333333336,0.07383333333333333,0.9183333333333333,0.038592592592592595,0.0300679012345679,0.002,0.05216666666666667,0.8733333333333333
development,10,ratio_ge_4_margin_ge_2_share_ge_50,"Ratio >= 4, minimum margin >= 2, and smaller-sample share >= 0.50",216,1.0,0.7663117283950618,2.2022839506172835,0.09521913580246916,0.04930246913580247,0.005500000000000001,0.12183333333333335,0.9199999999999999,0.0426604938271605,0.03418518518518518,0.002,0.07200000000000001,0.8823333333333333
development,20,normal,Always Normal Wald,216,1.0,0.0,2.675694444444445,0.10315586419753087,0.055408950617283945,0.0075,0.1358333333333333,0.9279999999999999,0.0517283950617284,0.042432098765432094,0.004,0.09083333333333335,0.896
development,20,expanded_no_fallback,Always Expanded Welch,216,0.9894861111111112,1.0,1.5115018603976427,0.07956588561434358,0.03716908647413053,0.005833333333333333,0.044,0.9263333333333333,0.030264735059190737,0.02279621991312675,0.002333333333333333,0.020166666666666666,0.89
development,20,expanded_fallback,Expanded with Wald fallback,216,1.0,0.9894861111111112,2.0658487654320985,0.08867438271604938,0.04476388888888888,0.005666666666666667,0.07433333333333333,0.9263333333333333,0.03997222222222222,0.0323641975308642,0.002333333333333333,0.03833333333333333,0.89
development,20,ratio_ge_2,Expanded if ratio >= 2,216,1.0,0.9894861111111112,2.0658487654320985,0.08867438271604938,0.04476388888888888,0.005666666666666667,0.07433333333333333,0.9263333333333333,0.03997222222222222,0.0323641975308642,0.002333333333333333,0.03833333333333333,0.89
development,20,ratio_ge_3,Expanded if ratio >= 3,216,1.0,0.9894861111111112,2.0658487654320985,0.08867438271604938,0.04476388888888888,0.005666666666666667,0.07433333333333333,0.9263333333333333,0.03997222222222222,0.0323641975308642,0.002333333333333333,0.03833333333333333,0.89
development,20,ratio_ge_4,Expanded if ratio >= 4,216,1.0,0.9894861111111112,2.0658487654320985,0.08867438271604938,0.04476388888888888,0.005666666666666667,0.07433333333333333,0.9263333333333333,0.03997222222222222,0.0323641975308642,0.002333333333333333,0.03833333333333333,0.89
development,20,ratio_ge_6,Expanded if ratio >= 6,216,1.0,0.9894861111111112,2.0658487654320985,0.08867438271604938,0.04476388888888888,0.005666666666666667,0.07433333333333333,0.9263333333333333,0.03997222222222222,0.0323641975308642,0.002333333333333333,0.03833333333333333,0.89
development,20,ratio_ge_10,Expanded if ratio >= 10,216,1.0,0.9894861111111112,2.0658487654320985,0.08867438271604938,0.04476388888888888,0.005666666666666667,0.07433333333333333,0.9263333333333333,0.03997222222222222,0.0323641975308642,0.002333333333333333,0.03833333333333333,0.89
development,20,ratio_ge_4_margin_ge_1,Ratio >= 4 and minimum margin >= 1,216,1.0,0.8382901234567902,2.373780864197531,0.09515895061728395,0.04960030864197531,0.005666666666666667,0.11283333333333333,0.9279999999999999,0.045706790123456784,0.03755555555555556,0.002333333333333333,0.06916666666666667,0.896
development,20,ratio_ge_4_margin_ge_2,Ratio >= 4 and minimum margin >= 2,216,1.0,0.773608024691358,2.4670370370370374,0.09690586419753087,0.05123302469135803,0.005999999999999998,0.12933333333333333,0.9279999999999999,0.04727314814814815,0.039094135802469135,0.002333333333333333,0.07650000000000001,0.896
development,20,ratio_ge_4_margin_ge_5,Ratio >= 4 and minimum margin >= 5,216,1.0,0.6905108024691358,2.545262345679012,0.09895833333333333,0.05309104938271605,0.005999999999999998,0.13416666666666666,0.9279999999999999,0.048601851851851854,0.04028703703703704,0.002,0.08983333333333335,0.896
development,20,ratio_ge_4_small_share_ge_50,Ratio >= 4 and smaller-sample share >= 0.50,216,1.0,0.986929012345679,2.1067438271604937,0.08895987654320987,0.044833333333333336,0.005666666666666667,0.07433333333333333,0.9263333333333333,0.04086882716049383,0.03316820987654321,0.002333333333333333,0.03833333333333333,0.89
development,20,ratio_ge_4_small_share_ge_60,Ratio >= 4 and smaller-sample share >= 0.60,216,1.0,0.9865555555555555,2.116280864197531,0.08920216049382716,0.04485339506172839,0.005666666666666667,0.07433333333333333,0.9263333333333333,0.04112654320987655,0.033354938271604934,0.002333333333333333,0.03833333333333333,0.89
development,20,ratio_ge_4_small_share_ge_70,Ratio >= 4 and smaller-sample share >= 0.70,216,1.0,0.9859660493827159,2.1364969135802467,0.08963271604938272,0.044938271604938275,0.005666666666666667,0.07433333333333333,0.9263333333333333,0.041587962962962965,0.033742283950617284,0.002333333333333333,0.0445,0.89
development,20,ratio_ge_4_margin_ge_2_share_ge_50,"Ratio >= 4, minimum margin >= 2, and smaller-sample share >= 0.50",216,1.0,0.7731543209876544,2.475262345679013,0.0970246913580247,0.05134567901234567,0.005999999999999998,0.12933333333333333,0.9279999999999999,0.04743981481481482,0.03923611111111111,0.002333333333333333,0.07650000000000001,0.896
holdout,1,normal,Always Normal Wald,108,0.995432098765432,0.0,0.23816117159447056,0.050457441682892554,0.007981233348702337,0.004833333333333332,0.015866666666666664,0.07266666666666666,0.010715801036211827,0.003166976762148944,0.0021666666666666666,0.0063333333333333314,0.029666666666666668
holdout,1,expanded_no_fallback,Always Expanded Welch,108,0.9853858024691358,1.0,0.24070374523609334,0.04671699358355044,0.008616339749782893,0.0045000000000000005,0.020433333333333335,0.07133333333333333,0.009279563415605084,0.003090806954765288,0.0023101945003353454,0.0057666666666666665,0.02933333333333333
holdout,1,expanded_fallback,Expanded with Wald fallback,108,0.995432098765432,0.9869896918236479,0.23184889325829425,0.047476918274326575,0.008121847157772184,0.004333333333333335,0.017866666666666666,0.07133333333333333,0.009431836010832997,0.0030126084336114483,0.0021666666666666666,0.005199999999999998,0.02933333333333333
holdout,1,ratio_ge_2,Expanded if ratio >= 2,108,0.995432098765432,0.0,0.23816117159447056,0.050457441682892554,0.007981233348702337,0.004833333333333332,0.015866666666666664,0.07266666666666666,0.010715801036211827,0.003166976762148944,0.0021666666666666666,0.0063333333333333314,0.029666666666666668
holdout,1,ratio_ge_3,Expanded if ratio >= 3,108,0.995432098765432,0.0,0.23816117159447056,0.050457441682892554,0.007981233348702337,0.004833333333333332,0.015866666666666664,0.07266666666666666,0.010715801036211827,0.003166976762148944,0.0021666666666666666,0.0063333333333333314,0.029666666666666668
holdout,1,ratio_ge_4,Expanded if ratio >= 4,108,0.995432098765432,0.0,0.23816117159447056,0.050457441682892554,0.007981233348702337,0.004833333333333332,0.015866666666666664,0.07266666666666666,0.010715801036211827,0.003166976762148944,0.0021666666666666666,0.0063333333333333314,0.029666666666666668
holdout,1,ratio_ge_6,Expanded if ratio >= 6,108,0.995432098765432,0.0,0.23816117159447056,0.050457441682892554,0.007981233348702337,0.004833333333333332,0.015866666666666664,0.07266666666666666,0.010715801036211827,0.003166976762148944,0.0021666666666666666,0.0063333333333333314,0.029666666666666668
holdout,1,ratio_ge_10,Expanded if ratio >= 10,108,0.995432098765432,0.0,0.23816117159447056,0.050457441682892554,0.007981233348702337,0.004833333333333332,0.015866666666666664,0.07266666666666666,0.010715801036211827,0.003166976762148944,0.0021666666666666666,0.0063333333333333314,0.029666666666666668
holdout,1,ratio_ge_4_margin_ge_1,Ratio >= 4 and minimum margin >= 1,108,0.995432098765432,0.0,0.23816117159447056,0.050457441682892554,0.007981233348702337,0.004833333333333332,0.015866666666666664,0.07266666666666666,0.010715801036211827,0.003166976762148944,0.0021666666666666666,0.0063333333333333314,0.029666666666666668
holdout,1,ratio_ge_4_margin_ge_2,Ratio >= 4 and minimum margin >= 2,108,0.995432098765432,0.0,0.23816117159447056,0.050457441682892554,0.007981233348702337,0.004833333333333332,0.015866666666666664,0.07266666666666666,0.010715801036211827,0.003166976762148944,0.0021666666666666666,0.0063333333333333314,0.029666666666666668
holdout,1,ratio_ge_4_margin_ge_5,Ratio >= 4 and minimum margin >= 5,108,0.995432098765432,0.0,0.23816117159447056,0.050457441682892554,0.007981233348702337,0.004833333333333332,0.015866666666666664,0.07266666666666666,0.010715801036211827,0.003166976762148944,0.0021666666666666666,0.0063333333333333314,0.029666666666666668
holdout,1,ratio_ge_4_small_share_ge_50,Ratio >= 4 and smaller-sample share >= 0.50,108,0.995432098765432,0.0,0.23816117159447056,0.050457441682892554,0.007981233348702337,0.004833333333333332,0.015866666666666664,0.07266666666666666,0.010715801036211827,0.003166976762148944,0.0021666666666666666,0.0063333333333333314,0.029666666666666668
holdout,1,ratio_ge_4_small_share_ge_60,Ratio >= 4 and smaller-sample share >= 0.60,108,0.995432098765432,0.0,0.23816117159447056,0.050457441682892554,0.007981233348702337,0.004833333333333332,0.015866666666666664,0.07266666666666666,0.010715801036211827,0.003166976762148944,0.0021666666666666666,0.0063333333333333314,0.029666666666666668
holdout,1,ratio_ge_4_small_share_ge_70,Ratio >= 4 and smaller-sample share >= 0.70,108,0.995432098765432,0.0,0.23816117159447056,0.050457441682892554,0.007981233348702337,0.004833333333333332,0.015866666666666664,0.07266666666666666,0.010715801036211827,0.003166976762148944,0.0021666666666666666,0.0063333333333333314,0.029666666666666668
holdout,1,ratio_ge_4_margin_ge_2_share_ge_50,"Ratio >= 4, minimum margin >= 2, and smaller-sample share >= 0.50",108,0.995432098765432,0.0,0.23816117159447056,0.050457441682892554,0.007981233348702337,0.004833333333333332,0.015866666666666664,0.07266666666666666,0.010715801036211827,0.003166976762148944,0.0021666666666666666,0.0063333333333333314,0.029666666666666668
holdout,2,normal,Always Normal Wald,216,0.9980555555555555,0.0,0.9069110623732193,0.07047427037314809,0.023656369138580196,0.005333333333333336,0.033166666666666664,0.7073333333333333,0.022329786925921195,0.013406947419748351,0.002,0.016166666666666666,0.4966666666666667
holdout,2,expanded_no_fallback,Always Expanded Welch,216,0.988375,1.0,0.6791960284534713,0.062311743325087744,0.02003393568725793,0.005333333333333329,0.02283333333333333,0.701,0.017174029687535407,0.009577133431617842,0.001666666666666667,0.0075,0.48333333333333334
holdout,2,expanded_fallback,Expanded with Wald fallback,216,0.9980555555555555,0.9892335746816925,0.7943181863223868,0.06560262860745539,0.02125077675560354,0.005166666666666667,0.02283333333333333,0.701,0.019682504671623326,0.011636208375327028,0.001666666666666667,0.008666666666666666,0.48333333333333334
holdout,2,ratio_ge_2,Expanded if ratio >= 2,216,0.9980555555555555,0.9892335746816925,0.7943181863223868,0.06560262860745539,0.02125077675560354,0.005166666666666667,0.02283333333333333,0.701,0.019682504671623326,0.011636208375327028,0.001666666666666667,0.008666666666666666,0.48333333333333334
holdout,2,ratio_ge_3,Expanded if ratio >= 3,216,0.9980555555555555,0.0,0.9069110623732193,0.07047427037314809,0.023656369138580196,0.005333333333333336,0.033166666666666664,0.7073333333333333,0.022329786925921195,0.013406947419748351,0.002,0.016166666666666666,0.4966666666666667
holdout,2,ratio_ge_4,Expanded if ratio >= 4,216,0.9980555555555555,0.0,0.9069110623732193,0.07047427037314809,0.023656369138580196,0.005333333333333336,0.033166666666666664,0.7073333333333333,0.022329786925921195,0.013406947419748351,0.002,0.016166666666666666,0.4966666666666667
holdout,2,ratio_ge_6,Expanded if ratio >= 6,216,0.9980555555555555,0.0,0.9069110623732193,0.07047427037314809,0.023656369138580196,0.005333333333333336,0.033166666666666664,0.7073333333333333,0.022329786925921195,0.013406947419748351,0.002,0.016166666666666666,0.4966666666666667
holdout,2,ratio_ge_10,Expanded if ratio >= 10,216,0.9980555555555555,0.0,0.9069110623732193,0.07047427037314809,0.023656369138580196,0.005333333333333336,0.033166666666666664,0.7073333333333333,0.022329786925921195,0.013406947419748351,0.002,0.016166666666666666,0.4966666666666667
holdout,2,ratio_ge_4_margin_ge_1,Ratio >= 4 and minimum margin >= 1,216,0.9980555555555555,0.0,0.9069110623732193,0.07047427037314809,0.023656369138580196,0.005333333333333336,0.033166666666666664,0.7073333333333333,0.022329786925921195,0.013406947419748351,0.002,0.016166666666666666,0.4966666666666667
holdout,2,ratio_ge_4_margin_ge_2,Ratio >= 4 and minimum margin >= 2,216,0.9980555555555555,0.0,0.9069110623732193,0.07047427037314809,0.023656369138580196,0.005333333333333336,0.033166666666666664,0.7073333333333333,0.022329786925921195,0.013406947419748351,0.002,0.016166666666666666,0.4966666666666667
holdout,2,ratio_ge_4_margin_ge_5,Ratio >= 4 and minimum margin >= 5,216,0.9980555555555555,0.0,0.9069110623732193,0.07047427037314809,0.023656369138580196,0.005333333333333336,0.033166666666666664,0.7073333333333333,0.022329786925921195,0.013406947419748351,0.002,0.016166666666666666,0.4966666666666667
holdout,2,ratio_ge_4_small_share_ge_50,Ratio >= 4 and smaller-sample share >= 0.50,216,0.9980555555555555,0.0,0.9069110623732193,0.07047427037314809,0.023656369138580196,0.005333333333333336,0.033166666666666664,0.7073333333333333,0.022329786925921195,0.013406947419748351,0.002,0.016166666666666666,0.4966666666666667
holdout,2,ratio_ge_4_small_share_ge_60,Ratio >= 4 and smaller-sample share >= 0.60,216,0.9980555555555555,0.0,0.9069110623732193,0.07047427037314809,0.023656369138580196,0.005333333333333336,0.033166666666666664,0.7073333333333333,0.022329786925921195,0.013406947419748351,0.002,0.016166666666666666,0.4966666666666667
holdout,2,ratio_ge_4_small_share_ge_70,Ratio >= 4 and smaller-sample share >= 0.70,216,0.9980555555555555,0.0,0.9069110623732193,0.07047427037314809,0.023656369138580196,0.005333333333333336,0.033166666666666664,0.7073333333333333,0.022329786925921195,0.013406947419748351,0.002,0.016166666666666666,0.4966666666666667
holdout,2,ratio_ge_4_margin_ge_2_share_ge_50,"Ratio >= 4, minimum margin >= 2, and smaller-sample share >= 0.50",216,0.9980555555555555,0.0,0.9069110623732193,0.07047427037314809,0.023656369138580196,0.005333333333333336,0.033166666666666664,0.7073333333333333,0.022329786925921195,0.013406947419748351,0.002,0.016166666666666666,0.4966666666666667
holdout,3,normal,Always Normal Wald,216,0.9991929012345679,0.0,1.4695295307562926,0.08225842142248846,0.03475224858298229,0.006000000000000005,0.07166666666666666,0.8743333333333333,0.03160372114544297,0.02244014089852939,0.002333333333333333,0.035333333333333335,0.7686666666666666
holdout,3,expanded_no_fallback,Always Expanded Welch,216,0.9895385802469135,1.0,1.1066729660331793,0.07209732167781999,0.027850209186377546,0.0050000000000000044,0.032833333333333325,0.871,0.024636080983836645,0.016563417483388083,0.001666666666666667,0.010833333333333334,0.757
holdout,3,expanded_fallback,Expanded with Wald fallback,216,0.9991929012345679,0.9899199601415113,1.2224535089931579,0.07550983458133412,0.02963020495170449,0.0050000000000000044,0.033333333333333326,0.871,0.027013769930263005,0.01852302918952226,0.001666666666666667,0.014333333333333333,0.757
holdout,3,ratio_ge_2,Expanded if ratio >= 2,216,0.9991929012345679,0.9899199601415113,1.2224535089931579,0.07550983458133412,0.02963020495170449,0.0050000000000000044,0.033333333333333326,0.871,0.027013769930263005,0.01852302918952226,0.001666666666666667,0.014333333333333333,0.757
holdout,3,ratio_ge_3,Expanded if ratio >= 3,216,0.9991929012345679,0.9899199601415113,1.2224535089931579,0.07550983458133412,0.02963020495170449,0.0050000000000000044,0.033333333333333326,0.871,0.027013769930263005,0.01852302918952226,0.001666666666666667,0.014333333333333333,0.757
holdout,3,ratio_ge_4,Expanded if ratio >= 4,216,0.9991929012345679,0.0,1.4695295307562926,0.08225842142248846,0.03475224858298229,0.006000000000000005,0.07166666666666666,0.8743333333333333,0.03160372114544297,0.02244014089852939,0.002333333333333333,0.035333333333333335,0.7686666666666666
holdout,3,ratio_ge_6,Expanded if ratio >= 6,216,0.9991929012345679,0.0,1.4695295307562926,0.08225842142248846,0.03475224858298229,0.006000000000000005,0.07166666666666666,0.8743333333333333,0.03160372114544297,0.02244014089852939,0.002333333333333333,0.035333333333333335,0.7686666666666666
holdout,3,ratio_ge_10,Expanded if ratio >= 10,216,0.9991929012345679,0.0,1.4695295307562926,0.08225842142248846,0.03475224858298229,0.006000000000000005,0.07166666666666666,0.8743333333333333,0.03160372114544297,0.02244014089852939,0.002333333333333333,0.035333333333333335,0.7686666666666666
holdout,3,ratio_ge_4_margin_ge_1,Ratio >= 4 and minimum margin >= 1,216,0.9991929012345679,0.0,1.4695295307562926,0.08225842142248846,0.03475224858298229,0.006000000000000005,0.07166666666666666,0.8743333333333333,0.03160372114544297,0.02244014089852939,0.002333333333333333,0.035333333333333335,0.7686666666666666
holdout,3,ratio_ge_4_margin_ge_2,Ratio >= 4 and minimum margin >= 2,216,0.9991929012345679,0.0,1.4695295307562926,0.08225842142248846,0.03475224858298229,0.006000000000000005,0.07166666666666666,0.8743333333333333,0.03160372114544297,0.02244014089852939,0.002333333333333333,0.035333333333333335,0.7686666666666666
holdout,3,ratio_ge_4_margin_ge_5,Ratio >= 4 and minimum margin >= 5,216,0.9991929012345679,0.0,1.4695295307562926,0.08225842142248846,0.03475224858298229,0.006000000000000005,0.07166666666666666,0.8743333333333333,0.03160372114544297,0.02244014089852939,0.002333333333333333,0.035333333333333335,0.7686666666666666
holdout,3,ratio_ge_4_small_share_ge_50,Ratio >= 4 and smaller-sample share >= 0.50,216,0.9991929012345679,0.0,1.4695295307562926,0.08225842142248846,0.03475224858298229,0.006000000000000005,0.07166666666666666,0.8743333333333333,0.03160372114544297,0.02244014089852939,0.002333333333333333,0.035333333333333335,0.7686666666666666
holdout,3,ratio_ge_4_small_share_ge_60,Ratio >= 4 and smaller-sample share >= 0.60,216,0.9991929012345679,0.0,1.4695295307562926,0.08225842142248846,0.03475224858298229,0.006000000000000005,0.07166666666666666,0.8743333333333333,0.03160372114544297,0.02244014089852939,0.002333333333333333,0.035333333333333335,0.7686666666666666
holdout,3,ratio_ge_4_small_share_ge_70,Ratio >= 4 and smaller-sample share >= 0.70,216,0.9991929012345679,0.0,1.4695295307562926,0.08225842142248846,0.03475224858298229,0.006000000000000005,0.07166666666666666,0.8743333333333333,0.03160372114544297,0.02244014089852939,0.002333333333333333,0.035333333333333335,0.7686666666666666
holdout,3,ratio_ge_4_margin_ge_2_share_ge_50,"Ratio >= 4, minimum margin >= 2, and smaller-sample share >= 0.50",216,0.9991929012345679,0.0,1.4695295307562926,0.08225842142248846,0.03475224858298229,0.006000000000000005,0.07166666666666666,0.8743333333333333,0.03160372114544297,0.02244014089852939,0.002333333333333333,0.035333333333333335,0.7686666666666666
holdout,4,normal,Always Normal Wald,216,0.9996496913580246,0.0,1.7623431083561039,0.08782538108383246,0.03985933170111643,0.006333333333333333,0.08316666666666665,0.9083333333333333,0.036589810641713606,0.027274995826898792,0.002666666666666667,0.04633333333333333,0.866
holdout,4,expanded_no_fallback,Always Expanded Welch,216,0.9898796296296296,1.0,1.3206796065252577,0.0759600554298706,0.03153266134800508,0.005666666666666667,0.040833333333333326,0.9073333333333333,0.028366604961193344,0.02010705986090414,0.002,0.0125,0.8573333333333333
holdout,4,expanded_fallback,Expanded with Wald fallback,216,0.9996496913580246,0.990049021656625,1.4478025961086038,0.07996469670766083,0.03383815349778429,0.005833333333333333,0.04466666666666667,0.9073333333333333,0.030808791592985593,0.022188421222615225,0.002333333333333333,0.015166666666666669,0.8573333333333333
holdout,4,ratio_ge_2,Expanded if ratio >= 2,216,0.9996496913580246,0.990049021656625,1.4478025961086038,0.07996469670766083,0.03383815349778429,0.005833333333333333,0.04466666666666667,0.9073333333333333,0.030808791592985593,0.022188421222615225,0.002333333333333333,0.015166666666666669,0.8573333333333333
holdout,4,ratio_ge_3,Expanded if ratio >= 3,216,0.9996496913580246,0.990049021656625,1.4478025961086038,0.07996469670766083,0.03383815349778429,0.005833333333333333,0.04466666666666667,0.9073333333333333,0.030808791592985593,0.022188421222615225,0.002333333333333333,0.015166666666666669,0.8573333333333333
holdout,4,ratio_ge_4,Expanded if ratio >= 4,216,0.9996496913580246,0.990049021656625,1.4478025961086038,0.07996469670766083,0.03383815349778429,0.005833333333333333,0.04466666666666667,0.9073333333333333,0.030808791592985593,0.022188421222615225,0.002333333333333333,0.015166666666666669,0.8573333333333333
holdout,4,ratio_ge_6,Expanded if ratio >= 6,216,0.9996496913580246,0.0,1.7623431083561039,0.08782538108383246,0.03985933170111643,0.006333333333333333,0.08316666666666665,0.9083333333333333,0.036589810641713606,0.027274995826898792,0.002666666666666667,0.04633333333333333,0.866
holdout,4,ratio_ge_10,Expanded if ratio >= 10,216,0.9996496913580246,0.0,1.7623431083561039,0.08782538108383246,0.03985933170111643,0.006333333333333333,0.08316666666666665,0.9083333333333333,0.036589810641713606,0.027274995826898792,0.002666666666666667,0.04633333333333333,0.866
holdout,4,ratio_ge_4_margin_ge_1,Ratio >= 4 and minimum margin >= 1,216,0.9996496913580246,0.7876230957306992,1.651907534380209,0.08401870905333986,0.03738907942371021,0.00633333333333333,0.0823108941994839,0.9083333333333333,0.03440292739545473,0.025560334802862135,0.002333333333333334,0.044833333333333336,0.866
holdout,4,ratio_ge_4_margin_ge_2,Ratio >= 4 and minimum margin >= 2,216,0.9996496913580246,0.7172374738166684,1.685527190068897,0.08507182901648488,0.03826627346092932,0.0061666666666666675,0.08299999999999999,0.9083333333333333,0.03493074589931553,0.02605728910919208,0.0025,0.045,0.866
holdout,4,ratio_ge_4_margin_ge_5,Ratio >= 4 and minimum margin >= 5,216,0.9996496913580246,0.6339846256239176,1.7191486639116593,0.08593957861469666,0.03905068972580778,0.00633333333333333,0.08316666666666665,0.9083333333333333,0.035458637802207434,0.026572835333071636,0.002666666666666666,0.045,0.866
holdout,4,ratio_ge_4_small_share_ge_50,Ratio >= 4 and smaller-sample share >= 0.50,216,0.9996496913580246,0.9814302992854379,1.535568244124102,0.08168772751108622,0.03525871516540719,0.005833333333333333,0.0535,0.9073333333333333,0.03252073296051172,0.023659621849400608,0.0021666666666666666,0.030166666666666665,0.8573333333333333
holdout,4,ratio_ge_4_small_share_ge_60,Ratio >= 4 and smaller-sample share >= 0.60,216,0.9996496913580246,0.9724779956278722,1.5700652475533536,0.08257825143523728,0.03582207859573111,0.005666666666666667,0.0535,0.9073333333333333,0.03318442009611839,0.02423688923192085,0.002333333333333333,0.03533333333333333,0.8573333333333333
holdout,4,ratio_ge_4_small_share_ge_70,Ratio >= 4 and smaller-sample share >= 0.70,216,0.9996496913580246,0.9365706330511597,1.6366786297510136,0.08406604648832586,0.036865429204375244,0.0061666666666666675,0.05566666666666667,0.9073333333333333,0.03443147440846622,0.02536048675414523,0.002666666666666667,0.041499999999999995,0.8573333333333333
holdout,4,ratio_ge_4_margin_ge_2_share_ge_50,"Ratio >= 4, minimum margin >= 2, and smaller-sample share >= 0.50",216,0.9996496913580246,0.7146567983129131,1.702864849385723,0.08539926439600361,0.03847951130958384,0.0061666666666666675,0.08299999999999999,0.9083333333333333,0.03536139472579769,0.02636139472579769,0.002333333333333334,0.045,0.866
holdout,6,normal,Always Normal Wald,216,0.9999212962962963,0.0,2.0919623882505327,0.09512308324732255,0.04732370053127316,0.006999999999999999,0.10283333333333333,0.9326666666666666,0.04160907555999059,0.032374507658756026,0.0035000000000000005,0.055251782531194296,0.9203333333333333
holdout,6,expanded_no_fallback,Always Expanded Welch,216,0.9902962962962962,1.0,1.48627482533509,0.07926622812592603,0.034566025302324915,0.004833333333333332,0.0465,0.9309999999999999,0.03095872744331925,0.02281229144623682,0.002333333333333334,0.0135,0.9146666666666666
holdout,6,expanded_fallback,Expanded with Wald fallback,216,0.9999212962962963,0.990334676550717,1.6551466254901188,0.08481692180886073,0.03867803291997184,0.0049999999999999975,0.049166666666666664,0.9309999999999999,0.03378707901222777,0.025367325925808017,0.002666666666666666,0.021166666666666667,0.9146666666666666
holdout,6,ratio_ge_2,Expanded if ratio >= 2,216,0.9999212962962963,0.990334676550717,1.6551466254901188,0.08481692180886073,0.03867803291997184,0.0049999999999999975,0.049166666666666664,0.9309999999999999,0.03378707901222777,0.025367325925808017,0.002666666666666666,0.021166666666666667,0.9146666666666666
holdout,6,ratio_ge_3,Expanded if ratio >= 3,216,0.9999212962962963,0.990334676550717,1.6551466254901188,0.08481692180886073,0.03867803291997184,0.0049999999999999975,0.049166666666666664,0.9309999999999999,0.03378707901222777,0.025367325925808017,0.002666666666666666,0.021166666666666667,0.9146666666666666
holdout,6,ratio_ge_4,Expanded if ratio >= 4,216,0.9999212962962963,0.990334676550717,1.6551466254901188,0.08481692180886073,0.03867803291997184,0.0049999999999999975,0.049166666666666664,0.9309999999999999,0.03378707901222777,0.025367325925808017,0.002666666666666666,0.021166666666666667,0.9146666666666666
holdout,6,ratio_ge_6,Expanded if ratio >= 6,216,0.9999212962962963,0.990334676550717,1.6551466254901188,0.08481692180886073,0.03867803291997184,0.0049999999999999975,0.049166666666666664,0.9309999999999999,0.03378707901222777,0.025367325925808017,0.002666666666666666,0.021166666666666667,0.9146666666666666
holdout,6,ratio_ge_10,Expanded if ratio >= 10,216,0.9999212962962963,0.0,2.0919623882505327,0.09512308324732255,0.04732370053127316,0.006999999999999999,0.10283333333333333,0.9326666666666666,0.04160907555999059,0.032374507658756026,0.0035000000000000005,0.055251782531194296,0.9203333333333333
holdout,6,ratio_ge_4_margin_ge_1,Ratio >= 4 and minimum margin >= 1,216,0.9999212962962963,0.7967004172914578,1.921998477341971,0.09011013168540395,0.04344963785824345,0.005499999999999998,0.10133333333333333,0.9326666666666666,0.03841053580235122,0.02975004197519073,0.002666666666666666,0.05316666666666666,0.9203333333333333
holdout,6,ratio_ge_4_margin_ge_2,Ratio >= 4 and minimum margin >= 2,216,0.9999212962962963,0.7271181515496559,1.977048589588252,0.09158583783732291,0.04469077610892785,0.005499999999999998,0.10283333333333333,0.9326666666666666,0.03926331039713996,0.030602816569979468,0.0026666666666666666,0.053751782531194295,0.9203333333333333
holdout,6,ratio_ge_4_margin_ge_5,Ratio >= 4 and minimum margin >= 5,216,0.9999212962962963,0.6437731786846619,2.019431482790706,0.09270486924454974,0.04569560998529046,0.005666666666666667,0.10283333333333333,0.9326666666666666,0.0399377792636943,0.031249507658756025,0.002666666666666666,0.055251782531194296,0.9203333333333333
holdout,6,ratio_ge_4_small_share_ge_50,Ratio >= 4 and smaller-sample share >= 0.50,216,0.9999212962962963,0.9850564215478191,1.7403688870250942,0.0862245277462027,0.039881935153610104,0.005000000000000001,0.054,0.9309999999999999,0.03540506478385394,0.02683099070977986,0.002666666666666666,0.03266666666666666,0.9146666666666666
holdout,6,ratio_ge_4_small_share_ge_60,Ratio >= 4 and smaller-sample share >= 0.60,216,0.9999212962962963,0.9817937321628452,1.7775310626551475,0.08711498787501634,0.04061190145526325,0.005166666666666667,0.07999999999999999,0.9309999999999999,0.03612268540649475,0.0274282409620503,0.002666666666666666,0.0365,0.9146666666666666
holdout,6,ratio_ge_4_small_share_ge_70,Ratio >= 4 and smaller-sample share >= 0.70,216,0.9999212962962963,0.9714659123147541,1.8339217569685482,0.0885378574715977,0.04172921549628907,0.005166666666666667,0.07999999999999999,0.9309999999999999,0.03721222166974277,0.02833259204011315,0.002666666666666666,0.03966666666666667,0.9146666666666666
holdout,6,ratio_ge_4_margin_ge_2_share_ge_50,"Ratio >= 4, minimum margin >= 2, and smaller-sample share >= 0.50",216,0.9999212962962963,0.7261988016369787,1.9898011762691183,0.09181282624671197,0.04487764106152678,0.005666666666666667,0.10283333333333333,0.9326666666666666,0.03953345827603998,0.030820495313077016,0.0026666666666666666,0.053751782531194295,0.9203333333333333
holdout,10,normal,Always Normal Wald,216,0.9999984567901234,0.0,2.4861907467098088,0.10352236393612688,0.05550075899785525,0.007333333333333331,0.10916666666666668,0.9376666666666666,0.04800020634450166,0.03862366313462512,0.004,0.06149999999999999,0.9393333333333334
holdout,10,expanded_no_fallback,Always Expanded Welch,216,0.9904567901234569,1.0,1.6181780837660387,0.08210709271276996,0.03767641302222616,0.005666666666666667,0.047499999999999994,0.9369999999999999,0.03296907166011764,0.02482827907087554,0.002333333333333333,0.017,0.9363333333333334
holdout,10,expanded_fallback,Expanded with Wald fallback,216,0.9999984567901234,0.9904575944038959,1.938798534696751,0.09052697761393715,0.04512882946578901,0.005833333333333333,0.057166666666666664,0.9369999999999999,0.038037241837814255,0.029750204800777214,0.002333333333333333,0.024333333333333332,0.9363333333333334
holdout,10,ratio_ge_2,Expanded if ratio >= 2,216,0.9999984567901234,0.9904575944038959,1.938798534696751,0.09052697761393715,0.04512882946578901,0.005833333333333333,0.057166666666666664,0.9369999999999999,0.038037241837814255,0.029750204800777214,0.002333333333333333,0.024333333333333332,0.9363333333333334
holdout,10,ratio_ge_3,Expanded if ratio >= 3,216,0.9999984567901234,0.9904575944038959,1.938798534696751,0.09052697761393715,0.04512882946578901,0.005833333333333333,0.057166666666666664,0.9369999999999999,0.038037241837814255,0.029750204800777214,0.002333333333333333,0.024333333333333332,0.9363333333333334
holdout,10,ratio_ge_4,Expanded if ratio >= 4,216,0.9999984567901234,0.9904575944038959,1.938798534696751,0.09052697761393715,0.04512882946578901,0.005833333333333333,0.057166666666666664,0.9369999999999999,0.038037241837814255,0.029750204800777214,0.002333333333333333,0.024333333333333332,0.9363333333333334
holdout,10,ratio_ge_6,Expanded if ratio >= 6,216,0.9999984567901234,0.9904575944038959,1.938798534696751,0.09052697761393715,0.04512882946578901,0.005833333333333333,0.057166666666666664,0.9369999999999999,0.038037241837814255,0.029750204800777214,0.002333333333333333,0.024333333333333332,0.9363333333333334
holdout,10,ratio_ge_10,Expanded if ratio >= 10,216,0.9999984567901234,0.9904575944038959,1.938798534696751,0.09052697761393715,0.04512882946578901,0.005833333333333333,0.057166666666666664,0.9369999999999999,0.038037241837814255,0.029750204800777214,0.002333333333333333,0.024333333333333332,0.9363333333333334
holdout,10,ratio_ge_4_margin_ge_1,Ratio >= 4 and minimum margin >= 1,216,0.9999984567901234,0.8055162363792046,2.2592460655609483,0.09693129860159148,0.05056092823122111,0.006000000000000002,0.10666666666666667,0.9376666666666666,0.043764093689666106,0.03507273566497474,0.002666666666666666,0.06033333333333333,0.9393333333333334
holdout,10,ratio_ge_4_margin_ge_2,Ratio >= 4 and minimum margin >= 2,216,0.9999984567901234,0.7372857778724595,2.34372149770088,0.09926772813159943,0.052511555292093254,0.006000000000000005,0.109,0.9376666666666666,0.04508199543880882,0.036372118895598944,0.002666666666666666,0.0605,0.9393333333333334
holdout,10,ratio_ge_4_margin_ge_5,Ratio >= 4 and minimum margin >= 5,216,0.9999984567901234,0.654484569444959,2.3968851911542526,0.10067977134353427,0.05380014171390463,0.006000000000000005,0.10916666666666668,0.9376666666666666,0.045918416221044873,0.03717767548030414,0.002666666666666666,0.06149999999999999,0.9393333333333334
holdout,10,ratio_ge_4_small_share_ge_50,Ratio >= 4 and smaller-sample share >= 0.50,216,0.9999984567901234,0.986516170513628,2.0127339205661148,0.0922569308082118,0.046550140684755006,0.005833333333333333,0.057166666666666664,0.9369999999999999,0.039367489780544135,0.030944650274371294,0.002333333333333333,0.028666666666666667,0.9363333333333334
holdout,10,ratio_ge_4_small_share_ge_60,Ratio >= 4 and smaller-sample share >= 0.60,216,0.9999984567901234,0.9854189400582087,2.048027130442658,0.09275230117858217,0.04691588142549574,0.005833333333333333,0.057166666666666664,0.9369999999999999,0.04009588484227253,0.031577366323754005,0.002333333333333333,0.03666666666666667,0.9363333333333334
holdout,10,ratio_ge_4_small_share_ge_70,Ratio >= 4 and smaller-sample share >= 0.70,216,0.9999984567901234,0.9825994703995982,2.1034746613068553,0.09386495549956982,0.047722980190927834,0.005833333333333333,0.0775,0.9369999999999999,0.041247119410173755,0.03252489718795154,0.002333333333333333,0.04033333333333333,0.9363333333333334
holdout,10,ratio_ge_4_margin_ge_2_share_ge_50,"Ratio >= 4, minimum margin >= 2, and smaller-sample share >= 0.50",216,0.9999984567901234,0.7367857639789395,2.349832685998213,0.09941896784524883,0.052659708585989576,0.006000000000000005,0.109,0.9376666666666666,0.0452270576817787,0.03646471200276635,0.002666666666666666,0.0605,0.9393333333333334
holdout,20,normal,Always Normal Wald,216,1.0,0.0,2.9164969135802465,0.1063564814814815,0.05847067901234567,0.008333333333333338,0.12566666666666665,0.9436666666666667,0.05575925925925926,0.046635802469135804,0.004,0.06916666666666668,0.9586666666666667
holdout,20,expanded_no_fallback,Always Expanded Welch,216,0.9902376543209876,1.0,1.8076623808432462,0.08486598472561434,0.041498767951500086,0.005833333333333333,0.06383333333333333,0.9436666666666667,0.035229365212417145,0.02785349402656491,0.002333333333333334,0.022999999999999996,0.955
holdout,20,expanded_fallback,Expanded with Wald fallback,216,1.0,0.9902376543209876,2.278271604938271,0.09221296296296295,0.047919753086419756,0.005666666666666667,0.06683333333333333,0.9436666666666667,0.043537037037037034,0.035981481481481475,0.002666666666666666,0.024499999999999997,0.955
holdout,20,ratio_ge_2,Expanded if ratio >= 2,216,1.0,0.9902376543209876,2.278271604938271,0.09221296296296295,0.047919753086419756,0.005666666666666667,0.06683333333333333,0.9436666666666667,0.043537037037037034,0.035981481481481475,0.002666666666666666,0.024499999999999997,0.955
holdout,20,ratio_ge_3,Expanded if ratio >= 3,216,1.0,0.9902376543209876,2.278271604938271,0.09221296296296295,0.047919753086419756,0.005666666666666667,0.06683333333333333,0.9436666666666667,0.043537037037037034,0.035981481481481475,0.002666666666666666,0.024499999999999997,0.955
holdout,20,ratio_ge_4,Expanded if ratio >= 4,216,1.0,0.9902376543209876,2.278271604938271,0.09221296296296295,0.047919753086419756,0.005666666666666667,0.06683333333333333,0.9436666666666667,0.043537037037037034,0.035981481481481475,0.002666666666666666,0.024499999999999997,0.955
holdout,20,ratio_ge_6,Expanded if ratio >= 6,216,1.0,0.9902376543209876,2.278271604938271,0.09221296296296295,0.047919753086419756,0.005666666666666667,0.06683333333333333,0.9436666666666667,0.043537037037037034,0.035981481481481475,0.002666666666666666,0.024499999999999997,0.955
holdout,20,ratio_ge_10,Expanded if ratio >= 10,216,1.0,0.9902376543209876,2.278271604938271,0.09221296296296295,0.047919753086419756,0.005666666666666667,0.06683333333333333,0.9436666666666667,0.043537037037037034,0.035981481481481475,0.002666666666666666,0.024499999999999997,0.955
holdout,20,ratio_ge_4_margin_ge_1,Ratio >= 4 and minimum margin >= 1,216,1.0,0.8104969135802469,2.6427160493827158,0.09955555555555556,0.05387037037037037,0.005999999999999998,0.12333333333333332,0.9436666666666667,0.050277777777777775,0.04208024691358024,0.0026666666666666666,0.06266666666666666,0.9586666666666667
holdout,20,ratio_ge_4_margin_ge_2,Ratio >= 4 and minimum margin >= 2,216,1.0,0.7451712962962963,2.746743827160494,0.10108024691358024,0.054913580246913576,0.006333333333333333,0.12566666666666665,0.9436666666666667,0.05216512345679013,0.04395216049382716,0.002666666666666667,0.06383333333333334,0.9586666666666667
holdout,20,ratio_ge_4_margin_ge_5,Ratio >= 4 and minimum margin >= 5,216,1.0,0.6667916666666666,2.817268518518518,0.10277623456790123,0.05647993827160493,0.006499999999999999,0.12566666666666665,0.9436666666666667,0.05329012345679012,0.04504938271604938,0.002666666666666667,0.06916666666666668,0.9586666666666667
holdout,20,ratio_ge_4_small_share_ge_50,Ratio >= 4 and smaller-sample share >= 0.50,216,1.0,0.9870015432098765,2.3437499999999996,0.09274228395061729,0.04793981481481482,0.005666666666666667,0.06683333333333333,0.9436666666666667,0.04493209876543211,0.03728703703703703,0.002666666666666666,0.024666666666666663,0.955
holdout,20,ratio_ge_4_small_share_ge_60,Ratio >= 4 and smaller-sample share >= 0.60,216,1.0,0.9866635802469135,2.3510648148148143,0.0928858024691358,0.0479537037037037,0.005666666666666667,0.06683333333333333,0.9436666666666667,0.04513117283950618,0.03743055555555555,0.002666666666666666,0.025666666666666664,0.955
holdout,20,ratio_ge_4_small_share_ge_70,Ratio >= 4 and smaller-sample share >= 0.70,216,1.0,0.9859506172839507,2.377283950617284,0.0932006172839506,0.048129629629629626,0.005999999999999998,0.06683333333333333,0.9436666666666667,0.04575617283950617,0.03791975308641975,0.002666666666666666,0.03799999999999999,0.955
holdout,20,ratio_ge_4_margin_ge_2_share_ge_50,"Ratio >= 4, minimum margin >= 2, and smaller-sample share >= 0.50",216,1.0,0.7447978395061727,2.7559722222222214,0.10120679012345679,0.055033950617283944,0.006333333333333333,0.12566666666666665,0.9436666666666667,0.0523533950617284,0.04411265432098766,0.002666666666666667,0.06383333333333334,0.9586666666666667
