config_id,family_x,family_y,pair_family,kx,ky,kmax,N,bootstrap,lam_target,lam_min,lam_tp,frac_cells_lt_1,expected_zero_frac,expected_singleton_frac,nu0,mu,sigma2,nu,a,nu_norm,T_q95,T_q99,standard_q95,standard_q99,true_mm_q95,true_mm_q99,pred_mu,pred_sigma2,pred_a,pred_nu,pred_nu_norm,stage12_q95,stage12_q99,standard_q95_ratio_emp,standard_q99_ratio_emp,true_mm_q95_ratio_emp,true_mm_q99_ratio_emp,stage12_q95_ratio_emp,stage12_q99_ratio_emp,mu_ratio_pred,sigma2_ratio_pred,a_ratio_pred,nu_ratio_pred
kx=10|ky=10|x=uniform|y=uniform|N=50|lam=0.5,uniform,uniform,uniform|uniform,10,10,10,50,1000,0.5,0.5000000000000001,0.005000000000000001,1.0,0.6065306597126332,0.3032653298563166,81.0,81.60424760117404,54.92213290258699,242.49798303954975,0.33651516016058963,2.993802259747528,93.98938368148781,98.55729732203397,103.00950871222618,113.51241047036062,94.16464062112759,99.82747768282769,77.33017913200293,59.017860766289814,0.3815965605455671,202.64904647317644,2.5018400799157585,90.38523923496223,96.31552649683685,1.0959696156887875,1.1517402927503289,1.0018646461203926,1.0128877353103893,0.9616537069895112,0.9772541365671567,0.9476244362908676,1.0745733577202334,1.1339654366937406,0.8356731216198436
kx=10|ky=10|x=uniform|y=uniform|N=100|lam=1,uniform,uniform,uniform|uniform,10,10,10,100,1000,1.0,1.0000000000000002,0.010000000000000002,0.0,0.3678794411714421,0.3678794411714421,81.0,95.87665511642359,114.37483552883387,160.7404802605596,0.5964686366558566,1.9844503735871555,112.60969986036952,122.20267207735269,103.00950871222618,113.51241047036062,114.11939167517683,122.49487191966406,87.66487240115252,113.53214217824751,0.6475349764882274,135.3824512717211,1.6713882873051986,105.89584926827764,114.33843145585878,0.9147480975435766,0.9288864845648281,1.013406410075502,1.0023911084540478,0.9403794646427731,0.9356459192928618,0.914350550660122,0.9926321786895692,1.0856144593262738,0.8422424211515777
kx=10|ky=10|x=uniform|y=uniform|N=200|lam=2,uniform,uniform,uniform|uniform,10,10,10,200,1000,2.0,2.0000000000000004,0.020000000000000004,0.0,0.1353352832366126,0.2706705664732252,81.0,94.92294612909704,187.0248170976111,96.35476020409432,0.9851401832980076,1.1895649407912878,118.0908103718762,129.77490026611807,103.00950871222618,113.51241047036062,118.48072323485947,129.60066429680126,96.74037953765999,184.23426474625228,0.9522097475053417,101.59566187082883,1.2542674305040598,120.09563136467143,131.0851304042232,0.8722906413110558,0.8746869405223247,1.0033018052950555,0.9986573985496462,1.0169769433072897,1.010096175265158,1.019146407509215,0.9850792403133195,0.9665728427781487,1.0543917254906086
kx=10|ky=10|x=uniform|y=uniform|N=500|lam=5,uniform,uniform,uniform|uniform,10,10,10,500,1000,5.0,5.000000000000001,0.05000000000000001,0.0,0.006737946999085461,0.03368973499542732,81.0,85.7233112677219,203.46136137011112,72.23470879402306,1.186732980569791,0.8917865283212724,111.47708983274663,123.36663263263057,103.00950871222618,113.51241047036062,110.4554524490484,122.34809308889561,85.75611112031606,178.5129709008853,1.0408177829474514,82.39301107775721,1.017197667626632,108.85113923205766,119.85986633577673,0.9240419611489259,0.9201224678668622,0.9908354498199492,0.9917438003940009,0.9764440334365673,0.9715744344964289,1.0003826246572736,0.8773802047660397,0.8770446258666539,1.1406291027309392
kx=10|ky=13|x=uniform|y=zipf_a1p45_rect|N=442|lam=0.5,uniform,zipf_a1p45_rect,uniform|zipf_a1p45_rect,10,13,13,442,1000,0.5,0.5003776992023817,0.008605386989563967,0.38461538461538464,0.2844674896323292,0.24974063122259993,108.0,118.5718008646319,178.97912958904507,157.105155138071,0.7547288996368433,1.4546773623895464,140.36713851822614,150.62219857216425,133.25686170186816,145.09884441428903,141.40132711520326,151.8943219426287,120.74923017609218,177.53313221180582,0.7351315281799478,164.25527344072069,1.5208821614881545,143.4690232787296,153.8891269097024,0.9493451466531482,0.9633297468086756,1.0073677401127816,1.0084457894156615,1.0220983685586829,1.0216895541859519,1.0183638040038387,0.9919208603787525,0.9740338928768657,1.0455116720795434
kx=10|ky=13|x=uniform|y=zipf_a1p45_rect|N=883|lam=1,uniform,zipf_a1p45_rect,uniform|zipf_a1p45_rect,10,13,13,883,1000,1.0,0.9996233221622243,0.01719130477779408,0.07692307692307693,0.12882340994485558,0.18905371546997432,108.0,120.40515135532264,231.90502937310157,125.02877158023114,0.963019550088585,1.157673810928066,146.04644759830984,158.27584161130312,133.25686170186816,145.09884441428903,146.49997128310213,158.6353568129648,120.5747870223284,227.88610921280275,0.9449990119849937,127.5925006197182,1.1814120427751684,146.43252475479497,158.44453901543255,0.9124279562648555,0.9167466300424141,1.0031053386936166,1.002271447101476,1.0026435230903186,1.0010658443032874,1.001408873832193,0.9826699741218938,0.981287463892157,1.020505112599958
kx=10|ky=13|x=uniform|y=zipf_a1p45_rect|N=1767|lam=2,uniform,zipf_a1p45_rect,uniform|zipf_a1p45_rect,10,13,13,1767,1000,2.0,2.000378720566988,0.034402078756922014,0.0,0.03333106181842574,0.08463632929033862,108.0,115.72049912760365,253.68757727925174,105.57264223940334,1.096122031929336,0.9775244651796605,142.5151613894501,153.28394565302756,133.25686170186816,145.09884441428903,143.10493557171748,155.96134902067482,114.86331155790602,245.51469908685695,1.0687254953601337,107.47690782767371,0.9951565539599417,141.7931765514217,154.42309935987288,0.9350363877266233,0.9466017057176603,1.004138325891206,1.0174669523037188,0.9949339787360909,1.0074316569944246,0.9925926039365556,0.9677836877940683,0.9750059429779179,1.0180374910381815
kx=10|ky=13|x=uniform|y=zipf_a1p45_rect|N=4417|lam=5,uniform,zipf_a1p45_rect,uniform|zipf_a1p45_rect,10,13,13,4417,1000,5.0,5.0003807632962,0.08599546229163811,0.0,0.0009996904507053833,0.005542646828699461,108.0,110.22579695256563,222.58627173253214,109.16869418099411,1.0096832043242994,1.010821242416612,134.80961422330398,146.50458079222483,133.25686170186816,145.09884441428903,135.85923598197738,147.87035620227763,109.92457886349047,226.7062440340273,1.0311899594155454,106.59973738087324,0.9870346053784559,135.80669643325356,147.95098150970733,0.9884818858774881,0.990404829867201,1.0077859562518647,1.0093224075497664,1.0073962247848138,1.0098727337374782,0.9972672632232835,1.0185095525857313,1.0213004980167406,0.9764680083480551
kx=10|ky=10|x=one_rare_0p25|y=geom_q0p72|N=1322|lam=0.5,one_rare_0p25,geom_q0p72,one_rare_0p25|geom_q0p72,10,10,10,1322,1000,0.5,0.4999121933887993,0.04726143335200007,0.03,0.036594994256993786,0.06322629522225036,81.0,85.41590737555464,164.22971398933777,88.8496613135793,0.9613532129750519,1.0969093989330778,107.45707210385808,116.30342212567098,103.00950871222618,113.51241047036062,107.53029143809864,118.02111139664945,85.62099648995779,174.54447864893646,1.0192854895668506,84.00099615500537,1.0370493352469798,108.44786142552289,119.3152348722923,0.9586107893640234,0.9760023256040176,1.0006813821818055,1.014769034647342,1.0092203267990327,1.0258961661795896,1.0024010646342656,1.0628069331002328,1.0602611774838913,0.9454284339761136
kx=10|ky=10|x=one_rare_0p25|y=geom_q0p72|N=2644|lam=1,one_rare_0p25,geom_q0p72,one_rare_0p25|geom_q0p72,10,10,10,2644,1000,1.0,0.9998243867775986,0.09452286670400015,0.01,0.010044052247908407,0.019666339338525563,81.0,83.298205805354,169.7700586247669,81.74104605485333,1.0190499122002392,1.0091487167265842,106.45874605819606,117.10700071029177,103.00950871222618,113.51241047036062,105.8246609515039,116.56788981100549,82.85300591127013,170.22062582843728,1.0272447206727289,80.65556750392527,0.9957477469620404,105.41624327496261,116.18637345390499,0.9676002444732503,0.9693050781069552,0.9940438420499005,0.9953964246713143,0.9902074482197681,0.992138580522062,0.994655348338184,1.002653985086182,1.008041616386381,0.9867205204322974
kx=10|ky=10|x=one_rare_0p25|y=geom_q0p72|N=5289|lam=2,one_rare_0p25,geom_q0p72,one_rare_0p25|geom_q0p72,10,10,10,5289,1000,2.0,2.0000269219616937,0.18908148335758576,0.0,0.0022554528973658555,0.005688293719173434,81.0,81.90919352918422,159.27062116888573,84.24800425041617,0.9722389777414769,1.0400988179063726,104.24828095599715,114.20096009473237,103.00950871222618,113.51241047036062,103.71299692814736,114.09136070176558,81.96446981483356,166.69325974387118,1.0168629170691212,80.60523049761488,0.9951263024396899,104.29302232564146,114.95156417988288,0.9881170966810106,0.9939707194773093,0.9948652963584529,0.9990402935940655,1.0004291808865722,1.0065726600242928,1.0006748483688788,1.046603940642102,1.0458981180031541,0.9567613050871375
kx=10|ky=10|x=one_rare_0p25|y=geom_q0p72|N=13222|lam=5,one_rare_0p25,geom_q0p72,one_rare_0p25|geom_q0p72,10,10,10,13222,1000,5.0,4.999878230700986,0.4726858334191717,0.0,7.769199675315979e-05,0.0004103347511684345,81.0,81.39903205328758,159.43155300624255,83.11783074649854,0.9793209389877712,1.0261460585987474,103.71661191111971,113.77230846315437,103.00950871222618,113.51241047036062,103.22051582121983,113.61630594911675,81.29328075952566,164.09529288685638,1.009279557632002,80.5458508941349,0.9943932209152457,103.44752645302715,114.02337137954233,0.9931823534739113,0.9977156304877305,0.9952168116489862,0.998628818241056,0.9974055703022467,1.0022067137406223,0.9987008286082235,1.0292523016471602,1.0305912162719568,0.9690562201965072
kx=10|ky=12|x=zipf_a0p85|y=two_rare_0p35_rect|N=411|lam=0.5,zipf_a0p85,two_rare_0p35_rect,zipf_a0p85|two_rare_0p35_rect,10,12,12,411,1000,0.5,0.500073209544981,0.01663697920875469,0.1,0.13138422082255452,0.19151647371623431,99.0,110.61620076791246,208.89310625542674,117.15028888857117,0.9442247374492292,1.1833362513997088,134.24833259353525,144.1479215680019,123.2252214533618,134.64161685578915,135.41374850279516,146.9870273438405,111.76059291669662,212.1508967666898,0.9491310453444957,117.75043442618833,1.189398327537256,136.74825257565828,148.40695205436845,0.9178901448739165,0.9340517392910994,1.0086810456915576,1.0196957801746678,1.0186216091762723,1.0295462497137522,1.0103456106866773,1.015595490773542,1.0051961230210094,1.0051228686101492
kx=10|ky=12|x=zipf_a0p85|y=two_rare_0p35_rect|N=822|lam=1,zipf_a0p85,two_rare_0p35_rect,zipf_a0p85|two_rare_0p35_rect,10,12,12,822,1000,1.0,1.000146419089962,0.03327395841750938,0.0,0.0399255400259118,0.07821010894347058,99.0,106.06013501361207,225.1077110033623,99.94106544788778,1.0612267793854464,1.009505711594826,131.6156831553037,141.87486185438058,123.2252214533618,134.64161685578915,131.88534419559664,144.04888671925593,103.92956290218677,220.5033009075497,1.0608305026505125,97.96999864023148,0.989595945860924,129.50003409599884,141.55794291332595,0.9362502894731675,0.9490167256972163,1.0020488518832116,1.0153235381973922,0.9839255550054133,0.9977662079320301,0.9799116594453529,0.979545746899164,0.9996265861900286,0.9802777086793809
kx=10|ky=12|x=zipf_a0p85|y=two_rare_0p35_rect|N=1644|lam=2,zipf_a0p85,two_rare_0p35_rect,zipf_a0p85|two_rare_0p35_rect,10,12,12,1644,1000,2.0,2.000292838179924,0.06654791683501876,0.0,0.008470018690393849,0.022290586179506876,99.0,102.6750023492311,201.91808985271967,104.42012516168438,0.9832874859156592,1.054748739006913,127.19662773446088,136.0834132145146,123.2252214533618,134.64161685578915,127.11155371403157,138.59133650131625,101.79713477339253,211.34680137926526,1.0380783400718394,98.06305636465525,0.9905359228753056,126.83056071162976,138.63455007432472,0.9687774247491066,0.9894050544098811,0.9993311613527451,1.0184293091094674,0.9971220383012408,1.018746861204816,0.9914500359800076,1.046695724654601,1.0557221107163361,0.939120272196707
kx=10|ky=12|x=zipf_a0p85|y=two_rare_0p35_rect|N=4109|lam=5,zipf_a0p85,two_rare_0p35_rect,zipf_a0p85|two_rare_0p35_rect,10,12,12,4109,1000,5.0,4.9995153723122305,0.16632931281939908,0.0,0.0002511418376304376,0.0013940771617816997,99.0,99.28461593041548,206.82504877647295,95.32148082414888,1.0415765163528867,0.9628432406479684,124.09454879562158,133.815281918762,123.2252214533618,134.64161685578915,124.06376482855755,135.7678718210371,99.74151847963859,203.51171453278164,1.020195589734915,97.76705514435243,0.9875460115591154,124.30811418915957,135.89408211967896,0.9929946371480707,1.0061751910931132,0.999751931351032,1.014591680967055,1.001720989323147,1.015534849018059,1.0046019470885936,0.9839800146873302,0.9794725339115387,1.025656067227021
kx=10|ky=11|x=dirichlet_a0p55|y=dirichlet_a1p60_rect|N=2533|lam=0.5,dirichlet_a0p55,dirichlet_a1p60_rect,dirichlet_a0p55|dirichlet_a1p60_rect,10,11,11,2533,1000,0.5,0.4999159171122398,0.04958265985804329,0.03636363636363636,0.032300323769831614,0.049166817250191175,90.0,94.39708494152616,199.33323459845363,89.40616112920722,1.055823041156036,0.9934017903245247,118.0624027356954,130.58680339271072,113.1452701425554,124.11631868612129,118.7571847621486,130.30883837905017,93.9768506048319,190.4072800892208,1.013054166338656,92.76586951365064,1.0307318834850072,117.76611407568232,129.02133162378937,0.9583514101085346,0.9504506999292196,1.0058848711389399,0.9978714157446321,0.9974904063177812,0.988012021672561,0.9955482276072977,0.9552209418202955,0.9594923835242772,1.0375780409538897
kx=10|ky=11|x=dirichlet_a0p55|y=dirichlet_a1p60_rect|N=5067|lam=1,dirichlet_a0p55,dirichlet_a1p60_rect,dirichlet_a0p55|dirichlet_a1p60_rect,10,11,11,5067,1000,1.0,1.0000291954234974,0.09918489439427768,0.0,0.010713403871430346,0.018116824518109663,90.0,91.93390542806532,173.50727789014354,97.42349796540245,0.9436522743282466,1.0824833107266938,114.51437525600561,125.69207529428158,113.1452701425554,124.11631868612129,114.61905065393856,125.31996339169369,91.8941228760876,186.89833456490138,1.016922131227695,90.36495524504613,1.0040550582782903,115.47664039627364,126.65213479956927,0.9880442511222765,0.9874633575388824,1.000914080854032,0.9970394959131936,1.0084030073789148,1.0076381864412685,0.9995672700752515,1.0771786454008945,1.0776449746296715,0.9275478414574789
kx=10|ky=11|x=dirichlet_a0p55|y=dirichlet_a1p60_rect|N=10134|lam=2,dirichlet_a0p55,dirichlet_a1p60_rect,dirichlet_a0p55|dirichlet_a1p60_rect,10,11,11,10134,1000,2.0,2.000058390846995,0.19836978878855535,0.0,0.0026392597755753307,0.006657724454104342,90.0,91.60210697283627,185.47660339964497,90.47983247550671,1.012403587259441,1.0053314719500746,115.13533084854174,127.05647401704594,113.1452701425554,124.11631868612129,115.09410349432888,126.22582243220221,91.02303619171167,184.67296745461366,1.0144298365616897,89.72827189332808,0.9969807988147565,114.4683750011573,125.58375179402883,0.9827154645640075,0.9768594606951693,0.9996419226495549,0.9934623434872567,0.994207200843833,0.9884089163152794,0.9936784119900613,0.9956671842685207,1.0020014244593243,0.9916936121385715
kx=15|ky=15|x=uniform|y=uniform|N=112|lam=0.5,uniform,uniform,uniform|uniform,15,15,15,112,1000,0.5,0.49777777777777776,0.0022123456790123456,1.0,0.6078800043396281,0.302589157715726,196.0,196.94884122656995,123.3634402111526,628.8548048610918,0.3131865093565981,3.208442881944346,215.46465062158398,222.27804014432365,229.66322644710888,244.97724396020712,215.5671929293288,223.7046534281815,188.35742903696237,129.9029583916775,0.34483099248022214,546.2311484306784,2.786893614442237,207.48846365419553,215.88159859161658,1.0658974722051346,1.1021207664110455,1.0004759124406208,1.006418147662862,0.962981459165676,0.9712232411777884,0.9563774423037908,1.0530101800771092,1.1010403774691113,0.8686125067476201
kx=15|ky=15|x=uniform|y=uniform|N=225|lam=1,uniform,uniform,uniform|uniform,15,15,15,225,1000,1.0,1.0,0.0044444444444444444,0.0,0.3678794411714424,0.3678794411714424,196.0,229.4318419086317,253.29929674901405,415.626657927484,0.5520142597510228,2.1205441730994083,254.71271321292863,265.0948458350477,229.66322644710888,244.97724396020712,256.2227817207516,268.07161611983656,211.6178284425233,267.21964127252517,0.6313731769180867,335.1707614116433,1.7100549051614453,239.20453675630978,251.4923416264583,0.9016559226673563,0.9241116823246027,1.0059285164402476,1.0112290764288987,0.9391150278248785,0.948688160398813,0.9223559671669175,1.0549561120073079,1.1437624404899567,0.8064226752994315
kx=15|ky=15|x=uniform|y=uniform|N=450|lam=2,uniform,uniform,uniform|uniform,15,15,15,450,1000,2.0,2.0,0.008888888888888889,0.0,0.13533528323661276,0.2706705664732255,196.0,226.15184063600054,448.3051834465213,228.16892113473443,0.9911597053240095,1.1641271486466043,260.7543133078321,280.6927530089156,229.66322644710888,244.97724396020712,262.06873367097546,278.30208534419694,232.05001933458212,436.402130687109,0.940319100033948,246.7779494495055,1.2590711706607425,267.44690547343424,283.39436555265405,0.8807648223865858,0.8727594187386304,1.0050408384293594,0.9914829733254897,1.0256662759695225,1.0096248033295419,1.0260806132817415,0.9734487728473203,0.9487059401053418,1.0815581202830966
kx=15|ky=15|x=uniform|y=uniform|N=1125|lam=5,uniform,uniform,uniform|uniform,15,15,15,1125,1000,5.0,5.0,0.022222222222222223,0.0,0.006737946999085466,0.03368973499542733,196.0,205.85544044044295,397.54060847869124,213.193125205976,0.965581982259307,1.087720026561102,239.45316493240753,256.07848629378253,229.66322644710888,244.97724396020712,239.71188234471524,255.05764343827718,206.73768049056775,427.10302369335477,1.0329588265667928,200.14125943208614,1.0211288746535008,241.86437366198598,257.82943549383253,0.9591154350034916,0.9566490629718903,1.0010804510033549,0.9960135547882996,1.0100696465225636,1.0068375490084758,1.0042857261787068,1.074363258958105,1.0697784813153148,0.9387791432707794
kx=15|ky=18|x=uniform|y=zipf_a1p45_rect|N=1107|lam=0.5,uniform,zipf_a1p45_rect,uniform|zipf_a1p45_rect,15,18,18,1107,1000,0.5,0.4999623678286348,0.004244231482909919,0.3888888888888889,0.27809099357452355,0.2465911324395061,238.0,261.8864217050624,382.3082868818129,358.7915837915595,0.7299123879594837,1.5075276629897458,294.92178057303096,308.82582931927163,274.987027233029,291.6751953625246,294.856063354251,309.5074350155315,257.337974515001,391.5658372640754,0.7608007290840977,338.2462249014949,1.421202625636533,290.72820210779724,305.5963354054087,0.9324066425298637,0.9444650274410297,0.9997771706835206,1.00220708772243,0.9857807095254694,0.9895426690151483,0.9826319854215891,1.024214882857416,1.0423178749040887,0.9427373444132946
kx=15|ky=18|x=uniform|y=zipf_a1p45_rect|N=2214|lam=1,uniform,zipf_a1p45_rect,uniform|zipf_a1p45_rect,15,18,18,2214,1000,1.0,0.9999247356572696,0.008488462965819838,0.05555555555555555,0.12470997085817809,0.1850836494947252,238.0,263.36179571291314,480.77520259220046,288.5316674702199,0.9127656524568326,1.2123179305471423,299.6913275826116,317.6180467526674,274.987027233029,291.6751953625246,300.43546455102637,317.0381086454819,258.56022425021473,503.88144460841085,0.9743986068808346,265.35364729009274,1.1149312911348435,296.55704015960225,313.62715930415345,0.9175675167217752,0.9183206003078762,1.0024830113517704,0.998174102154727,0.9895416145395619,0.9874349474492496,0.9817681549075837,1.048060386416829,1.0675233059637033,0.9196690596101746
kx=15|ky=18|x=uniform|y=zipf_a1p45_rect|N=4428|lam=2,uniform,zipf_a1p45_rect,uniform|zipf_a1p45_rect,15,18,18,4428,1000,2.0,1.9998494713145392,0.016976925931639675,0.0,0.0318147040236426,0.08169034115356014,238.0,253.96375522175916,544.6252680514725,236.85125443075086,1.0722499901135696,0.9951733379443314,292.5453550825075,307.85465490934183,274.987027233029,291.6751953625246,293.5300233070532,311.3854259551971,250.18599759610916,538.5437415421338,1.0762867361017112,232.45292281709033,0.9766929530129845,289.5414117339386,307.3152554015247,0.9399808352980805,0.9474444862573808,1.0033658651810349,1.0114689545522546,0.989731700413696,0.9982478760700372,0.9851248158527531,0.9888335579230526,1.0037647433204584,0.9814299838764565
kx=15|ky=18|x=uniform|y=zipf_a1p45_rect|N=11071|lam=5,uniform,zipf_a1p45_rect,uniform|zipf_a1p45_rect,15,18,18,11071,1000,5.0,5.000075315474992,0.04244614882321202,0.0,0.0009165384649777295,0.005138183759005537,238.0,243.5720206623655,495.5769563847297,239.4273118844953,1.0173109272507295,1.0059971087583837,280.5435038100607,295.97292958266945,274.987027233029,291.6751953625246,281.30874651923193,298.331047949956,241.0348070631294,498.75649483757843,1.0346150850879998,232.97051293489312,0.978867701407114,278.90733090007484,296.0099072769366,0.9801938861475342,0.9854792996568815,1.0027277149489418,1.0079673447521418,0.9941678460282808,1.0001249360687117,0.989583312597496,1.0064158319144694,1.0170097040872594,0.973032320754129
kx=15|ky=15|x=one_rare_0p25|y=geom_q0p72|N=10572|lam=0.5,one_rare_0p25,geom_q0p72,one_rare_0p25|geom_q0p72,15,15,15,10572,1000,0.5,0.5000073986094451,0.03262900559402627,0.013333333333333334,0.02117040983778176,0.040346473863278554,196.0,201.62487423538767,392.83932949768126,206.96802411519155,0.9741836938210798,1.055959306710161,233.57331535040845,248.8070021646031,229.66322644710888,244.97724396020712,235.29569947706446,250.5767467863501,203.15339441801842,414.6620427448211,1.0205639042673147,199.05994477030495,1.0156119631138008,237.7676255124252,253.50351591827825,0.9832596934395796,0.9846075143742847,1.00737406207585,1.0071129212857772,1.017957146156548,1.0188761317519839,1.007581009974227,1.0555512434944951,1.04760930688987,0.961790815858177
kx=15|ky=15|x=one_rare_0p25|y=geom_q0p72|N=21144|lam=1,one_rare_0p25,geom_q0p72,one_rare_0p25|geom_q0p72,15,15,15,21144,1000,1.0,1.0000147972188902,0.06525801118805254,0.0,0.004947885099204505,0.010874185350435977,196.0,199.76028422049765,384.5866055752996,207.51721757008005,0.9626202903045246,1.0587613141330614,233.27655006262157,246.43216906904885,229.66322644710888,244.97724396020712,233.07420510782853,248.19154668105634,198.6421063363762,406.2406912650471,1.0225442600198973,194.2625997749094,0.9911357131372929,232.91613737459494,248.5141795784003,0.9845105578998716,0.9940960422726545,0.9991325962479353,1.0071393991241238,0.9984549982073643,1.0084486149564673,0.994402401415853,1.0563048358310747,1.062250889908435,0.9361276237684014
kx=15|ky=17|x=zipf_a0p85|y=two_rare_0p35_rect|N=960|lam=0.5,zipf_a0p85,two_rare_0p35_rect,zipf_a0p85|two_rare_0p35_rect,15,17,17,960,1000,0.5,0.49991994004130985,0.008507724474557521,0.07058823529411765,0.11793807659322834,0.18621143992911765,224.0,249.75716499735864,454.6798051282117,274.38492215385793,0.9102437664461402,1.2249326881868658,287.2797901863741,302.9191659924083,259.91440935044824,276.1590689351993,285.8348275938902,302.02199392165136,249.8061726346387,488.230883869911,0.9772194151983332,255.62956358571617,1.1412034088648044,287.2275248744805,304.06357219182814,0.9047431049076844,0.9116592805557914,0.9949701905882539,0.9970382459366093,0.9998180682607025,1.0037779260208597,1.0001962211465707,1.0737905628604694,1.0735799037808142,0.9316458119458003
kx=15|ky=17|x=zipf_a0p85|y=two_rare_0p35_rect|N=1920|lam=1,zipf_a0p85,two_rare_0p35_rect,zipf_a0p85|two_rare_0p35_rect,15,17,17,1920,1000,1.0,0.9998398800826197,0.017015448949115042,0.00784313725490196,0.03161364727327964,0.06922906414862628,224.0,237.91632522775123,467.3800515957885,242.21905755973927,0.9822361940660808,1.081335078391693,272.6846472677911,292.3654658353337,259.91440935044824,276.1590689351993,274.55769878977407,291.07817983668207,233.6001384254901,500.32418617026116,1.0708987364959253,218.13466620555576,0.9738154741319454,271.56892780416035,288.76193614726526,0.9531684748470574,0.9445680191611202,1.0068689291485615,0.99559699708386,0.9959083891417801,0.987674571352767,0.9818583832020381,1.07048682215253,1.090266010319591,0.9005677274248187
kx=15|ky=17|x=zipf_a0p85|y=two_rare_0p35_rect|N=3841|lam=2,zipf_a0p85,two_rare_0p35_rect,zipf_a0p85|two_rare_0p35_rect,15,17,17,3841,1000,2.0,2.0002005101027827,0.03403976011122442,0.0,0.005840412259552054,0.016108109250269224,224.0,229.244125029333,462.03248029976044,227.48560372365537,1.0077302531540142,1.0155607309091759,264.8348999398493,283.3068156731841,259.91440935044824,276.1590689351993,265.70837078494844,282.1911543256203,228.81716471965774,475.211613584209,1.0384090157013108,220.35359984343103,0.98372142787246,265.81522456490114,282.56153224641,0.9814205356223117,0.9747702972799982,1.003298171220249,0.9960620031504968,1.0037016444028883,0.997369341697611,0.9981375299819761,1.0285242571602284,1.0304434271485625,0.9686485484642441
kx=15|ky=17|x=zipf_a0p85|y=two_rare_0p35_rect|N=9602|lam=5,zipf_a0p85,two_rare_0p35_rect,zipf_a0p85|two_rare_0p35_rect,15,17,17,9602,1000,5.0,5.000240900288184,0.08509496917156388,0.0,0.00016237542845909332,0.0009112515974397498,224.0,225.58100341730787,438.194046411923,232.25687121692883,0.9712565326285411,1.0368610322184322,262.8516912387655,279.25530038905725,259.91440935044824,276.1590689351993,261.08134709690074,277.1147036767735,225.49444312273891,459.37203638230744,1.0185883741096595,221.3793607450526,0.9883007176118419,261.8681626915244,278.3286699946573,0.9888253262724905,0.9889125418584919,0.9932648554265658,0.9923346245915423,0.9962582377058106,0.9966817804599984,0.9996162784398612,1.0483301636427897,1.0487325849464537,0.9531660337328983
kx=20|ky=20|x=uniform|y=uniform|N=200|lam=0.5,uniform,uniform,uniform|uniform,20,20,20,200,1000,0.5,0.5000000000000001,0.0012500000000000002,1.0,0.6065306597126333,0.30326532985631666,361.0,364.373973723295,217.09194524108256,1223.1535590089627,0.29789716184002457,3.3882370055649935,388.5728730548261,400.6022684920518,406.30480132665537,426.4336435140837,388.94327452581456,399.524069452304,365.7309246741802,239.47903043813102,0.3273978412564872,1117.0841055963544,3.0944158049760513,391.55200459270765,402.6913784694973,1.04563346929606,1.0644813498417431,1.0009532355361723,0.9973085548321872,1.0076668541333331,1.0052149229841092,1.003724061126044,1.1031225970737302,1.09902974313097,0.9132819811287235
kx=20|ky=20|x=uniform|y=uniform|N=400|lam=1,uniform,uniform,uniform|uniform,20,20,20,400,1000,1.0,1.0000000000000002,0.0025000000000000005,0.0,0.3678794411714422,0.3678794411714422,361.0,420.31219329365166,479.08307038379706,737.5019104298319,0.5699133620531026,2.0429415801380384,456.2529489961192,472.747709340405,406.30480132665537,426.4336435140837,456.95096244992357,472.90098336178073,398.39160528596955,487.7159652692911,0.6121062276390131,650.8537036498168,1.8029188466753927,435.3995874707795,451.5602576577009,0.8905253154431915,0.9020321729513182,1.0015298826130115,1.0003242194903272,0.9542942975574783,0.9551823281972839,0.9478468901035015,1.018019620018253,1.0740338240779466,0.8825112104055233
kx=20|ky=20|x=uniform|y=uniform|N=800|lam=2,uniform,uniform,uniform|uniform,20,20,20,800,1000,2.0,2.0000000000000004,0.005000000000000001,0.0,0.13533528323661262,0.27067056647322524,361.0,416.26067577006904,745.7186042278448,464.71403344421105,0.8957351097942282,1.2872964915352108,461.9798798033494,483.7505503647259,406.30480132665537,426.4336435140837,462.1732759135886,482.40975396313064,430.7097644556912,798.4145182783151,0.9268590872177117,464.6982161534561,1.287252676325363,478.2168916303906,499.15619608200274,0.8794859237151341,0.8815155728351568,1.000418624530405,0.9972283310053408,1.0351465778854976,1.0318462598247418,1.0347116351043533,1.0706646096150898,1.0347468543804579,0.9999659633890594
kx=20|ky=20|x=uniform|y=uniform|N=2000|lam=5,uniform,uniform,uniform|uniform,20,20,20,2000,1000,5.0,5.000000000000001,0.012500000000000002,0.0,0.00673794699908546,0.03368973499542732,361.0,378.1504798452143,817.6097746342597,349.79470608979165,1.0810640448862132,0.9689604046808633,427.1726572069312,443.74253633585465,406.30480132665537,426.4336435140837,426.3799753807677,447.83108937710284,381.9915606069339,784.359575502825,1.0266713409277703,372.0680079193992,1.0306593017157872,429.19550959312465,450.1470585480254,0.9511488960535996,0.9609933882726303,0.9981443526106131,1.0092137956279983,1.0047354444439864,1.0144329688676124,1.0101575456503238,0.9593324344167626,0.949685955965571,1.0636753542630517
kx=20|ky=23|x=uniform|y=zipf_a1p45_rect|N=2164|lam=0.5,uniform,zipf_a1p45_rect,uniform|zipf_a1p45_rect,20,23,23,2164,1000,0.5,0.5000887928556229,0.0025275656634149452,0.391304347826087,0.2743225387285487,0.24477092061890718,418.0,458.67168231090227,656.8789664176766,640.5433052643774,0.7160666242879401,1.5324002518286541,503.7886083820637,524.5989500802807,466.6683444580889,488.18905739614274,501.6270575420385,520.3925038854519,432.0617125148818,681.3932284268975,0.788536925038721,547.9283198991163,1.3108333011940583,475.8758868000889,495.09631800704125,0.9263177783174018,0.9305948045100623,0.9957094090575666,0.9919815962380689,0.9445943772495817,0.9437615495251667,0.9419847118924961,1.0373192981698147,1.1012060865465496,0.8554118283586849
kx=20|ky=23|x=uniform|y=zipf_a1p45_rect|N=4327|lam=1,uniform,zipf_a1p45_rect,uniform|zipf_a1p45_rect,20,23,23,4327,1000,1.0,0.999946491074991,0.005053963320515928,0.043478260869565216,0.12243116331258598,0.18285928939312213,418.0,461.42021453886616,892.4475015728526,477.13420455514165,0.967065890757242,1.1414693888878986,512.7067126541485,533.9217401330737,466.6683444580889,488.18905739614274,511.63311030302054,533.7476873743443,442.98210800933794,880.4937272579334,0.9938253840710118,445.7343464047458,1.0663501110161382,492.89365533908693,514.9203664485175,0.9102052556368317,0.9143457190457676,0.9979060107374639,0.9996740107292015,0.9613559627247816,0.9644116876008451,0.9600405314969677,0.9866056274527613,1.0276708066839337,0.9341907206596692
kx=20|ky=23|x=uniform|y=zipf_a1p45_rect|N=8654|lam=2,uniform,zipf_a1p45_rect,uniform|zipf_a1p45_rect,20,23,23,8654,1000,2.0,1.999892982149982,0.010107926641031856,0.0,0.030956462293702598,0.08001354195922179,418.0,443.431086820842,920.9666409448272,427.0103172409972,1.0384552056866982,1.0215557828731991,496.3979136660541,512.1638384006645,466.6683444580889,488.18905739614274,494.5007441244252,517.0682825661844,433.86186784040535,941.7860246479419,1.0853523833931111,399.74286183813723,0.9563226359764049,485.5436377889709,508.4292018436341,0.9401093993558454,0.9531892351490728,0.9961781274872457,1.0095759282436554,0.9781339212388688,0.9927081213529393,0.9784200538373556,1.0226060128320782,1.0451605205979022,0.9361433335404149
kx=20|ky=23|x=uniform|y=zipf_a1p45_rect|N=21636|lam=5,uniform,zipf_a1p45_rect,uniform|zipf_a1p45_rect,20,23,23,21636,1000,5.0,4.99996355001121,0.025270984608893602,0.0,0.0008710977621049608,0.0049157947111087875,418.0,425.6891611061785,841.7186339006151,430.57443327238565,0.9886540588834343,1.0300823762497264,473.99494822588946,498.8643964723579,466.6683444580889,488.18905739614274,474.50770392524373,496.0749283742387,419.9053723869525,877.0906414109262,1.0443908307544432,402.05769719715255,0.9618605196104127,469.77717659389924,491.85718329693486,0.9845428652874398,0.9786007196510632,1.0010817746080911,0.9944083640407203,0.9911016527754634,0.9859536715288294,0.9864131172515727,1.042023552866346,1.056376415360047,0.9337704845629022
kx=20|ky=22|x=zipf_a0p85|y=two_rare_0p35_rect|N=1759|lam=0.5,zipf_a0p85,two_rare_0p35_rect,zipf_a0p85|two_rare_0p35_rect,20,22,22,1759,1000,0.5,0.4998658394645646,0.005157475639010728,0.05454545454545454,0.11113555914058748,0.1836052087539585,399.0,440.997711946142,850.4144957729053,457.37456947974243,0.9641937732737765,1.146302179147224,488.80899719229296,508.1378851937593,446.5742415929768,467.6421766979789,490.03575809400417,511.66011698991656,441.85021111527027,875.733671114407,0.990984782947116,445.8698243591997,1.117468231476691,491.62649847464576,513.5933142854658,0.9135966075871934,0.9203056696307168,1.002509693783784,1.0069316457181976,1.0057640127299956,1.0107361195664957,1.0019331147215393,1.029772746663367,1.0277859185735816,0.9748461198145991
kx=20|ky=22|x=zipf_a0p85|y=two_rare_0p35_rect|N=3519|lam=1,zipf_a0p85,two_rare_0p35_rect,zipf_a0p85|two_rare_0p35_rect,20,22,22,3519,1000,1.0,1.000015855074362,0.010317883327844658,0.0,0.027376166101138227,0.06462520178942621,399.0,421.5898475942578,882.6871416996357,402.72026451481014,1.0468553106017184,1.009323971215063,472.19814172300624,492.37797828210824,446.5742415929768,467.6421766979789,471.61957677042017,493.76833916297534,414.2877020573713,892.6508299566826,1.077332039454392,384.5496902395892,0.9637836848110005,464.625560210098,486.94391694018947,0.9457348560573953,0.9497625753482482,0.9987747411489699,1.0028237673945493,0.9839631272472259,0.9889636385427348,0.9826795033643358,1.0112879046112098,1.029112646746909,0.9548804073787732
kx=20|ky=22|x=zipf_a0p85|y=two_rare_0p35_rect|N=7038|lam=2,zipf_a0p85,two_rare_0p35_rect,zipf_a0p85|two_rare_0p35_rect,20,22,22,7038,1000,2.0,2.000031710148724,0.020635766655689315,0.0,0.00451898253056481,0.012966440683616584,399.0,408.5978034772294,845.732997763912,394.81057366292237,1.0349211260640607,0.989500184618853,456.66726031565645,481.6808641483323,446.5742415929768,467.6421766979789,457.5801124578407,479.2789514640245,406.12522716530924,844.4477455045942,1.0396396099285776,390.6403943124192,0.9790486072992962,455.0762492405825,476.76865717685297,0.9778985278784751,0.9708547951657257,1.0019989436982044,0.9950134770486374,0.9965160386711888,0.9898019470211574,0.9939486304359002,0.9984803096689902,1.0045592690550844,0.9894375185755193
kx=20|ky=22|x=zipf_a0p85|y=two_rare_0p35_rect|N=17595|lam=5,zipf_a0p85,two_rare_0p35_rect,zipf_a0p85|two_rare_0p35_rect,20,22,22,17595,1000,5.0,5.00007927537181,0.051589416639223284,0.0,0.00011997728395297448,0.0006771792488525359,399.0,402.4361224602027,817.6049408759019,396.1689186645587,1.0158195241988444,0.9929045580565381,452.71677442602623,472.78038059047697,446.5742415929768,467.6421766979789,450.59511133124005,471.92686920644456,401.30640800775944,818.1550687116337,1.0193645707942625,393.68290747545984,0.986673953572581,449.48505662581294,470.8298451294526,0.986431841760586,0.9891319434912238,0.9953134868981249,0.9981946979632141,0.992861501974804,0.9958743307863405,0.9971928105122945,1.000672852875794,1.0034898390028621,0.99372487070041
kx=20|ky=21|x=dirichlet_a0p55|y=dirichlet_a1p60_rect|N=20526|lam=0.5,dirichlet_a0p55,dirichlet_a1p60_rect,dirichlet_a0p55|dirichlet_a1p60_rect,20,21,21,20526,1000,0.5,0.4999898983194036,0.01777120740794178,0.01904761904761905,0.02476985379067706,0.036126552951508004,380.0,391.34047098235646,811.3749703802677,377.5008345572132,1.03666120749475,0.9934232488347715,438.8212885023173,460.45209992043374,426.45373051473973,447.05798465737587,439.34231705044994,460.63783647685085,390.9097180384457,787.1501800781672,1.0068183825513792,388.26239648886934,1.0217431486549193,438.17417018165503,459.12332452420503,0.9718164129416154,0.970910947598301,1.0011873365349044,1.0004033786716342,0.9985253260550078,0.9971141940791272,0.9988992885330018,0.9701435326619121,0.9712125574608018,1.028507385802945
kx=30|ky=30|x=uniform|y=uniform|N=450|lam=0.5,uniform,uniform,uniform|uniform,30,30,30,450,1000,0.5,0.5,0.0005555555555555556,1.0,0.6065306597126333,0.30326532985631666,841.0,847.0394207339917,505.24331384187616,2840.1198417518162,0.2982407320571123,3.3770747226537647,882.9416032822104,898.2259846611142,909.5768034683696,939.3392544533167,884.3478021004217,900.2057036259451,1077.019718872033,532.6483694119446,0.2472788381116129,4355.486814386861,5.178937948141333,1115.2606622322676,1131.4361052005538,1.030166434662436,1.0457716326339788,1.001592629470606,1.0022040321685615,1.2631193932718132,1.259634128295037,1.2715107378813075,1.0542413027926685,0.8291249703084139,1.5335574049932872
kx=30|ky=30|x=uniform|y=uniform|N=900|lam=1,uniform,uniform,uniform|uniform,30,30,30,900,1000,1.0,1.0,0.0011111111111111111,0.0,0.3678794411714424,0.3678794411714424,841.0,972.6937178508887,1194.2744389990603,1584.448327537769,0.6139005614417566,1.8840051457048383,1031.634247839926,1050.5690427843558,909.5768034683696,939.3392544533167,1030.2264399872981,1054.8892499569045,1041.2461254072007,1118.8466133496595,0.5372632781284595,1938.055638260538,2.304465681641543,1096.8691824282498,1120.6370608466286,0.8816853505715568,0.8941242471449156,0.9986353614611229,1.0041122544036694,1.0632345569419734,1.066695300554992,1.0704768688213333,0.9368421334441203,0.8751633601159884,1.2231737725851082
kx=30|ky=30|x=uniform|y=uniform|N=1800|lam=2,uniform,uniform,uniform|uniform,30,30,30,1800,1000,2.0,2.0,0.0022222222222222222,0.0,0.13533528323661276,0.2706705664732255,841.0,965.7170934025246,1973.8738014496262,944.9535262131811,1.0219731093787772,1.1236070466268504,1039.3320021483785,1072.3282063564936,909.5768034683696,939.3392544533167,1039.938575077016,1072.0684431440543,1060.0720556404635,1846.7070405581217,0.8710290167220741,1217.0341461525716,1.4471274032729746,1131.7333344681733,1162.597267565354,0.875155197365428,0.8759811118323181,1.0005836180617778,0.9997577577360182,1.088904538808383,1.0841804409077072,1.0977045584908276,0.9355750297723632,0.8523013068822751,1.2879301599410182
kx=30|ky=30|x=uniform|y=uniform|N=4500|lam=5,uniform,uniform,uniform|uniform,30,30,30,4500,1000,5.0,5.0,0.005555555555555556,0.0,0.006737946999085466,0.03368973499542733,841.0,881.0509919253958,1862.4725005171838,833.5702676492344,1.0569606740053992,0.9911655976804215,956.6403016557275,989.0369089417878,909.5768034683696,939.3392544533167,953.2182329957388,984.5452309698029,910.1186999583932,1825.32430041774,1.002794635744319,907.5823379159408,1.0791704374743647,981.5147207446281,1012.4483909165892,0.950803349904973,0.9497514662606023,0.9964228261614466,0.9954585335174289,1.0260018515275267,1.023670989184671,1.0329920836584892,0.980054363170931,0.9487530240308605,1.0887892396587382
kx=30|ky=33|x=uniform|y=zipf_a1p45_rect|N=5667|lam=0.5,uniform,zipf_a1p45_rect,uniform|zipf_a1p45_rect,30,33,33,5667,1000,0.5,0.5000159470489105,0.001192826172215309,0.3939393939393939,0.2703270529728945,0.24279699971892307,928.0,1014.9521859481384,1564.7214905016158,1316.6917512338478,0.770835075861184,1.41884886986406,1079.191358286596,1104.9052556467361,999.9811438969739,1031.1532982511544,1080.8815396925984,1109.2352584012344,844.6339585585063,1433.2605525169529,0.8484507034047184,995.5015125441041,1.0727386988621812,907.8552170836282,935.1930915078428,0.9266022528985203,0.9332504239448003,1.0015661554301971,1.003918890540496,0.8412365518984569,0.8464011613017848,0.8321908856913038,0.9159844491286948,1.100690316222081,0.7560626939534161
kx=30|ky=33|x=uniform|y=zipf_a1p45_rect|N=11334|lam=1,uniform,zipf_a1p45_rect,uniform|zipf_a1p45_rect,30,33,33,11334,1000,1.0,1.000031894097821,0.002385652344430618,0.0,0.1199489644945531,0.1804244910172579,928.0,1020.1393278417337,1796.966598578731,1158.267770845033,0.88074567342703,1.2481333737554237,1091.068372569542,1117.273269884421,999.9811438969739,1031.1532982511544,1090.8527096568578,1121.3372993499859,917.9611647542818,1912.6721219324118,1.0418044876900607,881.1261379662798,0.9494893728084911,991.0623108462156,1022.7553204579914,0.9165155631282288,0.9229195095286084,0.9998023378569977,1.0036374534101091,0.9083411596948732,0.9154030155610835,0.8998390118890661,1.0643893567332834,1.1828664268498101,0.7607274933700693
kx=30|ky=33|x=uniform|y=zipf_a1p45_rect|N=22667|lam=2,uniform,zipf_a1p45_rect,uniform|zipf_a1p45_rect,30,33,33,22667,1000,2.0,1.9999755552775107,0.0047710942025065125,0.0,0.030029800177462426,0.07819281514382011,928.0,981.6708876961586,2025.8233084675028,951.393665698484,1.031824073555762,1.0252086914854355,1052.0999804966543,1088.8413223639648,999.9811438969739,1031.1532982511544,1056.8588640656467,1089.402403158023,930.337663034899,2067.746890536151,1.1112883916742955,837.1703241075242,0.9021231940813838,1006.3753365716835,1039.3792236028155,0.950462087666728,0.9470188879426757,1.0045232237023196,1.000515300790422,0.9565396399842285,0.9545736392023009,0.9477083151750264,1.0206945896482762,1.0770134368397628,0.8799410320783452
kx=30|ky=32|x=zipf_a0p85|y=two_rare_0p35_rect|N=4143|lam=0.5,zipf_a0p85,two_rare_0p35_rect,zipf_a0p85|two_rare_0p35_rect,30,32,32,4143,1000,0.5,0.5000557749703685,0.0024802295434364296,0.035416666666666666,0.10418754735087256,0.18092233833569912,899.0,991.8765780673416,1927.5672507319955,1020.7884012814318,0.9716769673540607,1.1354709691673324,1063.8520950605266,1090.596035666461,969.86483419684,1000.574727671069,1065.1801763718129,1096.8613407707828,989.1869822207323,1954.5220160305662,0.9879436603798857,1001.2584946801202,1.1137469351280536,1063.0117963299972,1094.9309840733895,0.9116538273505591,0.9174567804655736,1.0012483702550876,1.0057448449282993,0.9992101357562476,1.00397484335644,0.9972883764915087,1.0139838261354226,1.0167408445114432,0.9808678208169342
kx=30|ky=32|x=zipf_a0p85|y=two_rare_0p35_rect|N=8285|lam=1,zipf_a0p85,two_rare_0p35_rect,zipf_a0p85|two_rare_0p35_rect,30,32,32,8285,1000,1.0,0.9999908509846737,0.004959860431419459,0.0020833333333333333,0.023109555280649726,0.06000002949606873,899.0,949.5388860803434,1934.5823334541244,932.1124054398691,1.0186956857764924,1.036832486584949,1025.057732107283,1053.1733112135855,969.86483419684,1000.574727671069,1023.0255795231127,1054.8466973134061,927.9670967112387,2004.5157109768816,1.0800575354885882,859.183021478066,0.9557097013104183,1002.8176402463666,1035.2872945481763,0.9461563030240461,0.9500570485574625,0.9980175237740095,1.0015888990748278,0.9783035714337807,0.9830170243824362,0.9772818262786981,1.0361490830932452,1.0602357019558037,0.9217590244093069
kx=30|ky=32|x=zipf_a0p85|y=two_rare_0p35_rect|N=16570|lam=2,zipf_a0p85,two_rare_0p35_rect,zipf_a0p85|two_rare_0p35_rect,30,32,32,16570,1000,2.0,1.9999817019693473,0.009919720862838918,0.0,0.0031900440043973514,0.00978342348088785,899.0,918.7865397041303,1909.6928625716814,884.0884543126924,1.0392473006769587,0.9834131861097802,992.9449198094036,1027.9965835194453,969.86483419684,1000.574727671069,991.8288121329105,1023.4939509552999,912.5105747570339,1893.5659696855225,1.0375583703179032,879.478784868214,0.978285633891228,985.2467584361378,1016.7828428558556,0.976755925578436,0.9733249542965455,0.9988759621463118,0.9956199926766972,0.9922471415889379,0.9890916557084282,0.9931692894095755,0.9915552426244911,0.9983748523013191,0.9947859635288846
