configuration_id,anchor_configuration_id,configuration_label,sample_scale,n_p,n_q,mi_p,mi_q,mi_difference,minimum_expected_count,method,method_label,replicates,valid_count,valid_rate,reject_count,power,wilson_low,wilson_high
CURVE_CURVE_C1_N0_n10_di0p005_scale0p5,C1_N0_n10,"Balanced, very small sample",0.5,5,5,0.0999999999999998,0.1049999999999999,0.005,0.6874443069495659,constrained_lr,Constrained LR (chi-squared),5000,5000,1.0,70,0.014,0.0110964335546005,0.0176497727359949
CURVE_CURVE_C1_N0_n10_di0p005_scale0p5,C1_N0_n10,"Balanced, very small sample",0.5,5,5,0.0999999999999998,0.1049999999999999,0.005,0.6874443069495659,expanded_welch,Expanded Welch,5000,3870,0.774,0,0.0,0.0,0.0009916406909082
CURVE_CURVE_C1_N0_n10_di0p005_scale0p5,C1_N0_n10,"Balanced, very small sample",0.5,5,5,0.0999999999999998,0.1049999999999999,0.005,0.6874443069495659,normal_wald,Normal Wald,5000,4928,0.9856,855,0.1734983766233766,0.1631811385733214,0.1843242451927068
CURVE_CURVE_C1_N0_n10_di0p005_scale0p5,C1_N0_n10,"Balanced, very small sample",0.5,5,5,0.0999999999999998,0.1049999999999999,0.005,0.6874443069495659,simple_welch,Simple Welch,5000,4928,0.9856,559,0.1134334415584415,0.1048788817458105,0.1225902022034025
CURVE_CURVE_C1_N0_n1000_di0p005_scale0p5,C1_N0_n1000,"Balanced, large sample",0.5,500,500,0.0999999999999998,0.1049999999999999,0.005,68.74443069495659,constrained_lr,Constrained LR (chi-squared),5000,5000,1.0,257,0.0514,0.0456165654284363,0.0578722167566689
CURVE_CURVE_C1_N0_n1000_di0p005_scale0p5,C1_N0_n1000,"Balanced, large sample",0.5,500,500,0.0999999999999998,0.1049999999999999,0.005,68.74443069495659,expanded_welch,Expanded Welch,5000,5000,1.0,244,0.0488,0.0431667882318987,0.0551259860033208
CURVE_CURVE_C1_N0_n1000_di0p005_scale0p5,C1_N0_n1000,"Balanced, large sample",0.5,500,500,0.0999999999999998,0.1049999999999999,0.005,68.74443069495659,normal_wald,Normal Wald,5000,5000,1.0,250,0.05,0.0442968967005705,0.0563940350499808
CURVE_CURVE_C1_N0_n1000_di0p005_scale0p5,C1_N0_n1000,"Balanced, large sample",0.5,500,500,0.0999999999999998,0.1049999999999999,0.005,68.74443069495659,simple_welch,Simple Welch,5000,5000,1.0,250,0.05,0.0442968967005705,0.0563940350499808
CURVE_CURVE_C1_N0_n50_di0p005_scale0p5,C1_N0_n50,"Balanced, moderate sample",0.5,25,25,0.0999999999999998,0.1049999999999999,0.005,3.437221534747829,constrained_lr,Constrained LR (chi-squared),5000,5000,1.0,317,0.0634,0.0569750881353032,0.0704952692031206
CURVE_CURVE_C1_N0_n50_di0p005_scale0p5,C1_N0_n50,"Balanced, moderate sample",0.5,25,25,0.0999999999999998,0.1049999999999999,0.005,3.437221534747829,expanded_welch,Expanded Welch,5000,5000,1.0,264,0.0528,0.0469374885167705,0.0593491441028885
CURVE_CURVE_C1_N0_n50_di0p005_scale0p5,C1_N0_n50,"Balanced, moderate sample",0.5,25,25,0.0999999999999998,0.1049999999999999,0.005,3.437221534747829,normal_wald,Normal Wald,5000,5000,1.0,316,0.0632,0.0567851600042878,0.070285504414914
CURVE_CURVE_C1_N0_n50_di0p005_scale0p5,C1_N0_n50,"Balanced, moderate sample",0.5,25,25,0.0999999999999998,0.1049999999999999,0.005,3.437221534747829,simple_welch,Simple Welch,5000,5000,1.0,279,0.0558,0.0497720485271196,0.0625099778808691
CURVE_CURVE_C1_N3_n50_di0p005_scale0p5,C1_N3_n50,One skewed population,0.5,25,25,0.0300000000000003,0.0349999999996594,0.005,0.7935319932386035,constrained_lr,Constrained LR (chi-squared),5000,5000,1.0,176,0.0352,0.0304383103860638,0.0406753453420613
CURVE_CURVE_C1_N3_n50_di0p005_scale0p5,C1_N3_n50,One skewed population,0.5,25,25,0.0300000000000003,0.0349999999996594,0.005,0.7935319932386035,expanded_welch,Expanded Welch,5000,4629,0.9258,88,0.0190105854396197,0.0154568699876586,0.0233619543600394
CURVE_CURVE_C1_N3_n50_di0p005_scale0p5,C1_N3_n50,One skewed population,0.5,25,25,0.0300000000000003,0.0349999999996594,0.005,0.7935319932386035,normal_wald,Normal Wald,5000,4997,0.9994,172,0.0344206523914348,0.0297128753054572,0.0398437106581223
CURVE_CURVE_C1_N3_n50_di0p005_scale0p5,C1_N3_n50,One skewed population,0.5,25,25,0.0300000000000003,0.0349999999996594,0.005,0.7935319932386035,simple_welch,Simple Welch,5000,4997,0.9994,148,0.0296177706623974,0.0252665664908992,0.0346916348017694
CURVE_CURVE_C1_N6_n100_di0p005_scale0p5,C1_N6_n100,"Sparse, smaller sample",0.5,50,50,0.0049999999999995,0.0100000000001962,0.005,0.0155951189133149,constrained_lr,Constrained LR (chi-squared),5000,5000,1.0,73,0.0146,0.0116284434418367,0.0183168416064247
CURVE_CURVE_C1_N6_n100_di0p005_scale0p5,C1_N6_n100,"Sparse, smaller sample",0.5,50,50,0.0049999999999995,0.0100000000001962,0.005,0.0155951189133149,expanded_welch,Expanded Welch,5000,4585,0.917,3,0.0006543075245365,0.0002225479944452,0.0019221020025113
CURVE_CURVE_C1_N6_n100_di0p005_scale0p5,C1_N6_n100,"Sparse, smaller sample",0.5,50,50,0.0049999999999995,0.0100000000001962,0.005,0.0155951189133149,normal_wald,Normal Wald,5000,4997,0.9994,30,0.0060036021612967,0.0042086632345577,0.0085574800927993
CURVE_CURVE_C1_N6_n100_di0p005_scale0p5,C1_N6_n100,"Sparse, smaller sample",0.5,50,50,0.0049999999999995,0.0100000000001962,0.005,0.0155951189133149,simple_welch,Simple Welch,5000,4997,0.9994,25,0.0050030018010806,0.0033911374650944,0.0073753423891561
CURVE_CURVE_C1_N6_n200_di0p005_scale0p5,C1_N6_n200,"Sparse, larger sample",0.5,100,100,0.0049999999999995,0.0100000000001962,0.005,0.0311902378266299,constrained_lr,Constrained LR (chi-squared),5000,5000,1.0,45,0.009,0.0067332286109776,0.0120206546990684
CURVE_CURVE_C1_N6_n200_di0p005_scale0p5,C1_N6_n200,"Sparse, larger sample",0.5,100,100,0.0049999999999995,0.0100000000001962,0.005,0.0311902378266299,expanded_welch,Expanded Welch,5000,4968,0.9936,69,0.0138888888888888,0.0109898528758741,0.017539105659006
CURVE_CURVE_C1_N6_n200_di0p005_scale0p5,C1_N6_n200,"Sparse, larger sample",0.5,100,100,0.0049999999999995,0.0100000000001962,0.005,0.0311902378266299,normal_wald,Normal Wald,5000,5000,1.0,418,0.0836,0.0762439539229997,0.0915953882568437
CURVE_CURVE_C1_N6_n200_di0p005_scale0p5,C1_N6_n200,"Sparse, larger sample",0.5,100,100,0.0049999999999995,0.0100000000001962,0.005,0.0311902378266299,simple_welch,Simple Welch,5000,5000,1.0,406,0.0812,0.073946622670777,0.0890964044784027
CURVE_CURVE_C1_N7_n1000_di0p005_scale0p5,C1_N7_n1000,Ultra-rare categories,0.5,500,500,0.0005000000000022,0.0054999999999981,0.005,0.1526832130119473,constrained_lr,Constrained LR (chi-squared),5000,5000,1.0,231,0.0462,0.0407216699236964,0.0523750963616374
CURVE_CURVE_C1_N7_n1000_di0p005_scale0p5,C1_N7_n1000,Ultra-rare categories,0.5,500,500,0.0005000000000022,0.0054999999999981,0.005,0.1526832130119473,expanded_welch,Expanded Welch,5000,2653,0.5306,3,0.0011307953260459,0.0003846453158034,0.0033195496740859
CURVE_CURVE_C1_N7_n1000_di0p005_scale0p5,C1_N7_n1000,Ultra-rare categories,0.5,500,500,0.0005000000000022,0.0054999999999981,0.005,0.1526832130119473,normal_wald,Normal Wald,5000,4689,0.9378,14,0.0029857112390701,0.0017794027858698,0.0050057100503724
CURVE_CURVE_C1_N7_n1000_di0p005_scale0p5,C1_N7_n1000,Ultra-rare categories,0.5,500,500,0.0005000000000022,0.0054999999999981,0.005,0.1526832130119473,simple_welch,Simple Welch,5000,4689,0.9378,14,0.0029857112390701,0.0017794027858698,0.0050057100503724
CURVE_CURVE_C2_N0_np20_nq200_di0p005_scale0p5,C2_N0_np20_nq200,"Balanced, unequal samples",0.5,10,100,0.0999999999999998,0.1049999999999999,0.005,1.4010268691929522,constrained_lr,Constrained LR (chi-squared),5000,5000,1.0,204,0.0408,0.0356599365855389,0.0466451208808015
CURVE_CURVE_C2_N0_np20_nq200_di0p005_scale0p5,C2_N0_np20_nq200,"Balanced, unequal samples",0.5,10,100,0.0999999999999998,0.1049999999999999,0.005,1.4010268691929522,expanded_welch,Expanded Welch,5000,4925,0.985,251,0.0509644670050761,0.0451647223405173,0.057464153643196
CURVE_CURVE_C2_N0_np20_nq200_di0p005_scale0p5,C2_N0_np20_nq200,"Balanced, unequal samples",0.5,10,100,0.0999999999999998,0.1049999999999999,0.005,1.4010268691929522,normal_wald,Normal Wald,5000,5000,1.0,1061,0.2122,0.2010901705414436,0.2237517186981313
CURVE_CURVE_C2_N0_np20_nq200_di0p005_scale0p5,C2_N0_np20_nq200,"Balanced, unequal samples",0.5,10,100,0.0999999999999998,0.1049999999999999,0.005,1.4010268691929522,simple_welch,Simple Welch,5000,5000,1.0,963,0.1926,0.1819072511546312,0.2037647320011899
CURVE_CURVE_C2_N3_np500_nq50_di0p005_scale0p5,C2_N3_np500_nq50,"Skewed, unequal samples",0.5,250,25,0.0300000000000003,0.0349999999996594,0.005,0.7935319932386035,constrained_lr,Constrained LR (chi-squared),5000,5000,1.0,166,0.0332,0.0285814227402997,0.0385353037956056
CURVE_CURVE_C2_N3_np500_nq50_di0p005_scale0p5,C2_N3_np500_nq50,"Skewed, unequal samples",0.5,250,25,0.0300000000000003,0.0349999999996594,0.005,0.7935319932386035,expanded_welch,Expanded Welch,5000,4628,0.9256,168,0.0363007778738115,0.0312852227921016,0.0420854790857689
CURVE_CURVE_C2_N3_np500_nq50_di0p005_scale0p5,C2_N3_np500_nq50,"Skewed, unequal samples",0.5,250,25,0.0300000000000003,0.0349999999996594,0.005,0.7935319932386035,normal_wald,Normal Wald,5000,5000,1.0,962,0.1924,0.1817117223696034,0.2035605678669957
CURVE_CURVE_C2_N3_np500_nq50_di0p005_scale0p5,C2_N3_np500_nq50,"Skewed, unequal samples",0.5,250,25,0.0300000000000003,0.0349999999996594,0.005,0.7935319932386035,simple_welch,Simple Welch,5000,5000,1.0,936,0.1872,0.1766295753955883,0.1982506989412394
CURVE_CURVE_C2_N5_np200_nq2000_di0p005_scale0p5,C2_N5_np200_nq2000,Rare and highly unequal,0.5,100,1000,0.0050000000002087,0.0100000000000003,0.005,0.3493995926134408,constrained_lr,Constrained LR (chi-squared),5000,5000,1.0,62,0.0124,0.0096853856424235,0.0158632772943961
CURVE_CURVE_C2_N5_np200_nq2000_di0p005_scale0p5,C2_N5_np200_nq2000,Rare and highly unequal,0.5,100,1000,0.0050000000002087,0.0100000000000003,0.005,0.3493995926134408,expanded_welch,Expanded Welch,5000,3807,0.7614,1087,0.2855266614131862,0.2714010682419621,0.3000846475386808
CURVE_CURVE_C2_N5_np200_nq2000_di0p005_scale0p5,C2_N5_np200_nq2000,Rare and highly unequal,0.5,100,1000,0.0050000000002087,0.0100000000000003,0.005,0.3493995926134408,normal_wald,Normal Wald,5000,5000,1.0,3542,0.7084,0.6956459902149374,0.7208340316143629
CURVE_CURVE_C2_N5_np200_nq2000_di0p005_scale0p5,C2_N5_np200_nq2000,Rare and highly unequal,0.5,100,1000,0.0050000000002087,0.0100000000000003,0.005,0.3493995926134408,simple_welch,Simple Welch,5000,5000,1.0,3542,0.7084,0.6956459902149374,0.7208340316143629
CURVE_CURVE_C3_C3_same_balanced_i0p005_n1000_di0p005_scale0p5,C3_C3_same_balanced_i0p005_n1000,Near independence,0.5,500,500,0.0050000000000047,0.0100000000000022,0.005,107.3518574316245,constrained_lr,Constrained LR (chi-squared),5000,5000,1.0,482,0.0964,0.0885264315462734,0.1048932574637766
CURVE_CURVE_C3_C3_same_balanced_i0p005_n1000_di0p005_scale0p5,C3_C3_same_balanced_i0p005_n1000,Near independence,0.5,500,500,0.0050000000000047,0.0100000000000022,0.005,107.3518574316245,expanded_welch,Expanded Welch,5000,5000,1.0,132,0.0264,0.0223066265103538,0.0312205407720043
CURVE_CURVE_C3_C3_same_balanced_i0p005_n1000_di0p005_scale0p5,C3_C3_same_balanced_i0p005_n1000,Near independence,0.5,500,500,0.0050000000000047,0.0100000000000022,0.005,107.3518574316245,normal_wald,Normal Wald,5000,5000,1.0,251,0.0502,0.0444853421500697,0.0566052825197036
CURVE_CURVE_C3_C3_same_balanced_i0p005_n1000_di0p005_scale0p5,C3_C3_same_balanced_i0p005_n1000,Near independence,0.5,500,500,0.0050000000000047,0.0100000000000022,0.005,107.3518574316245,simple_welch,Simple Welch,5000,5000,1.0,246,0.0492,0.0435433825554971,0.0555487775181663
CURVE_CURVE_C4_C4_s0p05_i0p0001_n500_di0p005_scale0p5,C4_C4_s0p05_i0p0001_n500,Rare-cell case B,0.5,250,250,9.999999999987796e-05,0.0050999999999959,0.005,0.7994669697625629,constrained_lr,Constrained LR (chi-squared),5000,5000,1.0,229,0.0458,0.0403459347014956,0.0519514457453942
CURVE_CURVE_C4_C4_s0p05_i0p0001_n500_di0p005_scale0p5,C4_C4_s0p05_i0p0001_n500,Rare-cell case B,0.5,250,250,9.999999999987796e-05,0.0050999999999959,0.005,0.7994669697625629,expanded_welch,Expanded Welch,5000,4990,0.998,9,0.0018036072144288,0.0009491924514442,0.0034244864089679
CURVE_CURVE_C4_C4_s0p05_i0p0001_n500_di0p005_scale0p5,C4_C4_s0p05_i0p0001_n500,Rare-cell case B,0.5,250,250,9.999999999987796e-05,0.0050999999999959,0.005,0.7994669697625629,normal_wald,Normal Wald,5000,5000,1.0,82,0.0164,0.0132326641504401,0.0203098571708191
CURVE_CURVE_C4_C4_s0p05_i0p0001_n500_di0p005_scale0p5,C4_C4_s0p05_i0p0001_n500,Rare-cell case B,0.5,250,250,9.999999999987796e-05,0.0050999999999959,0.005,0.7994669697625629,simple_welch,Simple Welch,5000,5000,1.0,77,0.0154,0.0123399813257248,0.0192040753994245
CURVE_CURVE_C4_C4_s0p1_i0p0001_n100_di0p005_scale0p5,C4_C4_s0p1_i0p0001_n100,Rare-cell case A,0.5,50,50,0.0001000000000001,0.0050999999999997,0.005,0.5646818539806965,constrained_lr,Constrained LR (chi-squared),5000,5000,1.0,69,0.0138,0.0109194272130835,0.01742708615829
CURVE_CURVE_C4_C4_s0p1_i0p0001_n100_di0p005_scale0p5,C4_C4_s0p1_i0p0001_n100,Rare-cell case A,0.5,50,50,0.0001000000000001,0.0050999999999997,0.005,0.5646818539806965,expanded_welch,Expanded Welch,5000,4505,0.901,2,0.0004439511653718,0.0001217558660781,0.0016173735516027
CURVE_CURVE_C4_C4_s0p1_i0p0001_n100_di0p005_scale0p5,C4_C4_s0p1_i0p0001_n100,Rare-cell case A,0.5,50,50,0.0001000000000001,0.0050999999999997,0.005,0.5646818539806965,normal_wald,Normal Wald,5000,4999,0.9998,22,0.0044008801760352,0.0029081467289397,0.0066547105421703
CURVE_CURVE_C4_C4_s0p1_i0p0001_n100_di0p005_scale0p5,C4_C4_s0p1_i0p0001_n100,Rare-cell case A,0.5,50,50,0.0001000000000001,0.0050999999999997,0.005,0.5646818539806965,simple_welch,Simple Welch,5000,4999,0.9998,16,0.0032006401280256,0.0019711222315001,0.0051930981651907
CURVE_CURVE_C1_N0_n10_di0p005_scale1,C1_N0_n10,"Balanced, very small sample",1.0,10,10,0.0999999999999998,0.1049999999999999,0.005,1.374888613899132,constrained_lr,Constrained LR (chi-squared),5000,4998,0.9996,261,0.0522208883553421,0.0463898375388715,0.0587397358692136
CURVE_CURVE_C1_N0_n10_di0p005_scale1,C1_N0_n10,"Balanced, very small sample",1.0,10,10,0.0999999999999998,0.1049999999999999,0.005,1.374888613899132,expanded_welch,Expanded Welch,5000,4871,0.9742,207,0.0424964073085608,0.0371828854522417,0.0485309705470417
CURVE_CURVE_C1_N0_n10_di0p005_scale1,C1_N0_n10,"Balanced, very small sample",1.0,10,10,0.0999999999999998,0.1049999999999999,0.005,1.374888613899132,normal_wald,Normal Wald,5000,4989,0.9978,665,0.1332932451393065,0.1241432791688745,0.1430074945582261
CURVE_CURVE_C1_N0_n10_di0p005_scale1,C1_N0_n10,"Balanced, very small sample",1.0,10,10,0.0999999999999998,0.1049999999999999,0.005,1.374888613899132,simple_welch,Simple Welch,5000,4989,0.9978,473,0.0948085788735217,0.0869885129665802,0.1032521479185435
CURVE_CURVE_C1_N0_n1000_di0p005_scale1,C1_N0_n1000,"Balanced, large sample",1.0,1000,1000,0.0999999999999998,0.1049999999999999,0.005,137.48886138991318,constrained_lr,Constrained LR (chi-squared),5000,5000,1.0,271,0.0542,0.0482596192447235,0.0608248638094894
CURVE_CURVE_C1_N0_n1000_di0p005_scale1,C1_N0_n1000,"Balanced, large sample",1.0,1000,1000,0.0999999999999998,0.1049999999999999,0.005,137.48886138991318,expanded_welch,Expanded Welch,5000,5000,1.0,263,0.0526,0.0467487102249782,0.0591382294754588
CURVE_CURVE_C1_N0_n1000_di0p005_scale1,C1_N0_n1000,"Balanced, large sample",1.0,1000,1000,0.0999999999999998,0.1049999999999999,0.005,137.48886138991318,normal_wald,Normal Wald,5000,5000,1.0,267,0.0534,0.0475039707136969,0.0599817406636281
CURVE_CURVE_C1_N0_n1000_di0p005_scale1,C1_N0_n1000,"Balanced, large sample",1.0,1000,1000,0.0999999999999998,0.1049999999999999,0.005,137.48886138991318,simple_welch,Simple Welch,5000,5000,1.0,266,0.0532,0.0473151188916037,0.0597708995664992
CURVE_CURVE_C1_N0_n50_di0p005_scale1,C1_N0_n50,"Balanced, moderate sample",1.0,50,50,0.0999999999999998,0.1049999999999999,0.005,6.874443069495658,constrained_lr,Constrained LR (chi-squared),5000,5000,1.0,272,0.0544,0.0484485910594408,0.061035584913994
CURVE_CURVE_C1_N0_n50_di0p005_scale1,C1_N0_n50,"Balanced, moderate sample",1.0,50,50,0.0999999999999998,0.1049999999999999,0.005,6.874443069495658,expanded_welch,Expanded Welch,5000,4998,0.9996,203,0.0406162464985994,0.0354871647370393,0.0464509498943117
CURVE_CURVE_C1_N0_n50_di0p005_scale1,C1_N0_n50,"Balanced, moderate sample",1.0,50,50,0.0999999999999998,0.1049999999999999,0.005,6.874443069495658,normal_wald,Normal Wald,5000,5000,1.0,242,0.0484,0.0427903040886361,0.0547030843081394
CURVE_CURVE_C1_N0_n50_di0p005_scale1,C1_N0_n50,"Balanced, moderate sample",1.0,50,50,0.0999999999999998,0.1049999999999999,0.005,6.874443069495658,simple_welch,Simple Welch,5000,5000,1.0,222,0.0444,0.0390318208814263,0.0504677091309097
CURVE_CURVE_C1_N3_n50_di0p005_scale1,C1_N3_n50,One skewed population,1.0,50,50,0.0300000000000003,0.0349999999996594,0.005,1.587063986477207,constrained_lr,Constrained LR (chi-squared),5000,5000,1.0,235,0.047,0.0414734961677937,0.053222041794428
CURVE_CURVE_C1_N3_n50_di0p005_scale1,C1_N3_n50,One skewed population,1.0,50,50,0.0300000000000003,0.0349999999996594,0.005,1.587063986477207,expanded_welch,Expanded Welch,5000,4975,0.995,78,0.0156783919597989,0.0125812308128308,0.0195229163351996
CURVE_CURVE_C1_N3_n50_di0p005_scale1,C1_N3_n50,One skewed population,1.0,50,50,0.0300000000000003,0.0349999999996594,0.005,1.587063986477207,normal_wald,Normal Wald,5000,5000,1.0,161,0.0322,0.0276547458300798,0.0374635161097155
CURVE_CURVE_C1_N3_n50_di0p005_scale1,C1_N3_n50,One skewed population,1.0,50,50,0.0300000000000003,0.0349999999996594,0.005,1.587063986477207,simple_welch,Simple Welch,5000,5000,1.0,154,0.0308,0.0263595083742369,0.0359609031310046
CURVE_CURVE_C1_N6_n100_di0p005_scale1,C1_N6_n100,"Sparse, smaller sample",1.0,100,100,0.0049999999999995,0.0100000000001962,0.005,0.0311902378266299,constrained_lr,Constrained LR (chi-squared),5000,5000,1.0,43,0.0086,0.0063911756315949,0.0115633218400072
CURVE_CURVE_C1_N6_n100_di0p005_scale1,C1_N6_n100,"Sparse, smaller sample",1.0,100,100,0.0049999999999995,0.0100000000001962,0.005,0.0311902378266299,expanded_welch,Expanded Welch,5000,4964,0.9928,52,0.0104754230459307,0.007997609309133,0.0137103014031171
CURVE_CURVE_C1_N6_n100_di0p005_scale1,C1_N6_n100,"Sparse, smaller sample",1.0,100,100,0.0049999999999995,0.0100000000001962,0.005,0.0311902378266299,normal_wald,Normal Wald,5000,5000,1.0,423,0.0846,0.077201733034174,0.0926360737417793
CURVE_CURVE_C1_N6_n100_di0p005_scale1,C1_N6_n100,"Sparse, smaller sample",1.0,100,100,0.0049999999999995,0.0100000000001962,0.005,0.0311902378266299,simple_welch,Simple Welch,5000,5000,1.0,412,0.0824,0.0750950492199433,0.0903461354445684
CURVE_CURVE_C1_N6_n200_di0p005_scale1,C1_N6_n200,"Sparse, larger sample",1.0,200,200,0.0049999999999995,0.0100000000001962,0.005,0.0623804756532599,constrained_lr,Constrained LR (chi-squared),5000,5000,1.0,66,0.0132,0.0103894488016411,0.0167579858120664
CURVE_CURVE_C1_N6_n200_di0p005_scale1,C1_N6_n200,"Sparse, larger sample",1.0,200,200,0.0049999999999995,0.0100000000001962,0.005,0.0623804756532599,expanded_welch,Expanded Welch,5000,5000,1.0,343,0.0686,0.0619196772693051,0.0759426959688901
CURVE_CURVE_C1_N6_n200_di0p005_scale1,C1_N6_n200,"Sparse, larger sample",1.0,200,200,0.0049999999999995,0.0100000000001962,0.005,0.0623804756532599,normal_wald,Normal Wald,5000,5000,1.0,1105,0.221,0.2097158117389482,0.2327125659463936
CURVE_CURVE_C1_N6_n200_di0p005_scale1,C1_N6_n200,"Sparse, larger sample",1.0,200,200,0.0049999999999995,0.0100000000001962,0.005,0.0623804756532599,simple_welch,Simple Welch,5000,5000,1.0,1097,0.2194,0.2081469458595942,0.2310838884719719
CURVE_CURVE_C1_N7_n1000_di0p005_scale1,C1_N7_n1000,Ultra-rare categories,1.0,1000,1000,0.0005000000000022,0.0054999999999981,0.005,0.3053664260238946,constrained_lr,Constrained LR (chi-squared),5000,5000,1.0,852,0.1704,0.1602324145498894,0.1810736545722922
CURVE_CURVE_C1_N7_n1000_di0p005_scale1,C1_N7_n1000,Ultra-rare categories,1.0,1000,1000,0.0005000000000022,0.0054999999999981,0.005,0.3053664260238946,expanded_welch,Expanded Welch,5000,4265,0.853,33,0.0077373974208675,0.0055148349046809,0.0108459176541617
CURVE_CURVE_C1_N7_n1000_di0p005_scale1,C1_N7_n1000,Ultra-rare categories,1.0,1000,1000,0.0005000000000022,0.0054999999999981,0.005,0.3053664260238946,normal_wald,Normal Wald,5000,4992,0.9984,138,0.0276442307692307,0.0234466488575765,0.0325682309434235
CURVE_CURVE_C1_N7_n1000_di0p005_scale1,C1_N7_n1000,Ultra-rare categories,1.0,1000,1000,0.0005000000000022,0.0054999999999981,0.005,0.3053664260238946,simple_welch,Simple Welch,5000,4992,0.9984,138,0.0276442307692307,0.0234466488575765,0.0325682309434235
CURVE_CURVE_C2_N0_np20_nq200_di0p005_scale1,C2_N0_np20_nq200,"Balanced, unequal samples",1.0,20,200,0.0999999999999998,0.1049999999999999,0.005,2.8020537383859043,constrained_lr,Constrained LR (chi-squared),5000,5000,1.0,291,0.0582,0.0520434106219398,0.0650349308167126
CURVE_CURVE_C2_N0_np20_nq200_di0p005_scale1,C2_N0_np20_nq200,"Balanced, unequal samples",1.0,20,200,0.0999999999999998,0.1049999999999999,0.005,2.8020537383859043,expanded_welch,Expanded Welch,5000,4994,0.9988,258,0.0516619943932719,0.0458603831292771,0.0581528119878319
CURVE_CURVE_C2_N0_np20_nq200_di0p005_scale1,C2_N0_np20_nq200,"Balanced, unequal samples",1.0,20,200,0.0999999999999998,0.1049999999999999,0.005,2.8020537383859043,normal_wald,Normal Wald,5000,5000,1.0,850,0.17,0.1598424374335368,0.1806642458502009
CURVE_CURVE_C2_N0_np20_nq200_di0p005_scale1,C2_N0_np20_nq200,"Balanced, unequal samples",1.0,20,200,0.0999999999999998,0.1049999999999999,0.005,2.8020537383859043,simple_welch,Simple Welch,5000,5000,1.0,794,0.1588,0.1489317768422395,0.1691921029650674
CURVE_CURVE_C2_N3_np500_nq50_di0p005_scale1,C2_N3_np500_nq50,"Skewed, unequal samples",1.0,500,50,0.0300000000000003,0.0349999999996594,0.005,1.587063986477207,constrained_lr,Constrained LR (chi-squared),5000,5000,1.0,244,0.0488,0.0431667882318987,0.0551259860033208
CURVE_CURVE_C2_N3_np500_nq50_di0p005_scale1,C2_N3_np500_nq50,"Skewed, unequal samples",1.0,500,50,0.0300000000000003,0.0349999999996594,0.005,1.587063986477207,expanded_welch,Expanded Welch,5000,4976,0.9952,195,0.0391881028938906,0.0341425105694452,0.0449446375009196
CURVE_CURVE_C2_N3_np500_nq50_di0p005_scale1,C2_N3_np500_nq50,"Skewed, unequal samples",1.0,500,50,0.0300000000000003,0.0349999999996594,0.005,1.587063986477207,normal_wald,Normal Wald,5000,5000,1.0,754,0.1508,0.1411492465344128,0.1609869165040151
CURVE_CURVE_C2_N3_np500_nq50_di0p005_scale1,C2_N3_np500_nq50,"Skewed, unequal samples",1.0,500,50,0.0300000000000003,0.0349999999996594,0.005,1.587063986477207,simple_welch,Simple Welch,5000,5000,1.0,731,0.1462,0.1366786257226792,0.1562646001736432
CURVE_CURVE_C2_N5_np200_nq2000_di0p005_scale1,C2_N5_np200_nq2000,Rare and highly unequal,1.0,200,2000,0.0050000000002087,0.0100000000000003,0.005,0.6987991852268817,constrained_lr,Constrained LR (chi-squared),5000,5000,1.0,106,0.0212,0.0175594143719532,0.0255757370106334
CURVE_CURVE_C2_N5_np200_nq2000_di0p005_scale1,C2_N5_np200_nq2000,Rare and highly unequal,1.0,200,2000,0.0050000000002087,0.0100000000000003,0.005,0.6987991852268817,expanded_welch,Expanded Welch,5000,4841,0.9682,2038,0.4209873992976657,0.4071476003703419,0.4349524958862212
CURVE_CURVE_C2_N5_np200_nq2000_di0p005_scale1,C2_N5_np200_nq2000,Rare and highly unequal,1.0,200,2000,0.0050000000002087,0.0100000000000003,0.005,0.6987991852268817,normal_wald,Normal Wald,5000,5000,1.0,2484,0.4968,0.4829490227386519,0.5106558905537966
CURVE_CURVE_C2_N5_np200_nq2000_di0p005_scale1,C2_N5_np200_nq2000,Rare and highly unequal,1.0,200,2000,0.0050000000002087,0.0100000000000003,0.005,0.6987991852268817,simple_welch,Simple Welch,5000,5000,1.0,2484,0.4968,0.4829490227386519,0.5106558905537966
CURVE_CURVE_C3_C3_same_balanced_i0p005_n1000_di0p005_scale1,C3_C3_same_balanced_i0p005_n1000,Near independence,1.0,1000,1000,0.0050000000000047,0.0100000000000022,0.005,214.703714863249,constrained_lr,Constrained LR (chi-squared),5000,5000,1.0,741,0.1482,0.138621973763866,0.1583181813246761
CURVE_CURVE_C3_C3_same_balanced_i0p005_n1000_di0p005_scale1,C3_C3_same_balanced_i0p005_n1000,Near independence,1.0,1000,1000,0.0050000000000047,0.0100000000000022,0.005,214.703714863249,expanded_welch,Expanded Welch,5000,5000,1.0,395,0.079,0.0718424481659568,0.0868039568717812
CURVE_CURVE_C3_C3_same_balanced_i0p005_n1000_di0p005_scale1,C3_C3_same_balanced_i0p005_n1000,Near independence,1.0,1000,1000,0.0050000000000047,0.0100000000000022,0.005,214.703714863249,normal_wald,Normal Wald,5000,5000,1.0,556,0.1112,0.1027827165852734,0.1202142484472029
CURVE_CURVE_C3_C3_same_balanced_i0p005_n1000_di0p005_scale1,C3_C3_same_balanced_i0p005_n1000,Near independence,1.0,1000,1000,0.0050000000000047,0.0100000000000022,0.005,214.703714863249,simple_welch,Simple Welch,5000,5000,1.0,555,0.111,0.1025897185733455,0.1200075535399089
CURVE_CURVE_C4_C4_s0p05_i0p0001_n500_di0p005_scale1,C4_C4_s0p05_i0p0001_n500,Rare-cell case B,1.0,500,500,9.999999999987796e-05,0.0050999999999959,0.005,1.598933939525126,constrained_lr,Constrained LR (chi-squared),5000,5000,1.0,551,0.1102,0.1018178158948974,0.1191806845414691
CURVE_CURVE_C4_C4_s0p05_i0p0001_n500_di0p005_scale1,C4_C4_s0p05_i0p0001_n500,Rare-cell case B,1.0,500,500,9.999999999987796e-05,0.0050999999999959,0.005,1.598933939525126,expanded_welch,Expanded Welch,5000,5000,1.0,20,0.004,0.0025909427187847,0.0061706176107118
CURVE_CURVE_C4_C4_s0p05_i0p0001_n500_di0p005_scale1,C4_C4_s0p05_i0p0001_n500,Rare-cell case B,1.0,500,500,9.999999999987796e-05,0.0050999999999959,0.005,1.598933939525126,normal_wald,Normal Wald,5000,5000,1.0,124,0.0248,0.020840470557508,0.0294891533710742
CURVE_CURVE_C4_C4_s0p05_i0p0001_n500_di0p005_scale1,C4_C4_s0p05_i0p0001_n500,Rare-cell case B,1.0,500,500,9.999999999987796e-05,0.0050999999999959,0.005,1.598933939525126,simple_welch,Simple Welch,5000,5000,1.0,124,0.0248,0.020840470557508,0.0294891533710742
CURVE_CURVE_C4_C4_s0p1_i0p0001_n100_di0p005_scale1,C4_C4_s0p1_i0p0001_n100,Rare-cell case A,1.0,100,100,0.0001000000000001,0.0050999999999997,0.005,1.129363707961393,constrained_lr,Constrained LR (chi-squared),5000,5000,1.0,76,0.0152,0.0121618712021072,0.0189824926038201
CURVE_CURVE_C4_C4_s0p1_i0p0001_n100_di0p005_scale1,C4_C4_s0p1_i0p0001_n100,Rare-cell case A,1.0,100,100,0.0001000000000001,0.0050999999999997,0.005,1.129363707961393,expanded_welch,Expanded Welch,5000,4963,0.9926,14,0.002820874471086,0.0016811226499027,0.004729683711582
CURVE_CURVE_C4_C4_s0p1_i0p0001_n100_di0p005_scale1,C4_C4_s0p1_i0p0001_n100,Rare-cell case A,1.0,100,100,0.0001000000000001,0.0050999999999997,0.005,1.129363707961393,normal_wald,Normal Wald,5000,4999,0.9998,210,0.042008401680336,0.0367900629623316,0.0479300830405771
CURVE_CURVE_C4_C4_s0p1_i0p0001_n100_di0p005_scale1,C4_C4_s0p1_i0p0001_n100,Rare-cell case A,1.0,100,100,0.0001000000000001,0.0050999999999997,0.005,1.129363707961393,simple_welch,Simple Welch,5000,4999,0.9998,197,0.0394078815763152,0.0343585717629172,0.0451645276787501
CURVE_CURVE_C1_N0_n10_di0p005_scale2,C1_N0_n10,"Balanced, very small sample",2.0,20,20,0.0999999999999998,0.1049999999999999,0.005,2.7497772277982637,constrained_lr,Constrained LR (chi-squared),5000,5000,1.0,320,0.064,0.0575449865740918,0.0711244495219979
CURVE_CURVE_C1_N0_n10_di0p005_scale2,C1_N0_n10,"Balanced, very small sample",2.0,20,20,0.0999999999999998,0.1049999999999999,0.005,2.7497772277982637,expanded_welch,Expanded Welch,5000,4977,0.9954,288,0.0578661844484629,0.0517138838795003,0.0647004737374919
CURVE_CURVE_C1_N0_n10_di0p005_scale2,C1_N0_n10,"Balanced, very small sample",2.0,20,20,0.0999999999999998,0.1049999999999999,0.005,2.7497772277982637,normal_wald,Normal Wald,5000,5000,1.0,374,0.0748,0.067830171875666,0.0824226818584105
CURVE_CURVE_C1_N0_n10_di0p005_scale2,C1_N0_n10,"Balanced, very small sample",2.0,20,20,0.0999999999999998,0.1049999999999999,0.005,2.7497772277982637,simple_welch,Simple Welch,5000,5000,1.0,332,0.0664,0.0598262520667029,0.0736394990600506
CURVE_CURVE_C1_N0_n1000_di0p005_scale2,C1_N0_n1000,"Balanced, large sample",2.0,2000,2000,0.0999999999999998,0.1049999999999999,0.005,274.97772277982637,constrained_lr,Constrained LR (chi-squared),5000,5000,1.0,319,0.0638,0.0573550015033846,0.0709147416734832
CURVE_CURVE_C1_N0_n1000_di0p005_scale2,C1_N0_n1000,"Balanced, large sample",2.0,2000,2000,0.0999999999999998,0.1049999999999999,0.005,274.97772277982637,expanded_welch,Expanded Welch,5000,5000,1.0,317,0.0634,0.0569750881353032,0.0704952692031206
CURVE_CURVE_C1_N0_n1000_di0p005_scale2,C1_N0_n1000,"Balanced, large sample",2.0,2000,2000,0.0999999999999998,0.1049999999999999,0.005,274.97772277982637,normal_wald,Normal Wald,5000,5000,1.0,317,0.0634,0.0569750881353032,0.0704952692031206
CURVE_CURVE_C1_N0_n1000_di0p005_scale2,C1_N0_n1000,"Balanced, large sample",2.0,2000,2000,0.0999999999999998,0.1049999999999999,0.005,274.97772277982637,simple_welch,Simple Welch,5000,5000,1.0,317,0.0634,0.0569750881353032,0.0704952692031206
CURVE_CURVE_C1_N0_n50_di0p005_scale2,C1_N0_n50,"Balanced, moderate sample",2.0,100,100,0.0999999999999998,0.1049999999999999,0.005,13.748886138991317,constrained_lr,Constrained LR (chi-squared),5000,5000,1.0,255,0.051,0.0452393871026711,0.0574500092439901
CURVE_CURVE_C1_N0_n50_di0p005_scale2,C1_N0_n50,"Balanced, moderate sample",2.0,100,100,0.0999999999999998,0.1049999999999999,0.005,13.748886138991317,expanded_welch,Expanded Welch,5000,5000,1.0,196,0.0392,0.0341649372611642,0.0449425768514003
CURVE_CURVE_C1_N0_n50_di0p005_scale2,C1_N0_n50,"Balanced, moderate sample",2.0,100,100,0.0999999999999998,0.1049999999999999,0.005,13.748886138991317,normal_wald,Normal Wald,5000,5000,1.0,229,0.0458,0.0403459347014956,0.0519514457453942
CURVE_CURVE_C1_N0_n50_di0p005_scale2,C1_N0_n50,"Balanced, moderate sample",2.0,100,100,0.0999999999999998,0.1049999999999999,0.005,13.748886138991317,simple_welch,Simple Welch,5000,5000,1.0,223,0.0446,0.0392194585074783,0.0506797644240797
CURVE_CURVE_C1_N3_n50_di0p005_scale2,C1_N3_n50,One skewed population,2.0,100,100,0.0300000000000003,0.0349999999996594,0.005,3.174127972954414,constrained_lr,Constrained LR (chi-squared),5000,5000,1.0,279,0.0558,0.0497720485271196,0.0625099778808691
CURVE_CURVE_C1_N3_n50_di0p005_scale2,C1_N3_n50,One skewed population,2.0,100,100,0.0300000000000003,0.0349999999996594,0.005,3.174127972954414,expanded_welch,Expanded Welch,5000,5000,1.0,98,0.0196,0.0161102998813315,0.0238273081474793
CURVE_CURVE_C1_N3_n50_di0p005_scale2,C1_N3_n50,One skewed population,2.0,100,100,0.0300000000000003,0.0349999999996594,0.005,3.174127972954414,normal_wald,Normal Wald,5000,5000,1.0,152,0.0304,0.0259899123257857,0.0355311133410118
CURVE_CURVE_C1_N3_n50_di0p005_scale2,C1_N3_n50,One skewed population,2.0,100,100,0.0300000000000003,0.0349999999996594,0.005,3.174127972954414,simple_welch,Simple Welch,5000,5000,1.0,140,0.028,0.0237770442584761,0.0329476663776578
CURVE_CURVE_C1_N6_n100_di0p005_scale2,C1_N6_n100,"Sparse, smaller sample",2.0,200,200,0.0049999999999995,0.0100000000001962,0.005,0.0623804756532599,constrained_lr,Constrained LR (chi-squared),5000,5000,1.0,63,0.0126,0.0098611129963593,0.0160872428596823
CURVE_CURVE_C1_N6_n100_di0p005_scale2,C1_N6_n100,"Sparse, smaller sample",2.0,200,200,0.0049999999999995,0.0100000000001962,0.005,0.0623804756532599,expanded_welch,Expanded Welch,5000,5000,1.0,340,0.068,0.061348534154977,0.0753147603255523
CURVE_CURVE_C1_N6_n100_di0p005_scale2,C1_N6_n100,"Sparse, smaller sample",2.0,200,200,0.0049999999999995,0.0100000000001962,0.005,0.0623804756532599,normal_wald,Normal Wald,5000,5000,1.0,1094,0.2188,0.2075586854697712,0.2304730701041289
CURVE_CURVE_C1_N6_n100_di0p005_scale2,C1_N6_n100,"Sparse, smaller sample",2.0,200,200,0.0049999999999995,0.0100000000001962,0.005,0.0623804756532599,simple_welch,Simple Welch,5000,5000,1.0,1085,0.217,0.2057941161714295,0.2286404031294728
CURVE_CURVE_C1_N6_n200_di0p005_scale2,C1_N6_n200,"Sparse, larger sample",2.0,400,400,0.0049999999999995,0.0100000000001962,0.005,0.1247609513065198,constrained_lr,Constrained LR (chi-squared),5000,5000,1.0,400,0.08,0.0727986839327327,0.0878461857011152
CURVE_CURVE_C1_N6_n200_di0p005_scale2,C1_N6_n200,"Sparse, larger sample",2.0,400,400,0.0049999999999995,0.0100000000001962,0.005,0.1247609513065198,expanded_welch,Expanded Welch,5000,5000,1.0,472,0.0944,0.0866041761581781,0.1028185836596521
CURVE_CURVE_C1_N6_n200_di0p005_scale2,C1_N6_n200,"Sparse, larger sample",2.0,400,400,0.0049999999999995,0.0100000000001962,0.005,0.1247609513065198,normal_wald,Normal Wald,5000,5000,1.0,1335,0.267,0.2549200119846377,0.2794377371217589
CURVE_CURVE_C1_N6_n200_di0p005_scale2,C1_N6_n200,"Sparse, larger sample",2.0,400,400,0.0049999999999995,0.0100000000001962,0.005,0.1247609513065198,simple_welch,Simple Welch,5000,5000,1.0,1332,0.2664,0.2543292351487614,0.2788294351999693
CURVE_CURVE_C1_N7_n1000_di0p005_scale2,C1_N7_n1000,Ultra-rare categories,2.0,2000,2000,0.0005000000000022,0.0054999999999981,0.005,0.6107328520477893,constrained_lr,Constrained LR (chi-squared),5000,5000,1.0,1872,0.3744,0.3610865758941194,0.387906270834479
CURVE_CURVE_C1_N7_n1000_di0p005_scale2,C1_N7_n1000,Ultra-rare categories,2.0,2000,2000,0.0005000000000022,0.0054999999999981,0.005,0.6107328520477893,expanded_welch,Expanded Welch,5000,4902,0.9804,285,0.0581395348837209,0.0519282170353731,0.0650428395381996
CURVE_CURVE_C1_N7_n1000_di0p005_scale2,C1_N7_n1000,Ultra-rare categories,2.0,2000,2000,0.0005000000000022,0.0054999999999981,0.005,0.6107328520477893,normal_wald,Normal Wald,5000,5000,1.0,681,0.1362,0.1269715142585869,0.1459870656766366
CURVE_CURVE_C1_N7_n1000_di0p005_scale2,C1_N7_n1000,Ultra-rare categories,2.0,2000,2000,0.0005000000000022,0.0054999999999981,0.005,0.6107328520477893,simple_welch,Simple Welch,5000,5000,1.0,680,0.136,0.1267775416969865,0.1457813453190151
CURVE_CURVE_C2_N0_np20_nq200_di0p005_scale2,C2_N0_np20_nq200,"Balanced, unequal samples",2.0,40,400,0.0999999999999998,0.1049999999999999,0.005,5.604107476771809,constrained_lr,Constrained LR (chi-squared),5000,5000,1.0,255,0.051,0.0452393871026711,0.0574500092439901
CURVE_CURVE_C2_N0_np20_nq200_di0p005_scale2,C2_N0_np20_nq200,"Balanced, unequal samples",2.0,40,400,0.0999999999999998,0.1049999999999999,0.005,5.604107476771809,expanded_welch,Expanded Welch,5000,5000,1.0,95,0.019,0.015568534057775,0.0231699952133698
CURVE_CURVE_C2_N0_np20_nq200_di0p005_scale2,C2_N0_np20_nq200,"Balanced, unequal samples",2.0,40,400,0.0999999999999998,0.1049999999999999,0.005,5.604107476771809,normal_wald,Normal Wald,5000,5000,1.0,548,0.1096,0.1012389833197277,0.1185604383589728
CURVE_CURVE_C2_N0_np20_nq200_di0p005_scale2,C2_N0_np20_nq200,"Balanced, unequal samples",2.0,40,400,0.0999999999999998,0.1049999999999999,0.005,5.604107476771809,simple_welch,Simple Welch,5000,5000,1.0,517,0.1034,0.0952626016009405,0.1121463395818788
CURVE_CURVE_C2_N3_np500_nq50_di0p005_scale2,C2_N3_np500_nq50,"Skewed, unequal samples",2.0,1000,100,0.0300000000000003,0.0349999999996594,0.005,3.174127972954414,constrained_lr,Constrained LR (chi-squared),5000,5000,1.0,320,0.064,0.0575449865740918,0.0711244495219979
CURVE_CURVE_C2_N3_np500_nq50_di0p005_scale2,C2_N3_np500_nq50,"Skewed, unequal samples",2.0,1000,100,0.0300000000000003,0.0349999999996594,0.005,3.174127972954414,expanded_welch,Expanded Welch,5000,5000,1.0,141,0.0282,0.0239611282416891,0.0331632753136667
CURVE_CURVE_C2_N3_np500_nq50_di0p005_scale2,C2_N3_np500_nq50,"Skewed, unequal samples",2.0,1000,100,0.0300000000000003,0.0349999999996594,0.005,3.174127972954414,normal_wald,Normal Wald,5000,5000,1.0,511,0.1022,0.0941069468006947,0.1109038368667927
CURVE_CURVE_C2_N3_np500_nq50_di0p005_scale2,C2_N3_np500_nq50,"Skewed, unequal samples",2.0,1000,100,0.0300000000000003,0.0349999999996594,0.005,3.174127972954414,simple_welch,Simple Welch,5000,5000,1.0,502,0.1004,0.0923741374429391,0.1090394099515505
CURVE_CURVE_C2_N5_np200_nq2000_di0p005_scale2,C2_N5_np200_nq2000,Rare and highly unequal,2.0,400,4000,0.0050000000002087,0.0100000000000003,0.005,1.3975983704537631,constrained_lr,Constrained LR (chi-squared),5000,5000,1.0,729,0.1458,0.1362900310234279,0.1558538090344505
CURVE_CURVE_C2_N5_np200_nq2000_di0p005_scale2,C2_N5_np200_nq2000,Rare and highly unequal,2.0,400,4000,0.0050000000002087,0.0100000000000003,0.005,1.3975983704537631,expanded_welch,Expanded Welch,5000,4996,0.9992,1236,0.2473979183346677,0.2356298844320205,0.2595541087429685
CURVE_CURVE_C2_N5_np200_nq2000_di0p005_scale2,C2_N5_np200_nq2000,Rare and highly unequal,2.0,400,4000,0.0050000000002087,0.0100000000000003,0.005,1.3975983704537631,normal_wald,Normal Wald,5000,5000,1.0,1543,0.3086,0.2959475977498361,0.3215462785547317
CURVE_CURVE_C2_N5_np200_nq2000_di0p005_scale2,C2_N5_np200_nq2000,Rare and highly unequal,2.0,400,4000,0.0050000000002087,0.0100000000000003,0.005,1.3975983704537631,simple_welch,Simple Welch,5000,5000,1.0,1543,0.3086,0.2959475977498361,0.3215462785547317
CURVE_CURVE_C3_C3_same_balanced_i0p005_n1000_di0p005_scale2,C3_C3_same_balanced_i0p005_n1000,Near independence,2.0,2000,2000,0.0050000000000047,0.0100000000000022,0.005,429.407429726498,constrained_lr,Constrained LR (chi-squared),5000,5000,1.0,1326,0.2652,0.2531477680353838,0.277612744798015
CURVE_CURVE_C3_C3_same_balanced_i0p005_n1000_di0p005_scale2,C3_C3_same_balanced_i0p005_n1000,Near independence,2.0,2000,2000,0.0050000000000047,0.0100000000000022,0.005,429.407429726498,expanded_welch,Expanded Welch,5000,5000,1.0,1081,0.2162,0.2050099657033927,0.2278257819206217
CURVE_CURVE_C3_C3_same_balanced_i0p005_n1000_di0p005_scale2,C3_C3_same_balanced_i0p005_n1000,Near independence,2.0,2000,2000,0.0050000000000047,0.0100000000000022,0.005,429.407429726498,normal_wald,Normal Wald,5000,5000,1.0,1219,0.2438,0.2320982225944045,0.2558951478822428
CURVE_CURVE_C3_C3_same_balanced_i0p005_n1000_di0p005_scale2,C3_C3_same_balanced_i0p005_n1000,Near independence,2.0,2000,2000,0.0050000000000047,0.0100000000000022,0.005,429.407429726498,simple_welch,Simple Welch,5000,5000,1.0,1219,0.2438,0.2320982225944045,0.2558951478822428
CURVE_CURVE_C4_C4_s0p05_i0p0001_n500_di0p005_scale2,C4_C4_s0p05_i0p0001_n500,Rare-cell case B,2.0,1000,1000,9.999999999987796e-05,0.0050999999999959,0.005,3.1978678790502517,constrained_lr,Constrained LR (chi-squared),5000,5000,1.0,1520,0.304,0.2914046432275638,0.3168962959348986
CURVE_CURVE_C4_C4_s0p05_i0p0001_n500_di0p005_scale2,C4_C4_s0p05_i0p0001_n500,Rare-cell case B,2.0,1000,1000,9.999999999987796e-05,0.0050999999999959,0.005,3.1978678790502517,expanded_welch,Expanded Welch,5000,5000,1.0,112,0.0224,0.0186501320177961,0.0268831768801224
CURVE_CURVE_C4_C4_s0p05_i0p0001_n500_di0p005_scale2,C4_C4_s0p05_i0p0001_n500,Rare-cell case B,2.0,1000,1000,9.999999999987796e-05,0.0050999999999959,0.005,3.1978678790502517,normal_wald,Normal Wald,5000,5000,1.0,357,0.0714,0.064587015599474,0.0788710585078289
CURVE_CURVE_C4_C4_s0p05_i0p0001_n500_di0p005_scale2,C4_C4_s0p05_i0p0001_n500,Rare-cell case B,2.0,1000,1000,9.999999999987796e-05,0.0050999999999959,0.005,3.1978678790502517,simple_welch,Simple Welch,5000,5000,1.0,351,0.0702,0.0634434723454752,0.0776164442464958
CURVE_CURVE_C4_C4_s0p1_i0p0001_n100_di0p005_scale2,C4_C4_s0p1_i0p0001_n100,Rare-cell case A,2.0,200,200,0.0001000000000001,0.0050999999999997,0.005,2.258727415922786,constrained_lr,Constrained LR (chi-squared),5000,5000,1.0,144,0.0288,0.0245137405131535,0.0338097417998683
CURVE_CURVE_C4_C4_s0p1_i0p0001_n100_di0p005_scale2,C4_C4_s0p1_i0p0001_n100,Rare-cell case A,2.0,200,200,0.0001000000000001,0.0050999999999997,0.005,2.258727415922786,expanded_welch,Expanded Welch,5000,5000,1.0,32,0.0064,0.0045371881084106,0.0090206872517497
CURVE_CURVE_C4_C4_s0p1_i0p0001_n100_di0p005_scale2,C4_C4_s0p1_i0p0001_n100,Rare-cell case A,2.0,200,200,0.0001000000000001,0.0050999999999997,0.005,2.258727415922786,normal_wald,Normal Wald,5000,5000,1.0,139,0.0278,0.0235930213627044,0.0327319963542074
CURVE_CURVE_C4_C4_s0p1_i0p0001_n100_di0p005_scale2,C4_C4_s0p1_i0p0001_n100,Rare-cell case A,2.0,200,200,0.0001000000000001,0.0050999999999997,0.005,2.258727415922786,simple_welch,Simple Welch,5000,5000,1.0,138,0.0276,0.0234090601912025,0.0325162646064874
CURVE_CURVE_C1_N0_n10_di0p05_scale0p5,C1_N0_n10,"Balanced, very small sample",0.5,5,5,0.0999999999999998,0.149999999999443,0.05,0.5830694393529524,constrained_lr,Constrained LR (chi-squared),5000,5000,1.0,54,0.0108,0.0082871897652348,0.014063929817809
CURVE_CURVE_C1_N0_n10_di0p05_scale0p5,C1_N0_n10,"Balanced, very small sample",0.5,5,5,0.0999999999999998,0.149999999999443,0.05,0.5830694393529524,expanded_welch,Expanded Welch,5000,3998,0.7996,0,0.0,5.421010862427522e-20,0.000959922790601
CURVE_CURVE_C1_N0_n10_di0p05_scale0p5,C1_N0_n10,"Balanced, very small sample",0.5,5,5,0.0999999999999998,0.149999999999443,0.05,0.5830694393529524,normal_wald,Normal Wald,5000,4936,0.9872,997,0.2019854132901134,0.1910189172014109,0.2134154103929094
CURVE_CURVE_C1_N0_n10_di0p05_scale0p5,C1_N0_n10,"Balanced, very small sample",0.5,5,5,0.0999999999999998,0.149999999999443,0.05,0.5830694393529524,simple_welch,Simple Welch,5000,4936,0.9872,613,0.1241896272285251,0.1152803793285411,0.133683371648661
CURVE_CURVE_C1_N0_n1000_di0p05_scale0p5,C1_N0_n1000,"Balanced, large sample",0.5,500,500,0.0999999999999998,0.149999999999443,0.05,58.30694393529525,constrained_lr,Constrained LR (chi-squared),5000,5000,1.0,2034,0.4068,0.3932604454466162,0.4204826541959425
CURVE_CURVE_C1_N0_n1000_di0p05_scale0p5,C1_N0_n1000,"Balanced, large sample",0.5,500,500,0.0999999999999998,0.149999999999443,0.05,58.30694393529525,expanded_welch,Expanded Welch,5000,5000,1.0,2008,0.4016,0.3880925424716483,0.415258541271139
CURVE_CURVE_C1_N0_n1000_di0p05_scale0p5,C1_N0_n1000,"Balanced, large sample",0.5,500,500,0.0999999999999998,0.149999999999443,0.05,58.30694393529525,normal_wald,Normal Wald,5000,5000,1.0,2031,0.4062,0.3926640681929131,0.4198799526919797
CURVE_CURVE_C1_N0_n1000_di0p05_scale0p5,C1_N0_n1000,"Balanced, large sample",0.5,500,500,0.0999999999999998,0.149999999999443,0.05,58.30694393529525,simple_welch,Simple Welch,5000,5000,1.0,2025,0.405,0.3914713768015774,0.4186744865679835
CURVE_CURVE_C1_N0_n50_di0p05_scale0p5,C1_N0_n50,"Balanced, moderate sample",0.5,25,25,0.0999999999999998,0.149999999999443,0.05,2.9153471967647624,constrained_lr,Constrained LR (chi-squared),5000,5000,1.0,424,0.0848,0.0773933274635883,0.092844172231587
CURVE_CURVE_C1_N0_n50_di0p05_scale0p5,C1_N0_n50,"Balanced, moderate sample",0.5,25,25,0.0999999999999998,0.149999999999443,0.05,2.9153471967647624,expanded_welch,Expanded Welch,5000,5000,1.0,367,0.0734,0.0664942078076257,0.080960795491897
CURVE_CURVE_C1_N0_n50_di0p05_scale0p5,C1_N0_n50,"Balanced, moderate sample",0.5,25,25,0.0999999999999998,0.149999999999443,0.05,2.9153471967647624,normal_wald,Normal Wald,5000,5000,1.0,445,0.089,0.0814196998716535,0.0972113511271834
CURVE_CURVE_C1_N0_n50_di0p05_scale0p5,C1_N0_n50,"Balanced, moderate sample",0.5,25,25,0.0999999999999998,0.149999999999443,0.05,2.9153471967647624,simple_welch,Simple Welch,5000,5000,1.0,397,0.0794,0.0722249006083291,0.0872208902678528
CURVE_CURVE_C1_N3_n50_di0p05_scale0p5,C1_N3_n50,One skewed population,0.5,25,25,0.0300000000000003,0.0799999999996817,0.05,0.3228806556316851,constrained_lr,Constrained LR (chi-squared),5000,5000,1.0,332,0.0664,0.0598262520667029,0.0736394990600506
CURVE_CURVE_C1_N3_n50_di0p05_scale0p5,C1_N3_n50,One skewed population,0.5,25,25,0.0300000000000003,0.0799999999996817,0.05,0.3228806556316851,expanded_welch,Expanded Welch,5000,4646,0.9292,191,0.0411106328024106,0.0357703951108345,0.0472090918754921
CURVE_CURVE_C1_N3_n50_di0p05_scale0p5,C1_N3_n50,One skewed population,0.5,25,25,0.0300000000000003,0.0799999999996817,0.05,0.3228806556316851,normal_wald,Normal Wald,5000,5000,1.0,356,0.0712,0.0643963842748613,0.0786619969132196
CURVE_CURVE_C1_N3_n50_di0p05_scale0p5,C1_N3_n50,One skewed population,0.5,25,25,0.0300000000000003,0.0799999999996817,0.05,0.3228806556316851,simple_welch,Simple Welch,5000,5000,1.0,302,0.0604,0.0541282161651582,0.0673467473849359
CURVE_CURVE_C2_N0_np20_nq200_di0p05_scale0p5,C2_N0_np20_nq200,"Balanced, unequal samples",0.5,10,100,0.0999999999999998,0.149999999999443,0.05,1.4010268691929522,constrained_lr,Constrained LR (chi-squared),5000,5000,1.0,228,0.0456,0.0401581122081756,0.0517395753194922
CURVE_CURVE_C2_N0_np20_nq200_di0p05_scale0p5,C2_N0_np20_nq200,"Balanced, unequal samples",0.5,10,100,0.0999999999999998,0.149999999999443,0.05,1.4010268691929522,expanded_welch,Expanded Welch,5000,4944,0.9888,269,0.0544093851132686,0.0484257073583562,0.0610849678179337
CURVE_CURVE_C2_N0_np20_nq200_di0p05_scale0p5,C2_N0_np20_nq200,"Balanced, unequal samples",0.5,10,100,0.0999999999999998,0.149999999999443,0.05,1.4010268691929522,normal_wald,Normal Wald,5000,5000,1.0,1303,0.2606,0.2486198882246915,0.2729476874666019
CURVE_CURVE_C2_N0_np20_nq200_di0p05_scale0p5,C2_N0_np20_nq200,"Balanced, unequal samples",0.5,10,100,0.0999999999999998,0.149999999999443,0.05,1.4010268691929522,simple_welch,Simple Welch,5000,5000,1.0,1225,0.245,0.2332775430369258,0.2571139849550534
CURVE_CURVE_C2_N3_np500_nq50_di0p05_scale0p5,C2_N3_np500_nq50,"Skewed, unequal samples",0.5,250,25,0.0300000000000003,0.0799999999996817,0.05,0.3228806556316851,constrained_lr,Constrained LR (chi-squared),5000,5000,1.0,534,0.1068,0.098538853059109,0.1156648677504838
CURVE_CURVE_C2_N3_np500_nq50_di0p05_scale0p5,C2_N3_np500_nq50,"Skewed, unequal samples",0.5,250,25,0.0300000000000003,0.0799999999996817,0.05,0.3228806556316851,expanded_welch,Expanded Welch,5000,4619,0.9238,195,0.042216930071444,0.0367883047138799,0.0484063666433256
CURVE_CURVE_C2_N3_np500_nq50_di0p05_scale0p5,C2_N3_np500_nq50,"Skewed, unequal samples",0.5,250,25,0.0300000000000003,0.0799999999996817,0.05,0.3228806556316851,normal_wald,Normal Wald,5000,5000,1.0,762,0.1524,0.1427049996573499,0.1626287067348538
CURVE_CURVE_C2_N3_np500_nq50_di0p05_scale0p5,C2_N3_np500_nq50,"Skewed, unequal samples",0.5,250,25,0.0300000000000003,0.0799999999996817,0.05,0.3228806556316851,simple_welch,Simple Welch,5000,5000,1.0,706,0.1412,0.1318230229199351,0.1511278799958378
CURVE_CURVE_C3_C3_same_balanced_i0p005_n1000_di0p05_scale0p5,C3_C3_same_balanced_i0p005_n1000,Near independence,0.5,500,500,0.0050000000000047,0.0550000000000023,0.05,83.92688703711413,constrained_lr,Constrained LR (chi-squared),5000,5000,1.0,4796,0.9592,0.9533548791191986,0.9643400634144612
CURVE_CURVE_C3_C3_same_balanced_i0p005_n1000_di0p05_scale0p5,C3_C3_same_balanced_i0p005_n1000,Near independence,0.5,500,500,0.0050000000000047,0.0550000000000023,0.05,83.92688703711413,expanded_welch,Expanded Welch,5000,5000,1.0,4705,0.941,0.93412411487236,0.9471987720120996
CURVE_CURVE_C3_C3_same_balanced_i0p005_n1000_di0p05_scale0p5,C3_C3_same_balanced_i0p005_n1000,Near independence,0.5,500,500,0.0050000000000047,0.0550000000000023,0.05,83.92688703711413,normal_wald,Normal Wald,5000,5000,1.0,4761,0.9522,0.945931477658468,0.9577742127024224
CURVE_CURVE_C3_C3_same_balanced_i0p005_n1000_di0p05_scale0p5,C3_C3_same_balanced_i0p005_n1000,Near independence,0.5,500,500,0.0050000000000047,0.0550000000000023,0.05,83.92688703711413,simple_welch,Simple Welch,5000,5000,1.0,4758,0.9516,0.9452969156918606,0.957209695911364
CURVE_CURVE_C4_C4_s0p05_i0p0001_n500_di0p05_scale0p5,C4_C4_s0p05_i0p0001_n500,Rare-cell case B,0.5,250,250,9.999999999987796e-05,0.0500999999999998,0.05,0.4328357714268047,constrained_lr,Constrained LR (chi-squared),5000,5000,1.0,4120,0.824,0.8131967832374858,0.8343057459021173
CURVE_CURVE_C4_C4_s0p05_i0p0001_n500_di0p05_scale0p5,C4_C4_s0p05_i0p0001_n500,Rare-cell case B,0.5,250,250,9.999999999987796e-05,0.0500999999999998,0.05,0.4328357714268047,expanded_welch,Expanded Welch,5000,4989,0.9978,2570,0.5151332932451393,0.5012590288451059,0.5289842707359841
CURVE_CURVE_C4_C4_s0p05_i0p0001_n500_di0p05_scale0p5,C4_C4_s0p05_i0p0001_n500,Rare-cell case B,0.5,250,250,9.999999999987796e-05,0.0500999999999998,0.05,0.4328357714268047,normal_wald,Normal Wald,5000,5000,1.0,3110,0.622,0.6084710218833477,0.6353416588420585
CURVE_CURVE_C4_C4_s0p05_i0p0001_n500_di0p05_scale0p5,C4_C4_s0p05_i0p0001_n500,Rare-cell case B,0.5,250,250,9.999999999987796e-05,0.0500999999999998,0.05,0.4328357714268047,simple_welch,Simple Welch,5000,5000,1.0,3084,0.6168,0.6032396103699001,0.6301810544557346
CURVE_CURVE_C4_C4_s0p1_i0p0001_n100_di0p05_scale0p5,C4_C4_s0p1_i0p0001_n100,Rare-cell case A,0.5,50,50,0.0001000000000001,0.0501000000000001,0.05,0.412654456753039,constrained_lr,Constrained LR (chi-squared),5000,5000,1.0,935,0.187,0.1764341704969175,0.1980464109206882
CURVE_CURVE_C4_C4_s0p1_i0p0001_n100_di0p05_scale0p5,C4_C4_s0p1_i0p0001_n100,Rare-cell case A,0.5,50,50,0.0001000000000001,0.0501000000000001,0.05,0.412654456753039,expanded_welch,Expanded Welch,5000,4535,0.907,209,0.0460859977949283,0.0403582958316637,0.0525820420602659
CURVE_CURVE_C4_C4_s0p1_i0p0001_n100_di0p05_scale0p5,C4_C4_s0p1_i0p0001_n100,Rare-cell case A,0.5,50,50,0.0001000000000001,0.0501000000000001,0.05,0.412654456753039,normal_wald,Normal Wald,5000,4999,0.9998,429,0.0858171634326865,0.0783672245301242,0.0939031673890818
CURVE_CURVE_C4_C4_s0p1_i0p0001_n100_di0p05_scale0p5,C4_C4_s0p1_i0p0001_n100,Rare-cell case A,0.5,50,50,0.0001000000000001,0.0501000000000001,0.05,0.412654456753039,simple_welch,Simple Welch,5000,4999,0.9998,373,0.0746149229845969,0.0676528527070232,0.0822302617176045
CURVE_CURVE_C1_N0_n10_di0p05_scale1,C1_N0_n10,"Balanced, very small sample",1.0,10,10,0.0999999999999998,0.149999999999443,0.05,1.1661388787059048,constrained_lr,Constrained LR (chi-squared),5000,4997,0.9994,353,0.0706423854312587,0.0638630378723729,0.0780813658176592
CURVE_CURVE_C1_N0_n10_di0p05_scale1,C1_N0_n10,"Balanced, very small sample",1.0,10,10,0.0999999999999998,0.149999999999443,0.05,1.1661388787059048,expanded_welch,Expanded Welch,5000,4823,0.9646,232,0.0481028405556707,0.042415117547593,0.0545098514641296
CURVE_CURVE_C1_N0_n10_di0p05_scale1,C1_N0_n10,"Balanced, very small sample",1.0,10,10,0.0999999999999998,0.149999999999443,0.05,1.1661388787059048,normal_wald,Normal Wald,5000,4986,0.9972,767,0.1538307260328921,0.1440832000376251,0.1641112529348646
CURVE_CURVE_C1_N0_n10_di0p05_scale1,C1_N0_n10,"Balanced, very small sample",1.0,10,10,0.0999999999999998,0.149999999999443,0.05,1.1661388787059048,simple_welch,Simple Welch,5000,4986,0.9972,589,0.1181307661452065,0.1094644575948124,0.1273850432508542
CURVE_CURVE_C1_N0_n1000_di0p05_scale1,C1_N0_n1000,"Balanced, large sample",1.0,1000,1000,0.0999999999999998,0.149999999999443,0.05,116.61388787059047,constrained_lr,Constrained LR (chi-squared),5000,5000,1.0,3326,0.6652,0.6519968540537555,0.6781494972235977
CURVE_CURVE_C1_N0_n1000_di0p05_scale1,C1_N0_n1000,"Balanced, large sample",1.0,1000,1000,0.0999999999999998,0.149999999999443,0.05,116.61388787059047,expanded_welch,Expanded Welch,5000,5000,1.0,3313,0.6626,0.6493738747469808,0.6755764685804866
CURVE_CURVE_C1_N0_n1000_di0p05_scale1,C1_N0_n1000,"Balanced, large sample",1.0,1000,1000,0.0999999999999998,0.149999999999443,0.05,116.61388787059047,normal_wald,Normal Wald,5000,5000,1.0,3321,0.6642,0.6509879633209317,0.6771599233603116
CURVE_CURVE_C1_N0_n1000_di0p05_scale1,C1_N0_n1000,"Balanced, large sample",1.0,1000,1000,0.0999999999999998,0.149999999999443,0.05,116.61388787059047,simple_welch,Simple Welch,5000,5000,1.0,3320,0.664,0.6507861930631568,0.6769620006988647
CURVE_CURVE_C1_N0_n50_di0p05_scale1,C1_N0_n50,"Balanced, moderate sample",1.0,50,50,0.0999999999999998,0.149999999999443,0.05,5.830694393529525,constrained_lr,Constrained LR (chi-squared),5000,5000,1.0,475,0.095,0.0871807381378733,0.1034411004376229
CURVE_CURVE_C1_N0_n50_di0p05_scale1,C1_N0_n50,"Balanced, moderate sample",1.0,50,50,0.0999999999999998,0.149999999999443,0.05,5.830694393529525,expanded_welch,Expanded Welch,5000,5000,1.0,381,0.0762,0.069166878947158,0.0838838252214723
CURVE_CURVE_C1_N0_n50_di0p05_scale1,C1_N0_n50,"Balanced, moderate sample",1.0,50,50,0.0999999999999998,0.149999999999443,0.05,5.830694393529525,normal_wald,Normal Wald,5000,5000,1.0,450,0.09,0.0823791505887433,0.0982503650062034
CURVE_CURVE_C1_N0_n50_di0p05_scale1,C1_N0_n50,"Balanced, moderate sample",1.0,50,50,0.0999999999999998,0.149999999999443,0.05,5.830694393529525,simple_welch,Simple Welch,5000,5000,1.0,419,0.0838,0.0764354838683728,0.0918035512306926
CURVE_CURVE_C1_N3_n50_di0p05_scale1,C1_N3_n50,One skewed population,1.0,50,50,0.0300000000000003,0.0799999999996817,0.05,0.6457613112633702,constrained_lr,Constrained LR (chi-squared),5000,5000,1.0,642,0.1284,0.1194117916904059,0.1379587643951605
CURVE_CURVE_C1_N3_n50_di0p05_scale1,C1_N3_n50,One skewed population,1.0,50,50,0.0300000000000003,0.0799999999996817,0.05,0.6457613112633702,expanded_welch,Expanded Welch,5000,4969,0.9938,437,0.087945260615818,0.0803855448476389,0.0961415908131214
CURVE_CURVE_C1_N3_n50_di0p05_scale1,C1_N3_n50,One skewed population,1.0,50,50,0.0300000000000003,0.0799999999996817,0.05,0.6457613112633702,normal_wald,Normal Wald,5000,5000,1.0,639,0.1278,0.1188307290947456,0.1373407482331549
CURVE_CURVE_C1_N3_n50_di0p05_scale1,C1_N3_n50,One skewed population,1.0,50,50,0.0300000000000003,0.0799999999996817,0.05,0.6457613112633702,simple_welch,Simple Welch,5000,5000,1.0,606,0.1212,0.1124435444793257,0.1305380665142495
CURVE_CURVE_C2_N0_np20_nq200_di0p05_scale1,C2_N0_np20_nq200,"Balanced, unequal samples",1.0,20,200,0.0999999999999998,0.149999999999443,0.05,2.8020537383859043,constrained_lr,Constrained LR (chi-squared),5000,5000,1.0,414,0.0828,0.0754779647930016,0.090762605709954
CURVE_CURVE_C2_N0_np20_nq200_di0p05_scale1,C2_N0_np20_nq200,"Balanced, unequal samples",1.0,20,200,0.0999999999999998,0.149999999999443,0.05,2.8020537383859043,expanded_welch,Expanded Welch,5000,4990,0.998,257,0.051503006012024,0.0457082431399314,0.0579877718599086
CURVE_CURVE_C2_N0_np20_nq200_di0p05_scale1,C2_N0_np20_nq200,"Balanced, unequal samples",1.0,20,200,0.0999999999999998,0.149999999999443,0.05,2.8020537383859043,normal_wald,Normal Wald,5000,5000,1.0,1106,0.2212,0.2099119374458601,0.2329161331587037
CURVE_CURVE_C2_N0_np20_nq200_di0p05_scale1,C2_N0_np20_nq200,"Balanced, unequal samples",1.0,20,200,0.0999999999999998,0.149999999999443,0.05,2.8020537383859043,simple_welch,Simple Welch,5000,5000,1.0,1039,0.2078,0.1967802676386192,0.2192683773780722
CURVE_CURVE_C2_N3_np500_nq50_di0p05_scale1,C2_N3_np500_nq50,"Skewed, unequal samples",1.0,500,50,0.0300000000000003,0.0799999999996817,0.05,0.6457613112633702,constrained_lr,Constrained LR (chi-squared),5000,5000,1.0,1041,0.2082,0.1971719948351663,0.219676036019969
CURVE_CURVE_C2_N3_np500_nq50_di0p05_scale1,C2_N3_np500_nq50,"Skewed, unequal samples",1.0,500,50,0.0300000000000003,0.0799999999996817,0.05,0.6457613112633702,expanded_welch,Expanded Welch,5000,4978,0.9956,452,0.0907995178786661,0.0831302482553291,0.0990998500576747
CURVE_CURVE_C2_N3_np500_nq50_di0p05_scale1,C2_N3_np500_nq50,"Skewed, unequal samples",1.0,500,50,0.0300000000000003,0.0799999999996817,0.05,0.6457613112633702,normal_wald,Normal Wald,5000,5000,1.0,690,0.138,0.1287175741407731,0.1478382420674482
CURVE_CURVE_C2_N3_np500_nq50_di0p05_scale1,C2_N3_np500_nq50,"Skewed, unequal samples",1.0,500,50,0.0300000000000003,0.0799999999996817,0.05,0.6457613112633702,simple_welch,Simple Welch,5000,5000,1.0,641,0.1282,0.1192180967543493,0.1377527664119952
CURVE_CURVE_C3_C3_same_balanced_i0p005_n1000_di0p05_scale1,C3_C3_same_balanced_i0p005_n1000,Near independence,1.0,1000,1000,0.0050000000000047,0.0550000000000023,0.05,167.85377407422826,constrained_lr,Constrained LR (chi-squared),5000,5000,1.0,4995,0.999,0.9976610469499418,0.9995727865088913
CURVE_CURVE_C3_C3_same_balanced_i0p005_n1000_di0p05_scale1,C3_C3_same_balanced_i0p005_n1000,Near independence,1.0,1000,1000,0.0050000000000047,0.0550000000000023,0.05,167.85377407422826,expanded_welch,Expanded Welch,5000,5000,1.0,4995,0.999,0.9976610469499418,0.9995727865088913
CURVE_CURVE_C3_C3_same_balanced_i0p005_n1000_di0p05_scale1,C3_C3_same_balanced_i0p005_n1000,Near independence,1.0,1000,1000,0.0050000000000047,0.0550000000000023,0.05,167.85377407422826,normal_wald,Normal Wald,5000,5000,1.0,4995,0.999,0.9976610469499418,0.9995727865088913
CURVE_CURVE_C3_C3_same_balanced_i0p005_n1000_di0p05_scale1,C3_C3_same_balanced_i0p005_n1000,Near independence,1.0,1000,1000,0.0050000000000047,0.0550000000000023,0.05,167.85377407422826,simple_welch,Simple Welch,5000,5000,1.0,4995,0.999,0.9976610469499418,0.9995727865088913
CURVE_CURVE_C4_C4_s0p05_i0p0001_n500_di0p05_scale1,C4_C4_s0p05_i0p0001_n500,Rare-cell case B,1.0,500,500,9.999999999987796e-05,0.0500999999999998,0.05,0.8656715428536095,constrained_lr,Constrained LR (chi-squared),5000,5000,1.0,4922,0.9844,0.9805744874896778,0.9874817628659512
CURVE_CURVE_C4_C4_s0p05_i0p0001_n500_di0p05_scale1,C4_C4_s0p05_i0p0001_n500,Rare-cell case B,1.0,500,500,9.999999999987796e-05,0.0500999999999998,0.05,0.8656715428536095,expanded_welch,Expanded Welch,5000,5000,1.0,4639,0.9278,0.9202928561478791,0.9346502980679298
CURVE_CURVE_C4_C4_s0p05_i0p0001_n500_di0p05_scale1,C4_C4_s0p05_i0p0001_n500,Rare-cell case B,1.0,500,500,9.999999999987796e-05,0.0500999999999998,0.05,0.8656715428536095,normal_wald,Normal Wald,5000,5000,1.0,4791,0.9582,0.952291952656858,0.9634045252806918
CURVE_CURVE_C4_C4_s0p05_i0p0001_n500_di0p05_scale1,C4_C4_s0p05_i0p0001_n500,Rare-cell case B,1.0,500,500,9.999999999987796e-05,0.0500999999999998,0.05,0.8656715428536095,simple_welch,Simple Welch,5000,5000,1.0,4789,0.9578,0.951867024068152,0.9630300680309536
CURVE_CURVE_C4_C4_s0p1_i0p0001_n100_di0p05_scale1,C4_C4_s0p1_i0p0001_n100,Rare-cell case A,1.0,100,100,0.0001000000000001,0.0501000000000001,0.05,0.825308913506078,constrained_lr,Constrained LR (chi-squared),5000,5000,1.0,1962,0.3924,0.3789532277689778,0.4060119816895985
CURVE_CURVE_C4_C4_s0p1_i0p0001_n100_di0p05_scale1,C4_C4_s0p1_i0p0001_n100,Rare-cell case A,1.0,100,100,0.0001000000000001,0.0501000000000001,0.05,0.825308913506078,expanded_welch,Expanded Welch,5000,4975,0.995,857,0.1722613065326633,0.162022360795093,0.1830059902839124
CURVE_CURVE_C4_C4_s0p1_i0p0001_n100_di0p05_scale1,C4_C4_s0p1_i0p0001_n100,Rare-cell case A,1.0,100,100,0.0001000000000001,0.0501000000000001,0.05,0.825308913506078,normal_wald,Normal Wald,5000,4999,0.9998,1274,0.2548509701940388,0.2429622611660739,0.2671161572338233
CURVE_CURVE_C4_C4_s0p1_i0p0001_n100_di0p05_scale1,C4_C4_s0p1_i0p0001_n100,Rare-cell case A,1.0,100,100,0.0001000000000001,0.0501000000000001,0.05,0.825308913506078,simple_welch,Simple Welch,5000,4999,0.9998,1234,0.2468493698739748,0.235094132218063,0.2589933736857067
CURVE_CURVE_C1_N0_n10_di0p05_scale2,C1_N0_n10,"Balanced, very small sample",2.0,20,20,0.0999999999999998,0.149999999999443,0.05,2.3322777574118096,constrained_lr,Constrained LR (chi-squared),5000,4999,0.9998,466,0.0932186437287457,0.0854685147175476,0.1015934712605763
CURVE_CURVE_C1_N0_n10_di0p05_scale2,C1_N0_n10,"Balanced, very small sample",2.0,20,20,0.0999999999999998,0.149999999999443,0.05,2.3322777574118096,expanded_welch,Expanded Welch,5000,4983,0.9966,442,0.0887015853903271,0.0811210717502152,0.0969157610129931
CURVE_CURVE_C1_N0_n10_di0p05_scale2,C1_N0_n10,"Balanced, very small sample",2.0,20,20,0.0999999999999998,0.149999999999443,0.05,2.3322777574118096,normal_wald,Normal Wald,5000,4999,0.9998,544,0.1088217643528705,0.1004875208541397,0.1177567444914326
CURVE_CURVE_C1_N0_n10_di0p05_scale2,C1_N0_n10,"Balanced, very small sample",2.0,20,20,0.0999999999999998,0.149999999999443,0.05,2.3322777574118096,simple_welch,Simple Welch,5000,4999,0.9998,486,0.0972194438887777,0.0893135735454053,0.1057438686807823
CURVE_CURVE_C1_N0_n1000_di0p05_scale2,C1_N0_n1000,"Balanced, large sample",2.0,2000,2000,0.0999999999999998,0.149999999999443,0.05,233.22777574118095,constrained_lr,Constrained LR (chi-squared),5000,5000,1.0,4660,0.932,0.9246852396744476,0.938651465845023
CURVE_CURVE_C1_N0_n1000_di0p05_scale2,C1_N0_n1000,"Balanced, large sample",2.0,2000,2000,0.0999999999999998,0.149999999999443,0.05,233.22777574118095,expanded_welch,Expanded Welch,5000,5000,1.0,4658,0.9316,0.9242665987345868,0.93827072094644
CURVE_CURVE_C1_N0_n1000_di0p05_scale2,C1_N0_n1000,"Balanced, large sample",2.0,2000,2000,0.0999999999999998,0.149999999999443,0.05,233.22777574118095,normal_wald,Normal Wald,5000,5000,1.0,4660,0.932,0.9246852396744476,0.938651465845023
CURVE_CURVE_C1_N0_n1000_di0p05_scale2,C1_N0_n1000,"Balanced, large sample",2.0,2000,2000,0.0999999999999998,0.149999999999443,0.05,233.22777574118095,simple_welch,Simple Welch,5000,5000,1.0,4660,0.932,0.9246852396744476,0.938651465845023
CURVE_CURVE_C1_N0_n50_di0p05_scale2,C1_N0_n50,"Balanced, moderate sample",2.0,100,100,0.0999999999999998,0.149999999999443,0.05,11.66138878705905,constrained_lr,Constrained LR (chi-squared),5000,5000,1.0,580,0.116,0.1074172903603322,0.1251723047334716
CURVE_CURVE_C1_N0_n50_di0p05_scale2,C1_N0_n50,"Balanced, moderate sample",2.0,100,100,0.0999999999999998,0.149999999999443,0.05,11.66138878705905,expanded_welch,Expanded Welch,5000,5000,1.0,528,0.1056,0.0973822135110354,0.1144233497832256
CURVE_CURVE_C1_N0_n50_di0p05_scale2,C1_N0_n50,"Balanced, moderate sample",2.0,100,100,0.0999999999999998,0.149999999999443,0.05,11.66138878705905,normal_wald,Normal Wald,5000,5000,1.0,566,0.1132,0.1047131824982677,0.1222807117264284
CURVE_CURVE_C1_N0_n50_di0p05_scale2,C1_N0_n50,"Balanced, moderate sample",2.0,100,100,0.0999999999999998,0.149999999999443,0.05,11.66138878705905,simple_welch,Simple Welch,5000,5000,1.0,558,0.1116,0.1031687392725768,0.1206276115983435
CURVE_CURVE_C1_N3_n50_di0p05_scale2,C1_N3_n50,One skewed population,2.0,100,100,0.0300000000000003,0.0799999999996817,0.05,1.2915226225267404,constrained_lr,Constrained LR (chi-squared),5000,5000,1.0,1082,0.2164,0.2052059973802213,0.2280294431630151
CURVE_CURVE_C1_N3_n50_di0p05_scale2,C1_N3_n50,One skewed population,2.0,100,100,0.0300000000000003,0.0799999999996817,0.05,1.2915226225267404,expanded_welch,Expanded Welch,5000,5000,1.0,818,0.1636,0.1536056834534121,0.1741108264152223
CURVE_CURVE_C1_N3_n50_di0p05_scale2,C1_N3_n50,One skewed population,2.0,100,100,0.0300000000000003,0.0799999999996817,0.05,1.2915226225267404,normal_wald,Normal Wald,5000,5000,1.0,997,0.1994,0.1885578800968871,0.2107036623124812
CURVE_CURVE_C1_N3_n50_di0p05_scale2,C1_N3_n50,One skewed population,2.0,100,100,0.0300000000000003,0.0799999999996817,0.05,1.2915226225267404,simple_welch,Simple Welch,5000,5000,1.0,979,0.1958,0.1850363217115291,0.2070307481518437
CURVE_CURVE_C2_N0_np20_nq200_di0p05_scale2,C2_N0_np20_nq200,"Balanced, unequal samples",2.0,40,400,0.0999999999999998,0.149999999999443,0.05,5.604107476771809,constrained_lr,Constrained LR (chi-squared),5000,5000,1.0,512,0.1024,0.0942995312295689,0.1111109453571404
CURVE_CURVE_C2_N0_np20_nq200_di0p05_scale2,C2_N0_np20_nq200,"Balanced, unequal samples",2.0,40,400,0.0999999999999998,0.149999999999443,0.05,5.604107476771809,expanded_welch,Expanded Welch,5000,5000,1.0,317,0.0634,0.0569750881353032,0.0704952692031206
CURVE_CURVE_C2_N0_np20_nq200_di0p05_scale2,C2_N0_np20_nq200,"Balanced, unequal samples",2.0,40,400,0.0999999999999998,0.149999999999443,0.05,5.604107476771809,normal_wald,Normal Wald,5000,5000,1.0,1078,0.2156,0.2044218944893043,0.2272147743770442
CURVE_CURVE_C2_N0_np20_nq200_di0p05_scale2,C2_N0_np20_nq200,"Balanced, unequal samples",2.0,40,400,0.0999999999999998,0.149999999999443,0.05,5.604107476771809,simple_welch,Simple Welch,5000,5000,1.0,1026,0.2052,0.1942344463622384,0.2166181907045673
CURVE_CURVE_C2_N3_np500_nq50_di0p05_scale2,C2_N3_np500_nq50,"Skewed, unequal samples",2.0,1000,100,0.0300000000000003,0.0799999999996817,0.05,1.2915226225267404,constrained_lr,Constrained LR (chi-squared),5000,5000,1.0,1794,0.3588,0.3456181314491892,0.3721986675800949
CURVE_CURVE_C2_N3_np500_nq50_di0p05_scale2,C2_N3_np500_nq50,"Skewed, unequal samples",2.0,1000,100,0.0300000000000003,0.0799999999996817,0.05,1.2915226225267404,expanded_welch,Expanded Welch,5000,4999,0.9998,987,0.1974394878975795,0.1866388535590359,0.2087047676811472
CURVE_CURVE_C2_N3_np500_nq50_di0p05_scale2,C2_N3_np500_nq50,"Skewed, unequal samples",2.0,1000,100,0.0300000000000003,0.0799999999996817,0.05,1.2915226225267404,normal_wald,Normal Wald,5000,5000,1.0,1138,0.2276,0.2161899833670332,0.2394282606526339
CURVE_CURVE_C2_N3_np500_nq50_di0p05_scale2,C2_N3_np500_nq50,"Skewed, unequal samples",2.0,1000,100,0.0300000000000003,0.0799999999996817,0.05,1.2915226225267404,simple_welch,Simple Welch,5000,5000,1.0,1106,0.2212,0.2099119374458601,0.2329161331587037
CURVE_CURVE_C3_C3_same_balanced_i0p005_n1000_di0p05_scale2,C3_C3_same_balanced_i0p005_n1000,Near independence,2.0,2000,2000,0.0050000000000047,0.0550000000000023,0.05,335.7075481484565,constrained_lr,Constrained LR (chi-squared),5000,5000,1.0,5000,1.0,0.9992322980549432,1.0000000000000002
CURVE_CURVE_C3_C3_same_balanced_i0p005_n1000_di0p05_scale2,C3_C3_same_balanced_i0p005_n1000,Near independence,2.0,2000,2000,0.0050000000000047,0.0550000000000023,0.05,335.7075481484565,expanded_welch,Expanded Welch,5000,5000,1.0,5000,1.0,0.9992322980549432,1.0000000000000002
CURVE_CURVE_C3_C3_same_balanced_i0p005_n1000_di0p05_scale2,C3_C3_same_balanced_i0p005_n1000,Near independence,2.0,2000,2000,0.0050000000000047,0.0550000000000023,0.05,335.7075481484565,normal_wald,Normal Wald,5000,5000,1.0,5000,1.0,0.9992322980549432,1.0000000000000002
CURVE_CURVE_C3_C3_same_balanced_i0p005_n1000_di0p05_scale2,C3_C3_same_balanced_i0p005_n1000,Near independence,2.0,2000,2000,0.0050000000000047,0.0550000000000023,0.05,335.7075481484565,simple_welch,Simple Welch,5000,5000,1.0,5000,1.0,0.9992322980549432,1.0000000000000002
CURVE_CURVE_C4_C4_s0p05_i0p0001_n500_di0p05_scale2,C4_C4_s0p05_i0p0001_n500,Rare-cell case B,2.0,1000,1000,9.999999999987796e-05,0.0500999999999998,0.05,1.731343085707219,constrained_lr,Constrained LR (chi-squared),5000,5000,1.0,5000,1.0,0.9992322980549432,1.0000000000000002
CURVE_CURVE_C4_C4_s0p05_i0p0001_n500_di0p05_scale2,C4_C4_s0p05_i0p0001_n500,Rare-cell case B,2.0,1000,1000,9.999999999987796e-05,0.0500999999999998,0.05,1.731343085707219,expanded_welch,Expanded Welch,5000,5000,1.0,4997,0.9994,0.9982372939514712,0.9997959253458056
CURVE_CURVE_C4_C4_s0p05_i0p0001_n500_di0p05_scale2,C4_C4_s0p05_i0p0001_n500,Rare-cell case B,2.0,1000,1000,9.999999999987796e-05,0.0500999999999998,0.05,1.731343085707219,normal_wald,Normal Wald,5000,5000,1.0,4998,0.9996,0.9985426134985768,0.9998902987179225
CURVE_CURVE_C4_C4_s0p05_i0p0001_n500_di0p05_scale2,C4_C4_s0p05_i0p0001_n500,Rare-cell case B,2.0,1000,1000,9.999999999987796e-05,0.0500999999999998,0.05,1.731343085707219,simple_welch,Simple Welch,5000,5000,1.0,4998,0.9996,0.9985426134985768,0.9998902987179225
CURVE_CURVE_C4_C4_s0p1_i0p0001_n100_di0p05_scale2,C4_C4_s0p1_i0p0001_n100,Rare-cell case A,2.0,200,200,0.0001000000000001,0.0501000000000001,0.05,1.650617827012156,constrained_lr,Constrained LR (chi-squared),5000,5000,1.0,3739,0.7478,0.7355756012062308,0.759643925709799
CURVE_CURVE_C4_C4_s0p1_i0p0001_n100_di0p05_scale2,C4_C4_s0p1_i0p0001_n100,Rare-cell case A,2.0,200,200,0.0001000000000001,0.0501000000000001,0.05,1.650617827012156,expanded_welch,Expanded Welch,5000,5000,1.0,2231,0.4462,0.4324679540087883,0.4600146507204999
CURVE_CURVE_C4_C4_s0p1_i0p0001_n100_di0p05_scale2,C4_C4_s0p1_i0p0001_n100,Rare-cell case A,2.0,200,200,0.0001000000000001,0.0501000000000001,0.05,1.650617827012156,normal_wald,Normal Wald,5000,5000,1.0,2786,0.5572,0.5433932528335728,0.5709189220639128
CURVE_CURVE_C4_C4_s0p1_i0p0001_n100_di0p05_scale2,C4_C4_s0p1_i0p0001_n100,Rare-cell case A,2.0,200,200,0.0001000000000001,0.0501000000000001,0.05,1.650617827012156,simple_welch,Simple Welch,5000,5000,1.0,2750,0.55,0.5361772866703911,0.5637459431351033
