configuration_id,constrained_lr,expanded_welch,normal_wald,simple_welch,configuration_label,sample_scale,mi_difference
CURVE_CURVE_C1_N0_n1000_di0p005_scale0p5,0.0514,0.0488,0.05,0.05,"Balanced, large sample",0.5,0.005
CURVE_CURVE_C1_N0_n1000_di0p005_scale1,0.0542,0.0526,0.0534,0.0532,"Balanced, large sample",1.0,0.005
CURVE_CURVE_C1_N0_n1000_di0p005_scale2,0.0638,0.0634,0.0634,0.0634,"Balanced, large sample",2.0,0.005
CURVE_CURVE_C1_N0_n1000_di0p05_scale0p5,0.4068,0.4016,0.4062,0.405,"Balanced, large sample",0.5,0.05
CURVE_CURVE_C1_N0_n1000_di0p05_scale1,0.6652,0.6626,0.6642,0.664,"Balanced, large sample",1.0,0.05
CURVE_CURVE_C1_N0_n1000_di0p05_scale2,0.932,0.9316,0.932,0.932,"Balanced, large sample",2.0,0.05
CURVE_CURVE_C1_N0_n10_di0p005_scale0p5,0.014,0.0,0.1734983766233766,0.1134334415584415,"Balanced, very small sample",0.5,0.005
CURVE_CURVE_C1_N0_n10_di0p005_scale1,0.0522208883553421,0.0424964073085608,0.1332932451393065,0.0948085788735217,"Balanced, very small sample",1.0,0.005
CURVE_CURVE_C1_N0_n10_di0p005_scale2,0.064,0.0578661844484629,0.0748,0.0664,"Balanced, very small sample",2.0,0.005
CURVE_CURVE_C1_N0_n10_di0p05_scale0p5,0.0108,0.0,0.2019854132901134,0.1241896272285251,"Balanced, very small sample",0.5,0.05
CURVE_CURVE_C1_N0_n10_di0p05_scale1,0.0706423854312587,0.0481028405556707,0.1538307260328921,0.1181307661452065,"Balanced, very small sample",1.0,0.05
CURVE_CURVE_C1_N0_n10_di0p05_scale2,0.0932186437287457,0.0887015853903271,0.1088217643528705,0.0972194438887777,"Balanced, very small sample",2.0,0.05
CURVE_CURVE_C1_N0_n50_di0p005_scale0p5,0.0634,0.0528,0.0632,0.0558,"Balanced, moderate sample",0.5,0.005
CURVE_CURVE_C1_N0_n50_di0p005_scale1,0.0544,0.0406162464985994,0.0484,0.0444,"Balanced, moderate sample",1.0,0.005
CURVE_CURVE_C1_N0_n50_di0p005_scale2,0.051,0.0392,0.0458,0.0446,"Balanced, moderate sample",2.0,0.005
CURVE_CURVE_C1_N0_n50_di0p05_scale0p5,0.0848,0.0734,0.089,0.0794,"Balanced, moderate sample",0.5,0.05
CURVE_CURVE_C1_N0_n50_di0p05_scale1,0.095,0.0762,0.09,0.0838,"Balanced, moderate sample",1.0,0.05
CURVE_CURVE_C1_N0_n50_di0p05_scale2,0.116,0.1056,0.1132,0.1116,"Balanced, moderate sample",2.0,0.05
CURVE_CURVE_C1_N3_n50_di0p005_scale0p5,0.0352,0.0190105854396197,0.0344206523914348,0.0296177706623974,One skewed population,0.5,0.005
CURVE_CURVE_C1_N3_n50_di0p005_scale1,0.047,0.0156783919597989,0.0322,0.0308,One skewed population,1.0,0.005
CURVE_CURVE_C1_N3_n50_di0p005_scale2,0.0558,0.0196,0.0304,0.028,One skewed population,2.0,0.005
CURVE_CURVE_C1_N3_n50_di0p05_scale0p5,0.0664,0.0411106328024106,0.0712,0.0604,One skewed population,0.5,0.05
CURVE_CURVE_C1_N3_n50_di0p05_scale1,0.1284,0.087945260615818,0.1278,0.1212,One skewed population,1.0,0.05
CURVE_CURVE_C1_N3_n50_di0p05_scale2,0.2164,0.1636,0.1994,0.1958,One skewed population,2.0,0.05
CURVE_CURVE_C1_N6_n100_di0p005_scale0p5,0.0146,0.0006543075245365,0.0060036021612967,0.0050030018010806,"Sparse, smaller sample",0.5,0.005
CURVE_CURVE_C1_N6_n100_di0p005_scale1,0.0086,0.0104754230459307,0.0846,0.0824,"Sparse, smaller sample",1.0,0.005
CURVE_CURVE_C1_N6_n100_di0p005_scale2,0.0126,0.068,0.2188,0.217,"Sparse, smaller sample",2.0,0.005
CURVE_CURVE_C1_N6_n200_di0p005_scale0p5,0.009,0.0138888888888888,0.0836,0.0812,"Sparse, larger sample",0.5,0.005
CURVE_CURVE_C1_N6_n200_di0p005_scale1,0.0132,0.0686,0.221,0.2194,"Sparse, larger sample",1.0,0.005
CURVE_CURVE_C1_N6_n200_di0p005_scale2,0.08,0.0944,0.267,0.2664,"Sparse, larger sample",2.0,0.005
CURVE_CURVE_C1_N7_n1000_di0p005_scale0p5,0.0462,0.0011307953260459,0.0029857112390701,0.0029857112390701,Ultra-rare categories,0.5,0.005
CURVE_CURVE_C1_N7_n1000_di0p005_scale1,0.1704,0.0077373974208675,0.0276442307692307,0.0276442307692307,Ultra-rare categories,1.0,0.005
CURVE_CURVE_C1_N7_n1000_di0p005_scale2,0.3744,0.0581395348837209,0.1362,0.136,Ultra-rare categories,2.0,0.005
CURVE_CURVE_C2_N0_np20_nq200_di0p005_scale0p5,0.0408,0.0509644670050761,0.2122,0.1926,"Balanced, unequal samples",0.5,0.005
CURVE_CURVE_C2_N0_np20_nq200_di0p005_scale1,0.0582,0.0516619943932719,0.17,0.1588,"Balanced, unequal samples",1.0,0.005
CURVE_CURVE_C2_N0_np20_nq200_di0p005_scale2,0.051,0.019,0.1096,0.1034,"Balanced, unequal samples",2.0,0.005
CURVE_CURVE_C2_N0_np20_nq200_di0p05_scale0p5,0.0456,0.0544093851132686,0.2606,0.245,"Balanced, unequal samples",0.5,0.05
CURVE_CURVE_C2_N0_np20_nq200_di0p05_scale1,0.0828,0.051503006012024,0.2212,0.2078,"Balanced, unequal samples",1.0,0.05
CURVE_CURVE_C2_N0_np20_nq200_di0p05_scale2,0.1024,0.0634,0.2156,0.2052,"Balanced, unequal samples",2.0,0.05
CURVE_CURVE_C2_N3_np500_nq50_di0p005_scale0p5,0.0332,0.0363007778738115,0.1924,0.1872,"Skewed, unequal samples",0.5,0.005
CURVE_CURVE_C2_N3_np500_nq50_di0p005_scale1,0.0488,0.0391881028938906,0.1508,0.1462,"Skewed, unequal samples",1.0,0.005
CURVE_CURVE_C2_N3_np500_nq50_di0p005_scale2,0.064,0.0282,0.1022,0.1004,"Skewed, unequal samples",2.0,0.005
CURVE_CURVE_C2_N3_np500_nq50_di0p05_scale0p5,0.1068,0.042216930071444,0.1524,0.1412,"Skewed, unequal samples",0.5,0.05
CURVE_CURVE_C2_N3_np500_nq50_di0p05_scale1,0.2082,0.0907995178786661,0.138,0.1282,"Skewed, unequal samples",1.0,0.05
CURVE_CURVE_C2_N3_np500_nq50_di0p05_scale2,0.3588,0.1974394878975795,0.2276,0.2212,"Skewed, unequal samples",2.0,0.05
CURVE_CURVE_C2_N5_np200_nq2000_di0p005_scale0p5,0.0124,0.2855266614131862,0.7084,0.7084,Rare and highly unequal,0.5,0.005
CURVE_CURVE_C2_N5_np200_nq2000_di0p005_scale1,0.0212,0.4209873992976657,0.4968,0.4968,Rare and highly unequal,1.0,0.005
CURVE_CURVE_C2_N5_np200_nq2000_di0p005_scale2,0.1458,0.2473979183346677,0.3086,0.3086,Rare and highly unequal,2.0,0.005
CURVE_CURVE_C3_C3_same_balanced_i0p005_n1000_di0p005_scale0p5,0.0964,0.0264,0.0502,0.0492,Near independence,0.5,0.005
CURVE_CURVE_C3_C3_same_balanced_i0p005_n1000_di0p005_scale1,0.1482,0.079,0.1112,0.111,Near independence,1.0,0.005
CURVE_CURVE_C3_C3_same_balanced_i0p005_n1000_di0p005_scale2,0.2652,0.2162,0.2438,0.2438,Near independence,2.0,0.005
CURVE_CURVE_C3_C3_same_balanced_i0p005_n1000_di0p05_scale0p5,0.9592,0.941,0.9522,0.9516,Near independence,0.5,0.05
CURVE_CURVE_C3_C3_same_balanced_i0p005_n1000_di0p05_scale1,0.999,0.999,0.999,0.999,Near independence,1.0,0.05
CURVE_CURVE_C3_C3_same_balanced_i0p005_n1000_di0p05_scale2,1.0,1.0,1.0,1.0,Near independence,2.0,0.05
CURVE_CURVE_C4_C4_s0p05_i0p0001_n500_di0p005_scale0p5,0.0458,0.0018036072144288,0.0164,0.0154,Rare-cell case B,0.5,0.005
CURVE_CURVE_C4_C4_s0p05_i0p0001_n500_di0p005_scale1,0.1102,0.004,0.0248,0.0248,Rare-cell case B,1.0,0.005
CURVE_CURVE_C4_C4_s0p05_i0p0001_n500_di0p005_scale2,0.304,0.0224,0.0714,0.0702,Rare-cell case B,2.0,0.005
CURVE_CURVE_C4_C4_s0p05_i0p0001_n500_di0p05_scale0p5,0.824,0.5151332932451393,0.622,0.6168,Rare-cell case B,0.5,0.05
CURVE_CURVE_C4_C4_s0p05_i0p0001_n500_di0p05_scale1,0.9844,0.9278,0.9582,0.9578,Rare-cell case B,1.0,0.05
CURVE_CURVE_C4_C4_s0p05_i0p0001_n500_di0p05_scale2,1.0,0.9994,0.9996,0.9996,Rare-cell case B,2.0,0.05
CURVE_CURVE_C4_C4_s0p1_i0p0001_n100_di0p005_scale0p5,0.0138,0.0004439511653718,0.0044008801760352,0.0032006401280256,Rare-cell case A,0.5,0.005
CURVE_CURVE_C4_C4_s0p1_i0p0001_n100_di0p005_scale1,0.0152,0.002820874471086,0.042008401680336,0.0394078815763152,Rare-cell case A,1.0,0.005
CURVE_CURVE_C4_C4_s0p1_i0p0001_n100_di0p005_scale2,0.0288,0.0064,0.0278,0.0276,Rare-cell case A,2.0,0.005
CURVE_CURVE_C4_C4_s0p1_i0p0001_n100_di0p05_scale0p5,0.187,0.0460859977949283,0.0858171634326865,0.0746149229845969,Rare-cell case A,0.5,0.05
CURVE_CURVE_C4_C4_s0p1_i0p0001_n100_di0p05_scale1,0.3924,0.1722613065326633,0.2548509701940388,0.2468493698739748,Rare-cell case A,1.0,0.05
CURVE_CURVE_C4_C4_s0p1_i0p0001_n100_di0p05_scale2,0.7478,0.4462,0.5572,0.55,Rare-cell case A,2.0,0.05
