scenario_seed,scenario_id,scenario_key,subset,replicate,profile_seconds,wald_seconds,permutation_seconds,permutations,student_perm_analytic_p
2026072501,random_2x2_d0,2026072501:random_2x2_d0,easy,0,0.029958250001072884,0.0003933749394491315,0.0023334170691668987,999,0.965
2026072501,random_2x2_d0,2026072501:random_2x2_d0,easy,1,0.029590458958409727,0.00018429197371006012,0.002435083966702223,999,0.151
2026072501,random_2x2_d0,2026072501:random_2x2_d0,easy,2,0.03535687492694706,0.00033316598273813725,0.0024234160082414746,999,0.104
2026072501,random_2x2_d0,2026072501:random_2x2_d0,easy,3,0.03111170802731067,0.00015883403830230236,0.002408374915830791,999,0.308
2026072501,random_2x2_d0,2026072501:random_2x2_d0,easy,4,0.028041125042364,0.00015487498603761196,0.0024207079550251365,999,0.342
2026072501,random_2x2_d0,2026072501:random_2x2_d0,easy,5,0.021613833028823137,0.00015504099428653717,0.002400958095677197,999,0.964
2026072501,random_2x2_d0,2026072501:random_2x2_d0,easy,6,0.027805750025436282,0.00015141605399549007,0.002567790914326906,999,0.082
2026072501,random_2x2_d0,2026072501:random_2x2_d0,easy,7,0.02754437504336238,0.0001823750790208578,0.0024318749783560634,999,0.337
2026072501,random_2x2_d0,2026072501:random_2x2_d0,easy,8,0.024846124928444624,0.0001527499407529831,0.0025420410092920065,999,0.981
2026072501,random_2x2_d0,2026072501:random_2x2_d0,easy,9,0.025483708013780415,0.0001668339828029275,0.002414249931462109,999,0.483
2026072501,random_3x3_d0,2026072501:random_3x3_d0,easy,0,0.06312554096803069,0.00032116693910211325,0.00482687505427748,999,0.674
2026072501,random_3x3_d0,2026072501:random_3x3_d0,easy,1,0.07417787506710738,0.0002504159929230809,0.004405542043969035,999,0.383
2026072501,random_3x3_d0,2026072501:random_3x3_d0,easy,2,0.0671281669056043,0.00017312506679445505,0.00397874996997416,999,0.482
2026072501,random_3x3_d0,2026072501:random_3x3_d0,easy,3,0.06628637493122369,0.000150916981510818,0.00424512499012053,999,0.924
2026072501,random_3x3_d0,2026072501:random_3x3_d0,easy,4,0.05965787498280406,0.00017229095101356506,0.0041955841006711125,999,0.573
2026072501,random_3x3_d0,2026072501:random_3x3_d0,easy,5,0.06279041699599475,0.0002180419396609068,0.003913708031177521,999,0.274
2026072501,random_3x3_d0,2026072501:random_3x3_d0,easy,6,0.06090012495405972,0.00015537498984485865,0.004275082959793508,999,0.329
2026072501,random_3x3_d0,2026072501:random_3x3_d0,easy,7,0.05722924997098744,0.00016774993855506182,0.003799416939727962,999,0.375
2026072501,random_3x3_d0,2026072501:random_3x3_d0,easy,8,0.05925670906435698,0.00016966601833701134,0.0037663329858332872,999,0.85
2026072501,random_3x3_d0,2026072501:random_3x3_d0,easy,9,0.06273941695690155,0.00014095893129706383,0.004405582905746996,999,0.621
2026072501,random_3x3_d4,2026072501:random_3x3_d4,hard,0,0.31369741610251367,0.00030941690783947706,0.0038345829816535115,999,0.239
2026072501,random_3x3_d4,2026072501:random_3x3_d4,hard,1,0.08120670798234642,0.00016425002831965685,0.0033294999739155173,999,0.286
2026072501,random_3x3_d4,2026072501:random_3x3_d4,hard,2,0.06713116599712521,0.00014275009743869305,0.0032447080593556166,999,0.654
2026072501,random_3x3_d4,2026072501:random_3x3_d4,hard,3,0.06611512508243322,0.0001378749730065465,0.003393709077499807,999,0.805
2026072501,random_3x3_d4,2026072501:random_3x3_d4,hard,4,0.08668554201722145,0.00021879200357943773,0.0032401669304817915,999,0.411
2026072501,random_3x3_d4,2026072501:random_3x3_d4,hard,5,0.07943499996326864,0.0001457909820601344,0.0032683750614523888,999,0.54
2026072501,random_3x3_d4,2026072501:random_3x3_d4,hard,6,0.08943016594275832,0.00013800000306218863,0.0034034589771181345,999,0.119
2026072501,random_3x3_d4,2026072501:random_3x3_d4,hard,7,0.06642087490763515,0.0001645419979467988,0.0032568330643698573,999,0.554
2026072501,random_3x3_d4,2026072501:random_3x3_d4,hard,8,0.09081387496553361,0.0001412919955328107,0.0032720830058678985,999,0.567
2026072501,random_3x3_d4,2026072501:random_3x3_d4,hard,9,0.08213274995796382,0.0003139590844511986,0.0033809159649536014,999,0.295
2026072501,random_2x5_d2,2026072501:random_2x5_d2,hard,0,0.11283729202114046,0.0003320830874145031,0.0044929590076208115,999,0.497
2026072501,random_2x5_d2,2026072501:random_2x5_d2,hard,1,0.10968066705390811,0.00020708399824798107,0.004244250012561679,999,0.598
2026072501,random_2x5_d2,2026072501:random_2x5_d2,hard,2,0.1022797079058364,0.00021383294370025396,0.003320957999676466,999,0.51
2026072501,random_2x5_d2,2026072501:random_2x5_d2,hard,3,0.0979896659264341,0.00013450009282678366,0.003562666941434145,999,0.309
2026072501,random_2x5_d2,2026072501:random_2x5_d2,hard,4,0.09795720898546278,0.0001590420724824071,0.0033637500600889325,999,0.294
2026072501,random_2x5_d2,2026072501:random_2x5_d2,hard,5,0.09467529191169888,0.00013545795809477568,0.0037693330086767673,999,0.604
2026072501,random_2x5_d2,2026072501:random_2x5_d2,hard,6,0.09979720797855407,0.0001627081073820591,0.0033337499480694532,999,0.377
2026072501,random_2x5_d2,2026072501:random_2x5_d2,hard,7,0.09787795797456056,0.00013504200614988804,0.0035334170097485185,999,0.295
2026072501,random_2x5_d2,2026072501:random_2x5_d2,hard,8,0.09844754100777209,0.00016187503933906555,0.003369875019416213,999,0.167
2026072501,random_2x5_d2,2026072501:random_2x5_d2,hard,9,0.09298725007101893,0.00014062505215406418,0.003532457980327308,999,0.326
2026072501,random_4x6_d0,2026072501:random_4x6_d0,easy,0,0.19283333397470415,0.00027062499430030584,0.007552416063845158,999,0.616
2026072501,random_4x6_d0,2026072501:random_4x6_d0,easy,1,0.18447683297563344,0.00023470795713365078,0.006911457981914282,999,0.103
2026072501,random_4x6_d0,2026072501:random_4x6_d0,easy,2,0.18723187502473593,0.00019920803606510162,0.0070986669743433595,999,0.133
2026072501,random_4x6_d0,2026072501:random_4x6_d0,easy,3,0.18393275002017617,0.000200208043679595,0.0070405000587925315,999,0.301
2026072501,random_4x6_d0,2026072501:random_4x6_d0,easy,4,0.18579458398744464,0.00019837496802210808,0.006107957917265594,999,0.116
2026072501,random_4x6_d0,2026072501:random_4x6_d0,easy,5,0.1808879169402644,0.0001650830963626504,0.007061499985866249,999,0.487
2026072501,random_4x6_d0,2026072501:random_4x6_d0,easy,6,0.24899941706098616,0.00019829196389764547,0.006377749959938228,999,0.771
2026072501,random_4x6_d0,2026072501:random_4x6_d0,easy,7,0.2876619999296963,0.0001439159968867898,0.006986082997173071,999,0.519
2026072501,random_4x6_d0,2026072501:random_4x6_d0,easy,8,0.1742223750334233,0.00019416597206145525,0.005986582953482866,999,0.022
2026072501,random_4x6_d0,2026072501:random_4x6_d0,easy,9,0.41165158397052437,0.00021199998445808887,0.006853458005934954,999,0.745
2026072601,random_2x2_d0,2026072601:random_2x2_d0,easy,0,0.02206533297430724,0.0002639159793034196,0.0023817919427528977,999,0.358
2026072601,random_2x2_d0,2026072601:random_2x2_d0,easy,1,0.021262957947328687,0.00016300007700920105,0.0022247909801080823,999,0.834
2026072601,random_2x2_d0,2026072601:random_2x2_d0,easy,2,0.021925749955698848,0.00015012500807642937,0.0019460419425740838,999,0.068
2026072601,random_2x2_d0,2026072601:random_2x2_d0,easy,3,0.02301391598302871,0.00013941596262156963,0.0019377919379621744,999,0.001
2026072601,random_2x2_d0,2026072601:random_2x2_d0,easy,4,0.022446540999226272,0.00012933299876749516,0.0021947079803794622,999,0.654
2026072601,random_2x2_d0,2026072601:random_2x2_d0,easy,5,0.021001792047172785,0.00012266705743968487,0.0022154999896883965,999,0.001
2026072601,random_2x2_d0,2026072601:random_2x2_d0,easy,6,0.021396624972112477,0.00012454099487513304,0.0022063329815864563,999,0.067
2026072601,random_2x2_d0,2026072601:random_2x2_d0,easy,7,0.02240645792335272,0.0001332079991698265,0.002221417031250894,999,0.004
2026072601,random_2x2_d0,2026072601:random_2x2_d0,easy,8,0.026310916990041733,0.00016050005797296762,0.0031158330384641886,999,1.0
2026072601,random_2x2_d0,2026072601:random_2x2_d0,easy,9,0.027218167087994516,0.0001974579645320773,0.0024948749924078584,999,0.626
2026072501,random_4x6_d5,2026072501:random_4x6_d5,hard,0,0.4515017500380054,0.0002702920464798808,0.007070749998092651,999,0.532
2026072501,random_4x6_d5,2026072501:random_4x6_d5,hard,1,0.16241008299402893,0.00017416698392480612,0.006896749953739345,999,0.73
2026072501,random_4x6_d5,2026072501:random_4x6_d5,hard,2,0.7098835828946903,0.00014895806089043617,0.006898500025272369,999,0.826
2026072501,random_4x6_d5,2026072501:random_4x6_d5,hard,3,0.1678189169615507,0.00015079102013260126,0.00793383305426687,999,0.69
2026072501,random_4x6_d5,2026072501:random_4x6_d5,hard,4,0.42995604197494686,0.0002013340126723051,0.006808375008404255,999,0.449
2026072501,random_4x6_d5,2026072501:random_4x6_d5,hard,5,0.2483009579591453,0.00014395802281796932,0.00688274996355176,999,0.544
2026072501,random_4x6_d5,2026072501:random_4x6_d5,hard,6,0.4382199998944998,0.0001501670340076089,0.006788125028833747,999,0.658
2026072501,random_4x6_d5,2026072501:random_4x6_d5,hard,7,0.13978354108985513,0.00014895806089043617,0.0060882080579176545,999,0.938
2026072501,random_4x6_d5,2026072501:random_4x6_d5,hard,8,0.28230820898897946,0.00012883299496024847,0.00691379199270159,999,0.598
2026072501,random_4x6_d5,2026072501:random_4x6_d5,hard,9,0.15399445802904665,0.00017883407417684793,0.006899666972458363,999,0.098
2026072601,random_2x5_d2,2026072601:random_2x5_d2,hard,0,0.08953687502071261,0.00025291694328188896,0.003142625093460083,999,0.514
2026072601,random_2x5_d2,2026072601:random_2x5_d2,hard,1,0.053719458053819835,0.00012987502850592136,0.0030898749828338623,999,0.461
2026072601,random_2x5_d2,2026072601:random_2x5_d2,hard,2,0.05339224997442216,0.0001177910016849637,0.003114416031166911,999,0.973
2026072601,random_2x5_d2,2026072601:random_2x5_d2,hard,3,0.060750833014026284,0.00012745894491672516,0.0031128330156207085,999,0.917
2026072601,random_2x5_d2,2026072601:random_2x5_d2,hard,4,0.053141667041927576,0.00011695793364197016,0.003449999960139394,999,0.543
2026072601,random_2x5_d2,2026072601:random_2x5_d2,hard,5,0.055771333049051464,0.00013541709631681442,0.00311683292966336,999,0.687
2026072601,random_2x5_d2,2026072601:random_2x5_d2,hard,6,0.05649975000414997,0.00012858293484896421,0.003228166955523193,999,0.274
2026072601,random_2x5_d2,2026072601:random_2x5_d2,hard,7,0.05541499995160848,0.0001279159914702177,0.003138249972835183,999,0.004
2026072601,random_2x5_d2,2026072601:random_2x5_d2,hard,8,0.05436849989928305,0.00011408398859202862,0.00309908390045166,999,0.738
2026072601,random_2x5_d2,2026072601:random_2x5_d2,hard,9,0.05437725002411753,0.00012187508400529623,0.0031232499750331044,999,0.08
2026072501,random_5x5_d0,2026072501:random_5x5_d0,easy,0,0.20176916697528213,0.0001865830272436142,0.006781792035326362,999,0.175
2026072501,random_5x5_d0,2026072501:random_5x5_d0,easy,1,0.17755804199259728,0.00019537494517862797,0.006458165938965976,999,0.575
2026072501,random_5x5_d0,2026072501:random_5x5_d0,easy,2,0.2576274579623714,0.00015679106581956148,0.006533124949783087,999,0.582
2026072501,random_5x5_d0,2026072501:random_5x5_d0,easy,3,0.22633049997966737,0.000169374980032444,0.006760457996279001,999,0.261
2026072501,random_5x5_d0,2026072501:random_5x5_d0,easy,4,0.17416316701564938,0.0001705000177025795,0.006514124921523035,999,0.987
2026072501,random_5x5_d0,2026072501:random_5x5_d0,easy,5,0.182413165923208,0.00024862494319677353,0.006218750029802322,999,0.177
2026072501,random_5x5_d0,2026072501:random_5x5_d0,easy,6,0.19682920805644244,0.00017258303705602884,0.0065119999926537275,999,0.308
2026072501,random_5x5_d0,2026072501:random_5x5_d0,easy,7,0.17753470793832093,0.00014358398038893938,0.0062767500057816505,999,0.038
2026072501,random_5x5_d0,2026072501:random_5x5_d0,easy,8,0.1751456669298932,0.00017016695346683264,0.006533500039950013,999,0.295
2026072501,random_5x5_d0,2026072501:random_5x5_d0,easy,9,0.22507975006010383,0.00017312495037913322,0.006478208000771701,999,0.988
2026072601,random_3x3_d0,2026072601:random_3x3_d0,easy,0,0.09179566707462072,0.0002746250247582793,0.0052325420547276735,999,0.827
2026072601,random_3x3_d0,2026072601:random_3x3_d0,easy,1,0.09399283397942781,0.00047504203394055367,0.004656625096686184,999,0.674
2026072601,random_3x3_d0,2026072601:random_3x3_d0,easy,2,0.08248283399734646,0.0002959169214591384,0.0045739999040961266,999,0.247
2026072601,random_3x3_d0,2026072601:random_3x3_d0,easy,3,0.09028337500058115,0.00021229195408523083,0.005067207966931164,999,0.023
2026072601,random_3x3_d0,2026072601:random_3x3_d0,easy,4,0.08570962504018098,0.00038679095450788736,0.004590291995555162,999,0.294
2026072601,random_3x3_d0,2026072601:random_3x3_d0,easy,5,0.08611208305228502,0.0002359999343752861,0.004494416993111372,999,0.415
2026072601,random_3x3_d0,2026072601:random_3x3_d0,easy,6,0.07756745896767825,0.00024629198014736176,0.004910541931167245,999,0.226
2026072601,random_3x3_d0,2026072601:random_3x3_d0,easy,7,0.10144100000616163,0.00021658302284777164,0.005081000039353967,999,0.623
2026072601,random_3x3_d0,2026072601:random_3x3_d0,easy,8,0.08463533304166049,0.0003025410696864128,0.005074291955679655,999,0.517
2026072601,random_3x3_d0,2026072601:random_3x3_d0,easy,9,0.08696679095737636,0.00025033310521394014,0.004490916035138071,999,0.881
2026072601,random_3x3_d4,2026072601:random_3x3_d4,hard,0,0.05785570899024606,0.00025687506422400475,0.004194249981082976,999,0.273
2026072601,random_3x3_d4,2026072601:random_3x3_d4,hard,1,0.06325862498488277,0.0002615000121295452,0.004258208908140659,999,0.548
2026072601,random_3x3_d4,2026072601:random_3x3_d4,hard,2,0.06159229204058647,0.0002435420174151659,0.004482500022277236,999,0.384
2026072601,random_3x3_d4,2026072601:random_3x3_d4,hard,3,0.05596283299382776,0.0002612919779494405,0.0037709999596700072,999,0.984
2026072601,random_3x3_d4,2026072601:random_3x3_d4,hard,4,0.06957379204686731,0.00016541697550565004,0.004015791928395629,999,0.003
2026072601,random_3x3_d4,2026072601:random_3x3_d4,hard,5,0.05790583393536508,0.00019950000569224358,0.004241999937221408,999,0.017
2026072601,random_3x3_d4,2026072601:random_3x3_d4,hard,6,0.10158066707663238,0.00023875001352280378,0.003951375023461878,999,0.406
2026072601,random_3x3_d4,2026072601:random_3x3_d4,hard,7,0.05559708294458687,0.00016620801761746407,0.003969125100411475,999,0.38
2026072601,random_3x3_d4,2026072601:random_3x3_d4,hard,8,0.05549041694030166,0.00019687507301568985,0.003568958956748247,999,0.033
2026072601,random_3x3_d4,2026072601:random_3x3_d4,hard,9,0.052233666996471584,0.0001771249808371067,0.0036124170292168856,999,0.601
2026072601,random_4x6_d0,2026072601:random_4x6_d0,easy,0,0.24284358299337327,0.0002645830390974879,0.0065048340475186706,999,0.89
2026072601,random_4x6_d0,2026072601:random_4x6_d0,easy,1,0.17236658290494233,0.0001502500381320715,0.006446250015869737,999,0.991
2026072601,random_4x6_d0,2026072601:random_4x6_d0,easy,2,0.19973662495613098,0.0001831249101087451,0.00623654096852988,999,0.494
2026072601,random_4x6_d0,2026072601:random_4x6_d0,easy,3,0.18572712503373623,0.00015004200395196676,0.006222291965968907,999,0.434
2026072601,random_4x6_d0,2026072601:random_4x6_d0,easy,4,0.21070337505079806,0.00018383294809609652,0.006450457964092493,999,0.919
2026072601,random_4x6_d0,2026072601:random_4x6_d0,easy,5,0.18563470896333456,0.00019816705025732517,0.00627716607414186,999,0.032
2026072601,random_4x6_d0,2026072601:random_4x6_d0,easy,6,0.16463574999943376,0.0001775830751284957,0.0066215419210493565,999,0.972
2026072601,random_4x6_d0,2026072601:random_4x6_d0,easy,7,0.4519560410408303,0.00018295901827514172,0.0064254580065608025,999,0.686
2026072601,random_4x6_d0,2026072601:random_4x6_d0,easy,8,0.18354574998375028,0.00014916702639311552,0.006469415966421366,999,0.639
2026072601,random_4x6_d0,2026072601:random_4x6_d0,easy,9,0.179615666042082,0.00017325009685009718,0.0063158340053632855,999,0.587
2026072601,random_4x6_d5,2026072601:random_4x6_d5,hard,0,0.5393182499101385,0.00034558307379484177,0.007081874995492399,999,0.856
2026072601,random_4x6_d5,2026072601:random_4x6_d5,hard,1,0.3137769589666277,0.00014358304906636477,0.007497375016100705,999,0.381
2026072601,random_4x6_d5,2026072601:random_4x6_d5,hard,2,0.16598820802755654,0.00017574999947100878,0.0068575829500332475,999,0.62
2026072601,random_4x6_d5,2026072601:random_4x6_d5,hard,3,0.3360182500910014,0.0001753329997882247,0.00668670900631696,999,0.393
2026072601,random_4x6_d5,2026072601:random_4x6_d5,hard,4,0.1759867500513792,0.0001521669328212738,0.007414208026602864,999,0.721
2026072601,random_4x6_d5,2026072601:random_4x6_d5,hard,5,0.16704474994912744,0.00017066695727407932,0.007300041965208948,999,0.563
2026072601,random_4x6_d5,2026072601:random_4x6_d5,hard,6,0.48293287493288517,0.00018266600091010332,0.007319374941289425,999,0.716
2026072601,random_4x6_d5,2026072601:random_4x6_d5,hard,7,0.3465407920302823,0.00019187491852790117,0.008362709078937769,999,0.843
2026072601,random_4x6_d5,2026072601:random_4x6_d5,hard,8,0.17285466694738716,0.00020562508143484592,0.007377417059615254,999,0.05
2026072601,random_4x6_d5,2026072601:random_4x6_d5,hard,9,0.4117487500188872,0.00021062500309199095,0.0072699160082265735,999,0.828
2026072601,random_5x5_d0,2026072601:random_5x5_d0,easy,0,0.17146612494252622,0.0002542500151321292,0.006274415994994342,999,0.67
2026072601,random_5x5_d0,2026072601:random_5x5_d0,easy,1,0.16020720801316202,0.00014300004113465548,0.005987874930724502,999,0.927
2026072601,random_5x5_d0,2026072601:random_5x5_d0,easy,2,0.14587429200764745,0.00013399997260421515,0.0060356250032782555,999,0.777
2026072601,random_5x5_d0,2026072601:random_5x5_d0,easy,3,0.15728345897514373,0.00012116599828004837,0.006070957984775305,999,0.497
2026072601,random_5x5_d0,2026072601:random_5x5_d0,easy,4,0.30552412499673665,0.00011479109525680542,0.006003624992445111,999,0.235
2026072601,random_5x5_d0,2026072601:random_5x5_d0,easy,5,0.15541574999224395,0.00014350004494190216,0.00601708295289427,999,0.441
2026072601,random_5x5_d0,2026072601:random_5x5_d0,easy,6,0.17774020798970014,0.00011445803102105856,0.006136292009614408,999,0.429
2026072601,random_5x5_d0,2026072601:random_5x5_d0,easy,7,0.4024951249593869,0.00012250000145286322,0.0062994579784572124,999,0.543
2026072601,random_5x5_d0,2026072601:random_5x5_d0,easy,8,0.1512190829962492,0.00012087495997548103,0.005923207965679467,999,0.606
2026072601,random_5x5_d0,2026072601:random_5x5_d0,easy,9,0.16674262494780123,0.00014224997721612453,0.005928457947447896,999,0.03
2026072501,random_5x10_d5,2026072501:random_5x10_d5,hard,0,0.44146900007035583,0.00029570795595645905,0.012286541983485222,999,0.901
2026072501,random_5x10_d5,2026072501:random_5x10_d5,hard,1,0.36058679199777544,0.0001735000405460596,0.012218625051900744,999,0.797
2026072501,random_5x10_d5,2026072501:random_5x10_d5,hard,2,0.42585708398837596,0.00016895902808755636,0.011183417052961886,999,0.543
2026072501,random_5x10_d5,2026072501:random_5x10_d5,hard,3,0.43726079096086323,0.00018954207189381123,0.01209070801269263,999,0.234
2026072501,random_5x10_d5,2026072501:random_5x10_d5,hard,4,0.35756879090331495,0.00018712494056671858,0.012250624946318567,999,0.977
2026072501,random_5x10_d5,2026072501:random_5x10_d5,hard,5,0.39288412500172853,0.00019441591575741768,0.012033874983899295,999,0.375
2026072501,random_5x10_d5,2026072501:random_5x10_d5,hard,6,0.7039815420284867,0.0001978330546990037,0.012281165923923254,999,0.838
2026072501,random_5x10_d5,2026072501:random_5x10_d5,hard,7,0.4454090839717537,0.00018116598948836327,0.01231804199051112,999,0.519
2026072501,random_5x10_d5,2026072501:random_5x10_d5,hard,8,0.3731781248934567,0.00017625000327825546,0.011903833015821874,999,0.239
2026072501,random_5x10_d5,2026072501:random_5x10_d5,hard,9,0.38435395807027817,0.00017054204363375902,0.01163558301050216,999,0.547
2026072601,random_5x10_d5,2026072601:random_5x10_d5,hard,0,0.3378509999020025,0.00026524998247623444,0.011186707997694612,999,0.88
2026072601,random_5x10_d5,2026072601:random_5x10_d5,hard,1,0.3420957080088556,0.00014074996579438448,0.010789791936986148,999,0.665
2026072601,random_5x10_d5,2026072601:random_5x10_d5,hard,2,0.35727766703348607,0.00012429198250174522,0.01118604198563844,999,0.745
2026072601,random_5x10_d5,2026072601:random_5x10_d5,hard,3,0.32995691697578877,0.00018808303866535425,0.011099040973931551,999,0.029
2026072601,random_5x10_d5,2026072601:random_5x10_d5,hard,4,0.35069516696967185,0.00015491701196879148,0.011015874915756285,999,0.427
2026072601,random_5x10_d5,2026072601:random_5x10_d5,hard,5,0.4246583749772981,0.0001593329943716526,0.010200834018178284,999,0.711
2026072601,random_5x10_d5,2026072601:random_5x10_d5,hard,6,0.6207138750469312,0.00014474999625235796,0.011084500001743436,999,0.756
2026072601,random_5x10_d5,2026072601:random_5x10_d5,hard,7,0.5805824999697506,0.00015075004193931818,0.010117916041053832,999,0.302
2026072601,random_5x10_d5,2026072601:random_5x10_d5,hard,8,0.4046594169922173,0.0001516249030828476,0.010874166968278587,999,0.433
2026072601,random_5x10_d5,2026072601:random_5x10_d5,hard,9,0.41776416602078825,0.000219042063690722,0.011060707969591022,999,0.846
