scenario_seed,scenario_id,rows,columns,n_p,n_q,target_mi,replicates,invalid_rate,fallback_rate,clipped_rate,median_root_iterations,median_saddlepoint_ms,p95_saddlepoint_ms,wald_analytic_valid_n,wald_analytic_fpr_10,wald_analytic_fpr_05,influence_saddlepoint_valid_n,influence_saddlepoint_fpr_10,influence_saddlepoint_fpr_05,route_lugannani_rice_rate,route_normal_near_mean_rate,route_normal_numerical_fallback_rate
2026072501,random_2x2_d0,2,2,400,400,0.03,2000,0.0,0.0005,0.0,6.0,0.6777500384487212,0.7705618685577065,2000,0.0995,0.0495,2000,0.0995,0.0505,0.9995,0.0005,0.0
2026072501,random_2x2_d1,2,2,200,400,0.07,2000,0.0,0.0,0.0,5.0,0.6278540240600705,0.7438791915774345,2000,0.107,0.051,2000,0.1065,0.053,1.0,0.0,0.0
2026072501,random_2x2_d2,2,2,120,480,0.15,2000,0.0,0.0,0.0,6.0,0.652062997687608,0.7543331477791071,2000,0.1,0.052,2000,0.1035,0.0535,1.0,0.0,0.0
2026072501,random_2x2_d3,2,2,800,800,0.03,2000,0.0,0.0,0.0,6.0,0.6493749679066241,0.7319295953493565,2000,0.092,0.0445,2000,0.091,0.045,1.0,0.0,0.0
2026072501,random_2x2_d4,2,2,120,240,0.07,2000,0.0,0.0,0.0,6.0,0.6622079527005553,0.7473833742551506,2000,0.124,0.06,2000,0.126,0.064,1.0,0.0,0.0
2026072501,random_2x2_d5,2,2,120,480,0.15,2000,0.0,0.0005,0.0,6.0,0.6587709649465978,0.7570880930870771,2000,0.097,0.054,2000,0.103,0.0535,0.9995,0.0005,0.0
2026072501,random_2x5_d0,2,5,1000,1000,0.03,2000,0.0,0.0,0.0,5.0,0.643895473331213,0.7282142876647413,2000,0.0985,0.047,2000,0.099,0.0475,1.0,0.0,0.0
2026072501,random_2x5_d1,2,5,500,1000,0.07,2000,0.0,0.0,0.0,5.0,0.6238960195332766,0.7223749998956919,2000,0.09,0.042,2000,0.092,0.0435,1.0,0.0,0.0
2026072501,random_2x5_d2,2,5,250,1000,0.15,2000,0.0,0.0,0.0,6.0,0.6608754629269242,0.7561271777376533,2000,0.102,0.0525,2000,0.1025,0.053,1.0,0.0,0.0
2026072501,random_2x5_d3,2,5,2000,2000,0.03,2000,0.0,0.0,0.0,5.0,0.6407085456885397,0.7216353376861662,2000,0.103,0.0485,2000,0.103,0.049,1.0,0.0,0.0
2026072501,random_2x5_d4,2,5,200,400,0.07,2000,0.0,0.0,0.0,5.0,0.6477704737335443,0.7514243188779801,2000,0.0885,0.047,2000,0.089,0.049,1.0,0.0,0.0
2026072501,random_2x5_d5,2,5,120,480,0.15,2000,0.0,0.0,0.0,6.0,0.6673545576632023,0.756965164327994,2000,0.103,0.051,2000,0.1015,0.052,1.0,0.0,0.0
2026072501,random_3x3_d0,3,3,900,900,0.03,2000,0.0,0.0,0.0,5.0,0.6549580139108002,0.730865279911086,2000,0.0895,0.043,2000,0.0895,0.0435,1.0,0.0,0.0
2026072501,random_3x3_d1,3,3,450,900,0.07,2000,0.0,0.0,0.0,5.0,0.6582295172847807,0.7420902489684522,2000,0.0985,0.0475,2000,0.099,0.0475,1.0,0.0,0.0
2026072501,random_3x3_d2,3,3,225,900,0.15,2000,0.0,0.0,0.0,6.0,0.6719999946653843,0.7714211998973042,2000,0.1,0.051,2000,0.0985,0.0535,1.0,0.0,0.0
2026072501,random_3x3_d3,3,3,1800,1800,0.03,2000,0.0,0.0,0.0,5.0,0.6571455160155892,0.7397694105748087,2000,0.0885,0.0435,2000,0.088,0.0415,1.0,0.0,0.0
2026072501,random_3x3_d4,3,3,180,360,0.07,2000,0.0,0.0,0.0,5.0,0.6444375612773001,0.7576353789772838,2000,0.105,0.0595,2000,0.1075,0.0605,1.0,0.0,0.0
2026072501,random_3x3_d5,3,3,120,480,0.15,2000,0.0,0.0,0.0,6.0,0.6686045089736581,0.7677520683500916,2000,0.1125,0.0625,2000,0.116,0.0665,1.0,0.0,0.0
2026072501,random_3x7_d0,3,7,2100,2100,0.03,2000,0.0,0.0,0.0,5.0,0.643812061753124,0.7259294972755014,2000,0.0865,0.041,2000,0.087,0.041,1.0,0.0,0.0
2026072501,random_3x7_d1,3,7,1050,2100,0.07,2000,0.0,0.0,0.0,5.0,0.6415625102818012,0.7406711403746158,2000,0.0875,0.044,2000,0.0875,0.044,1.0,0.0,0.0
2026072501,random_3x7_d2,3,7,525,2100,0.15,2000,0.0,0.0,0.0,5.0,0.6590004777535796,0.7624601770658046,2000,0.095,0.053,2000,0.096,0.052,1.0,0.0,0.0
2026072501,random_3x7_d3,3,7,4200,4200,0.03,2000,0.0,0.0,0.0,5.0,0.6626039976254106,0.7799399027135223,2000,0.104,0.0505,2000,0.104,0.0505,1.0,0.0,0.0
2026072501,random_3x7_d4,3,7,420,840,0.07,2000,0.0,0.0005,0.0,5.0,0.6459584692493081,0.7490548188798128,2000,0.094,0.047,2000,0.096,0.0475,0.9995,0.0005,0.0
2026072501,random_3x7_d5,3,7,210,840,0.15,2000,0.0,0.0005,0.0,5.0,0.6594795268028975,0.7702909642830491,2000,0.125,0.066,2000,0.126,0.0655,0.9995,0.0005,0.0
2026072501,random_4x6_d0,4,6,2400,2400,0.03,2000,0.0,0.0,0.0,5.0,0.6582709611393511,0.7382993528153747,2000,0.0915,0.0475,2000,0.0915,0.0475,1.0,0.0,0.0
2026072501,random_4x6_d1,4,6,1200,2400,0.07,2000,0.0,0.0,0.0,5.0,0.6624165107496083,0.7483086141292006,2000,0.095,0.0475,2000,0.095,0.0475,1.0,0.0,0.0
2026072501,random_4x6_d2,4,6,600,2400,0.15,2000,0.0,0.0,0.0,5.0,0.6588750402443111,0.7685104792471975,2000,0.109,0.058,2000,0.1085,0.0575,1.0,0.0,0.0
2026072501,random_4x6_d3,4,6,4800,4800,0.03,2000,0.0,0.0,0.0,5.0,0.6633754819631577,0.7689312507864087,2000,0.092,0.0445,2000,0.092,0.0445,1.0,0.0,0.0
2026072501,random_4x6_d4,4,6,480,960,0.07,2000,0.0,0.0,0.0,5.0,0.6522290059365332,0.7557541423011571,2000,0.0915,0.0465,2000,0.092,0.0455,1.0,0.0,0.0
2026072501,random_4x6_d5,4,6,240,960,0.15,2000,0.0,0.0,0.0,5.0,0.664771010633558,0.7721847505308688,2000,0.1215,0.063,2000,0.124,0.0635,1.0,0.0,0.0
2026072501,random_5x5_d0,5,5,2500,2500,0.03,2000,0.0,0.0,0.0,5.0,0.6603329675272107,0.7377952628303319,2000,0.0975,0.054,2000,0.0975,0.054,1.0,0.0,0.0
2026072501,random_5x5_d1,5,5,1250,2500,0.07,2000,0.0,0.0,0.0,5.0,0.658332952298224,0.7440731860697269,2000,0.091,0.0515,2000,0.0925,0.0525,1.0,0.0,0.0
2026072501,random_5x5_d2,5,5,625,2500,0.15,2000,0.0,0.0,0.0,5.0,0.6599790067411959,0.7551037881057708,2000,0.0955,0.047,2000,0.0945,0.048,1.0,0.0,0.0
2026072501,random_5x5_d3,5,5,5000,5000,0.03,2000,0.0,0.0,0.0,5.0,0.6658544298261404,0.7749683863949031,2000,0.091,0.0415,2000,0.091,0.0415,1.0,0.0,0.0
2026072501,random_5x5_d4,5,5,500,1000,0.07,2000,0.0,0.0,0.0,5.0,0.6413955125026405,0.7612444518599659,2000,0.097,0.048,2000,0.0975,0.0475,1.0,0.0,0.0
2026072501,random_5x5_d5,5,5,250,1000,0.15,2000,0.0,0.0,0.0,5.0,0.6596249877475202,0.7471711898688227,2000,0.1115,0.0555,2000,0.112,0.0565,1.0,0.0,0.0
2026072501,random_5x10_d0,5,10,5000,5000,0.03,2000,0.0,0.0,0.0,5.0,0.6672290037386119,0.7407582947053015,2000,0.097,0.047,2000,0.097,0.047,1.0,0.0,0.0
2026072501,random_5x10_d1,5,10,2500,5000,0.07,2000,0.0,0.0,0.0,5.0,0.6598335457965732,0.7353350578341633,2000,0.096,0.0435,2000,0.096,0.0435,1.0,0.0,0.0
2026072501,random_5x10_d2,5,10,1250,5000,0.15,2000,0.0,0.0,0.0,5.0,0.6564374780282378,0.7528413261752576,2000,0.0975,0.053,2000,0.097,0.053,1.0,0.0,0.0
2026072501,random_5x10_d3,5,10,10000,10000,0.03,2000,0.0,0.0,0.0,5.0,0.6703955586999655,0.7864264538511634,2000,0.094,0.0425,2000,0.094,0.0425,1.0,0.0,0.0
2026072501,random_5x10_d4,5,10,1000,2000,0.07,2000,0.0,0.0,0.0,5.0,0.6586244562640786,0.743249902734533,2000,0.098,0.049,2000,0.0975,0.049,1.0,0.0,0.0
2026072501,random_5x10_d5,5,10,500,2000,0.15,2000,0.0,0.0,0.0,5.0,0.6677920464426279,0.7737583597190678,2000,0.1205,0.062,2000,0.122,0.062,1.0,0.0,0.0
2026072501,random_8x8_d0,8,8,6400,6400,0.03,2000,0.0,0.0,0.0,5.0,0.6524794735014439,0.7419160567224026,2000,0.0965,0.0495,2000,0.0965,0.05,1.0,0.0,0.0
2026072501,random_8x8_d1,8,8,3200,6400,0.07,2000,0.0,0.0005,0.0,5.0,0.66039600642398,0.7325062353629619,2000,0.099,0.0535,2000,0.099,0.054,0.9995,0.0005,0.0
2026072501,random_8x8_d2,8,8,1600,6400,0.15,2000,0.0,0.0,0.0,5.0,0.667895539663732,0.7559061574283987,2000,0.1,0.0435,2000,0.1005,0.043,1.0,0.0,0.0
2026072501,random_8x8_d3,8,8,12800,12800,0.03,2000,0.0,0.0,0.0,5.0,0.6771250627934933,0.7930145366117358,2000,0.097,0.048,2000,0.097,0.048,1.0,0.0,0.0
2026072501,random_8x8_d4,8,8,1280,2560,0.07,2000,0.0,0.0,0.0,5.0,0.6598749314434826,0.7506702153477818,2000,0.092,0.044,2000,0.0915,0.0445,1.0,0.0,0.0
2026072501,random_8x8_d5,8,8,640,2560,0.15,2000,0.0,0.0,0.0,5.0,0.670375011395663,0.8015026571229099,2000,0.0955,0.0525,2000,0.0955,0.0525,1.0,0.0,0.0
2026072501,random_8x12_d0,8,12,9600,9600,0.03,2000,0.0,0.0,0.0,5.0,0.6780209951102734,0.7649818726349622,2000,0.0855,0.0405,2000,0.0855,0.041,1.0,0.0,0.0
2026072501,random_8x12_d1,8,12,4800,9600,0.07,2000,0.0,0.0,0.0,5.0,0.6674170144833624,0.7458361273165792,2000,0.1025,0.046,2000,0.1025,0.046,1.0,0.0,0.0
2026072501,random_8x12_d2,8,12,2400,9600,0.15,2000,0.0,0.0,0.0,5.0,0.6749375024810433,0.7738064741715789,2000,0.0925,0.043,2000,0.093,0.0435,1.0,0.0,0.0
2026072501,random_8x12_d3,8,12,19200,19200,0.03,2000,0.0,0.0,0.0,5.0,0.6788959726691246,0.8080353843979537,2000,0.095,0.052,2000,0.095,0.052,1.0,0.0,0.0
2026072501,random_8x12_d4,8,12,1920,3840,0.07,2000,0.0,0.0,0.0,5.0,0.669979490339756,0.7459610467776656,2000,0.085,0.0395,2000,0.085,0.0395,1.0,0.0,0.0
2026072501,random_8x12_d5,8,12,960,3840,0.15,2000,0.0,0.0,0.0,5.0,0.6736040231771767,0.772438960848376,2000,0.1035,0.0565,2000,0.1025,0.0565,1.0,0.0,0.0
2026072501,random_10x10_d0,10,10,10000,10000,0.03,2000,0.0,0.0,0.0,5.0,0.6837295368313789,0.768785533728078,2000,0.095,0.0455,2000,0.095,0.0455,1.0,0.0,0.0
2026072501,random_10x10_d1,10,10,5000,10000,0.07,2000,0.0,0.0,0.0,5.0,0.6704170373268425,0.7522961415816098,2000,0.0885,0.0475,2000,0.089,0.0475,1.0,0.0,0.0
2026072501,random_10x10_d2,10,10,2500,10000,0.15,2000,0.0,0.0,0.0,5.0,0.6777085363864899,0.767325289780274,2000,0.097,0.0475,2000,0.097,0.0485,1.0,0.0,0.0
2026072501,random_10x10_d3,10,10,20000,20000,0.03,2000,0.0,0.0,0.0,6.0,0.7141664973460138,0.8707730041351168,2000,0.096,0.0495,2000,0.096,0.049,1.0,0.0,0.0
2026072501,random_10x10_d4,10,10,2000,4000,0.07,2000,0.0,0.0,0.0,5.0,0.6739170057699084,0.7569191046059132,2000,0.093,0.0415,2000,0.092,0.042,1.0,0.0,0.0
2026072501,random_10x10_d5,10,10,1000,4000,0.15,2000,0.0,0.0,0.0,5.0,0.6778960232622921,0.7690711005125195,2000,0.099,0.048,2000,0.098,0.0485,1.0,0.0,0.0
2026072501,random_10x15_d0,10,15,15000,15000,0.03,2000,0.0,0.0005,0.0,5.0,0.7041665376164019,0.8048330200836062,2000,0.0905,0.0445,2000,0.0905,0.0445,0.9995,0.0005,0.0
2026072501,random_10x15_d1,10,15,7500,15000,0.07,2000,0.0,0.0,0.0,5.0,0.6932080141268671,0.7763771049212664,2000,0.093,0.053,2000,0.093,0.053,1.0,0.0,0.0
2026072501,random_10x15_d2,10,15,3750,15000,0.15,2000,0.0,0.0005,0.0,5.0,0.6957500008866191,0.775377155514434,2000,0.0975,0.0485,2000,0.0975,0.049,0.9995,0.0005,0.0
2026072501,random_10x15_d3,10,15,30000,30000,0.03,2000,0.0,0.0,0.0,6.0,0.759229005780071,0.9348893247079103,2000,0.0925,0.048,2000,0.0925,0.048,1.0,0.0,0.0
2026072501,random_10x15_d4,10,15,3000,6000,0.07,2000,0.0,0.0,0.0,5.0,0.6930205272510648,0.7698896108195185,2000,0.0945,0.0375,2000,0.0945,0.0375,1.0,0.0,0.0
2026072501,random_10x15_d5,10,15,1500,6000,0.15,2000,0.0,0.0,0.0,5.0,0.7021250203251839,0.788961024954915,2000,0.099,0.051,2000,0.099,0.051,1.0,0.0,0.0
2026072501,random_20x20_d0,20,20,40000,40000,0.03,2000,0.0,0.0,0.0,5.0,0.775103981141001,0.9078044560737907,2000,0.0955,0.046,2000,0.0955,0.046,1.0,0.0,0.0
2026072501,random_20x20_d1,20,20,20000,40000,0.07,2000,0.0,0.0005,0.0,5.0,0.7595409988425672,0.8505063247866929,2000,0.103,0.0515,2000,0.103,0.0515,0.9995,0.0,0.0005
2026072501,random_20x20_d2,20,20,10000,40000,0.15,2000,0.0,0.0005,0.0,5.0,0.7675829692743719,0.8530556631740183,2000,0.112,0.061,2000,0.112,0.061,0.9995,0.0,0.0005
2026072501,random_20x20_d3,20,20,80000,80000,0.03,2000,0.0,0.0,0.0,6.0,0.8249994716607034,1.0121077008079737,2000,0.11,0.056,2000,0.11,0.056,1.0,0.0,0.0
2026072501,random_20x20_d4,20,20,8000,16000,0.07,2000,0.0,0.0005,0.0,5.0,0.7602290133945644,0.8531836851034313,2000,0.0925,0.041,2000,0.0925,0.0405,0.9995,0.0005,0.0
2026072501,random_20x20_d5,20,20,4000,16000,0.15,2000,0.0,0.0,0.0,5.0,0.7741250446997583,0.8604451781138778,2000,0.11,0.05,2000,0.11,0.0515,1.0,0.0,0.0
2026072601,random_2x2_d0,2,2,400,400,0.03,2000,0.0,0.0,0.0,6.0,0.7116880151443183,0.7759190222714096,2000,0.093,0.0435,2000,0.0935,0.0435,1.0,0.0,0.0
2026072601,random_2x2_d1,2,2,200,400,0.07,2000,0.0,0.0,0.0,5.0,0.6697080098092556,0.7740409870166332,2000,0.092,0.048,2000,0.093,0.0515,1.0,0.0,0.0
2026072601,random_2x2_d2,2,2,120,480,0.15,2000,0.0,0.0,0.0,6.0,0.7096249610185623,0.7820922532118857,2000,0.128,0.068,2000,0.126,0.065,1.0,0.0,0.0
2026072601,random_2x2_d3,2,2,800,800,0.03,2000,0.0,0.0,0.0,5.0,0.6828124169260263,0.7590618391986936,2000,0.103,0.045,2000,0.103,0.0465,1.0,0.0,0.0
2026072601,random_2x2_d4,2,2,120,240,0.07,2000,0.0,0.0,0.0,6.0,0.7151039899326861,0.7875409733969718,2000,0.109,0.052,2000,0.111,0.054,1.0,0.0,0.0
2026072601,random_2x2_d5,2,2,120,480,0.15,2000,0.0,0.0,0.0,6.0,0.7135000778362155,0.7859684701543301,2000,0.1115,0.062,2000,0.1095,0.061,1.0,0.0,0.0
2026072601,random_2x5_d0,2,5,1000,1000,0.03,2000,0.0,0.0005,0.0,5.0,0.6965000065974891,0.7807163870893419,2000,0.1045,0.0455,2000,0.1055,0.0455,0.9995,0.0005,0.0
2026072601,random_2x5_d1,2,5,500,1000,0.07,2000,0.0,0.0,0.0,5.0,0.6652079755440354,0.7668107398785651,2000,0.095,0.0445,2000,0.0955,0.0455,1.0,0.0,0.0
2026072601,random_2x5_d2,2,5,250,1000,0.15,2000,0.0,0.0,0.0,5.5,0.6786040030419827,0.7861058868002145,2000,0.109,0.0535,2000,0.1105,0.054,1.0,0.0,0.0
2026072601,random_2x5_d3,2,5,2000,2000,0.03,2000,0.0,0.0,0.0,5.0,0.674333015922457,0.7717562431935221,2000,0.113,0.0605,2000,0.113,0.0605,1.0,0.0,0.0
2026072601,random_2x5_d4,2,5,200,400,0.07,2000,0.0,0.0,0.0,5.0,0.6723960395902395,0.7762184541206807,2000,0.1015,0.055,2000,0.102,0.056,1.0,0.0,0.0
2026072601,random_2x5_d5,2,5,120,480,0.15,2000,0.0,0.0,0.0,6.0,0.7141249952837825,0.7916920236311853,2000,0.131,0.077,2000,0.1365,0.08,1.0,0.0,0.0
2026072601,random_3x3_d0,3,3,900,900,0.03,2000,0.0,0.0005,0.0,5.0,0.6863544695079327,0.7612931076437235,2000,0.0905,0.053,2000,0.092,0.0535,0.9995,0.0005,0.0
2026072601,random_3x3_d1,3,3,450,900,0.07,2000,0.0,0.0,0.0,5.0,0.6607710383832455,0.7541249506175518,2000,0.0955,0.041,2000,0.097,0.0435,1.0,0.0,0.0
2026072601,random_3x3_d2,3,3,225,900,0.15,2000,0.0,0.0,0.0,6.0,0.6822709692642093,0.7937267713714391,2000,0.1105,0.0585,2000,0.1115,0.0595,1.0,0.0,0.0
2026072601,random_3x3_d3,3,3,1800,1800,0.03,2000,0.0,0.0,0.0,5.0,0.6488129729405046,0.7431691105011851,2000,0.103,0.0495,2000,0.1035,0.049,1.0,0.0,0.0
2026072601,random_3x3_d4,3,3,180,360,0.07,2000,0.0,0.0,0.0,5.0,0.6887289346195757,0.7797563041094691,2000,0.1105,0.0495,2000,0.1125,0.0505,1.0,0.0,0.0
2026072601,random_3x3_d5,3,3,120,480,0.15,2000,0.0,0.0,0.0,5.0,0.6801459821872413,0.7790545176248997,2000,0.112,0.057,2000,0.1125,0.058,1.0,0.0,0.0
2026072601,random_3x7_d0,3,7,2100,2100,0.03,2000,0.0,0.0,0.0,5.0,0.6658125203102827,0.7388770580291748,2000,0.0915,0.0445,2000,0.0915,0.0445,1.0,0.0,0.0
2026072601,random_3x7_d1,3,7,1050,2100,0.07,2000,0.0,0.0,0.0,5.0,0.6653119926340878,0.7587645668536425,2000,0.103,0.045,2000,0.104,0.045,1.0,0.0,0.0
2026072601,random_3x7_d2,3,7,525,2100,0.15,2000,0.0,0.0,0.0,5.0,0.6720414967276156,0.7819503603968769,2000,0.1175,0.064,2000,0.118,0.064,1.0,0.0,0.0
2026072601,random_3x7_d3,3,7,4200,4200,0.03,2000,0.0,0.0,0.0,5.0,0.6673125317320228,0.7408464909531175,2000,0.1095,0.057,2000,0.1095,0.057,1.0,0.0,0.0
2026072601,random_3x7_d4,3,7,420,840,0.07,2000,0.0,0.0,0.0,5.0,0.6658544880338013,0.7557381642982363,2000,0.1015,0.0545,2000,0.102,0.056,1.0,0.0,0.0
2026072601,random_3x7_d5,3,7,210,840,0.15,2000,0.0,0.0005,0.0,5.0,0.6724375416524708,0.7640083436854184,2000,0.12,0.0715,2000,0.122,0.0715,0.9995,0.0005,0.0
2026072601,random_4x6_d0,4,6,2400,2400,0.03,2000,0.0,0.0,0.0,5.0,0.6638540071435273,0.7428372162394226,2000,0.086,0.044,2000,0.086,0.044,1.0,0.0,0.0
2026072601,random_4x6_d1,4,6,1200,2400,0.07,2000,0.0,0.0,0.0,5.0,0.6673745228908956,0.7434601488057524,2000,0.0945,0.047,2000,0.0945,0.047,1.0,0.0,0.0
2026072601,random_4x6_d2,4,6,600,2400,0.15,2000,0.0,0.0,0.0,5.0,0.6695630145259202,0.7781784923281521,2000,0.094,0.0435,2000,0.093,0.0445,1.0,0.0,0.0
2026072601,random_4x6_d3,4,6,4800,4800,0.03,2000,0.0,0.0,0.0,5.0,0.6736250361427665,0.77267115120776,2000,0.1025,0.048,2000,0.103,0.0475,1.0,0.0,0.0
2026072601,random_4x6_d4,4,6,480,960,0.07,2000,0.0,0.0,0.0,5.0,0.6699165096506476,0.7516681216657162,2000,0.09,0.048,2000,0.09,0.0495,1.0,0.0,0.0
2026072601,random_4x6_d5,4,6,240,960,0.15,2000,0.0,0.0,0.0,5.0,0.6604380323551595,0.7633791130501777,2000,0.1135,0.058,2000,0.1125,0.0585,1.0,0.0,0.0
2026072601,random_5x5_d0,5,5,2500,2500,0.03,2000,0.0,0.0,0.0,5.0,0.6691045127809048,0.7370481849648058,2000,0.0805,0.0425,2000,0.0805,0.0425,1.0,0.0,0.0
2026072601,random_5x5_d1,5,5,1250,2500,0.07,2000,0.0,0.0005,0.0,5.0,0.6646874826401472,0.7436152081936598,2000,0.097,0.0505,2000,0.0975,0.0505,0.9995,0.0005,0.0
2026072601,random_5x5_d2,5,5,625,2500,0.15,2000,0.0,0.0,0.0,5.0,0.6651459843851626,0.752020871732384,2000,0.0975,0.0455,2000,0.0965,0.046,1.0,0.0,0.0
2026072601,random_5x5_d3,5,5,5000,5000,0.03,2000,0.0,0.0,0.0,5.0,0.6764790159650147,0.790668185800314,2000,0.096,0.05,2000,0.097,0.05,1.0,0.0,0.0
2026072601,random_5x5_d4,5,5,500,1000,0.07,2000,0.0,0.0,0.0,5.0,0.6690000300295651,0.7534232747275382,2000,0.099,0.0525,2000,0.099,0.0535,1.0,0.0,0.0
2026072601,random_5x5_d5,5,5,250,1000,0.15,2000,0.0,0.0,0.0,6.0,0.6843539886176586,0.7894632406532764,2000,0.1095,0.0655,2000,0.11,0.067,1.0,0.0,0.0
2026072601,random_5x10_d0,5,10,5000,5000,0.03,2000,0.0,0.0,0.0,5.0,0.6777710514143109,0.742879236349836,2000,0.0875,0.045,2000,0.088,0.045,1.0,0.0,0.0
2026072601,random_5x10_d1,5,10,2500,5000,0.07,2000,0.0,0.0005,0.0,5.0,0.6686869892291725,0.7480124884750694,2000,0.1095,0.061,2000,0.1095,0.06,0.9995,0.0,0.0005
2026072601,random_5x10_d2,5,10,1250,5000,0.15,2000,0.0,0.0,0.0,5.0,0.6688125431537628,0.7611920300405473,2000,0.0945,0.0485,2000,0.093,0.0485,1.0,0.0,0.0
2026072601,random_5x10_d3,5,10,10000,10000,0.03,2000,0.0,0.0,0.0,5.0,0.6820420967414975,0.8042226952966303,2000,0.098,0.0535,2000,0.0985,0.0535,1.0,0.0,0.0
2026072601,random_5x10_d4,5,10,1000,2000,0.07,2000,0.0,0.0,0.0,5.0,0.6713750190101564,0.7523252919781953,2000,0.092,0.0465,2000,0.092,0.046,1.0,0.0,0.0
2026072601,random_5x10_d5,5,10,500,2000,0.15,2000,0.0,0.0,0.0,5.0,0.6665205000899732,0.7604610465932637,2000,0.106,0.0545,2000,0.1055,0.0545,1.0,0.0,0.0
2026072601,random_8x8_d0,8,8,6400,6400,0.03,2000,0.0,0.0,0.0,5.0,0.6701669772155583,0.7422277762088925,2000,0.096,0.0465,2000,0.096,0.0465,1.0,0.0,0.0
2026072601,random_8x8_d1,8,8,3200,6400,0.07,2000,0.0,0.0,0.0,5.0,0.6619790219701827,0.7466691371519119,2000,0.0985,0.043,2000,0.0985,0.043,1.0,0.0,0.0
2026072601,random_8x8_d2,8,8,1600,6400,0.15,2000,0.0,0.0,0.0,5.0,0.674750073812902,0.7511733158025891,2000,0.094,0.0525,2000,0.0935,0.053,1.0,0.0,0.0
2026072601,random_8x8_d3,8,8,12800,12800,0.03,2000,0.0,0.0,0.0,5.0,0.6842290167696774,0.798843486700207,2000,0.0975,0.046,2000,0.0975,0.046,1.0,0.0,0.0
2026072601,random_8x8_d4,8,8,1280,2560,0.07,2000,0.0,0.0,0.0,5.0,0.6845419993624091,0.8257558743935077,2000,0.089,0.039,2000,0.089,0.04,1.0,0.0,0.0
2026072601,random_8x8_d5,8,8,640,2560,0.15,2000,0.0,0.0,0.0,5.0,0.6805415032431483,0.7582100864965469,2000,0.1095,0.054,2000,0.1095,0.0545,1.0,0.0,0.0
2026072601,random_8x12_d0,8,12,9600,9600,0.03,2000,0.0,0.0,0.0,5.0,0.6789579056203365,0.7515020726714283,2000,0.0895,0.035,2000,0.0895,0.035,1.0,0.0,0.0
2026072601,random_8x12_d1,8,12,4800,9600,0.07,2000,0.0,0.0005,0.0,5.0,0.6812294595874846,0.7655125111341475,2000,0.1,0.047,2000,0.1005,0.047,0.9995,0.0005,0.0
2026072601,random_8x12_d2,8,12,2400,9600,0.15,2000,0.0,0.0,0.0,5.0,0.6821459974162281,0.764683703891933,2000,0.1,0.05,2000,0.1,0.05,1.0,0.0,0.0
2026072601,random_8x12_d3,8,12,19200,19200,0.03,2000,0.0,0.0,0.0,6.0,0.7320204749703407,0.8728660468477755,2000,0.09,0.0415,2000,0.09,0.0415,1.0,0.0,0.0
2026072601,random_8x12_d4,8,12,1920,3840,0.07,2000,0.0,0.0,0.0,5.0,0.6799580296501517,0.7583413680549711,2000,0.091,0.044,2000,0.091,0.044,1.0,0.0,0.0
2026072601,random_8x12_d5,8,12,960,3840,0.15,2000,0.0,0.0,0.0,5.0,0.6837085238657892,0.7588372158352286,2000,0.1115,0.0555,2000,0.1115,0.0555,1.0,0.0,0.0
2026072601,random_10x10_d0,10,10,10000,10000,0.03,2000,0.0,0.0,0.0,5.0,0.6858329870738089,0.7640731113497168,2000,0.0795,0.041,2000,0.0795,0.041,1.0,0.0,0.0
2026072601,random_10x10_d1,10,10,5000,10000,0.07,2000,0.0,0.0,0.0,5.0,0.6852290243841708,0.7560566766187548,2000,0.097,0.053,2000,0.097,0.053,1.0,0.0,0.0
2026072601,random_10x10_d2,10,10,2500,10000,0.15,2000,0.0,0.0,0.0,5.0,0.6882079760544002,0.7740124594420194,2000,0.1085,0.06,2000,0.1085,0.06,1.0,0.0,0.0
2026072601,random_10x10_d3,10,10,20000,20000,0.03,2000,0.0,0.0,0.0,6.0,0.743021082598716,0.9031837107613683,2000,0.0975,0.05,2000,0.0975,0.05,1.0,0.0,0.0
2026072601,random_10x10_d4,10,10,2000,4000,0.07,2000,0.0,0.0,0.0,5.0,0.6878329440951347,0.7622111064847559,2000,0.0765,0.0385,2000,0.0775,0.0385,1.0,0.0,0.0
2026072601,random_10x10_d5,10,10,1000,4000,0.15,2000,0.0,0.0,0.0,5.0,0.6912294775247574,0.7732433849014342,2000,0.107,0.058,2000,0.107,0.0575,1.0,0.0,0.0
2026072601,random_10x15_d0,10,15,15000,15000,0.03,2000,0.0,0.0,0.0,5.0,0.71177096106112,0.8133918046951293,2000,0.0995,0.0395,2000,0.0995,0.04,1.0,0.0,0.0
2026072601,random_10x15_d1,10,15,7500,15000,0.07,2000,0.0,0.0,0.0,5.0,0.6961874896660447,0.7663402066100389,2000,0.088,0.0415,2000,0.088,0.0415,1.0,0.0,0.0
2026072601,random_10x15_d2,10,15,3750,15000,0.15,2000,0.0,0.0,0.0,5.0,0.7052499568089843,0.7886374834924935,2000,0.1045,0.05,2000,0.1045,0.05,1.0,0.0,0.0
2026072601,random_10x15_d3,10,15,30000,30000,0.03,2000,0.0,0.0,0.0,6.0,0.761562492698431,0.9328895772341639,2000,0.089,0.0435,2000,0.089,0.0435,1.0,0.0,0.0
2026072601,random_10x15_d4,10,15,3000,6000,0.07,2000,0.0,0.0,0.0,5.0,0.7012084824964404,0.7727521006017923,2000,0.1085,0.0535,2000,0.1085,0.0535,1.0,0.0,0.0
2026072601,random_10x15_d5,10,15,1500,6000,0.15,2000,0.0,0.0,0.0,5.0,0.6988330278545618,0.7906246755737811,2000,0.1075,0.051,2000,0.1075,0.052,1.0,0.0,0.0
2026072601,random_20x20_d0,20,20,40000,40000,0.03,2000,0.0,0.0,0.0,5.0,0.776417029555887,0.9065976366400718,2000,0.0845,0.0405,2000,0.0845,0.0405,1.0,0.0,0.0
2026072601,random_20x20_d1,20,20,20000,40000,0.07,2000,0.0,0.0,0.0,5.0,0.7658334798179567,0.8696354110725224,2000,0.094,0.039,2000,0.094,0.039,1.0,0.0,0.0
2026072601,random_20x20_d2,20,20,10000,40000,0.15,2000,0.0,0.0005,0.0,5.0,0.7680415292270482,0.8587563235778362,2000,0.103,0.0535,2000,0.1025,0.0535,0.9995,0.0,0.0005
2026072601,random_20x20_d3,20,20,80000,80000,0.03,2000,0.0,0.0005,0.0,6.0,0.8347085095010698,1.0341270884964615,2000,0.083,0.0415,2000,0.083,0.0415,0.9995,0.0,0.0005
2026072601,random_20x20_d4,20,20,8000,16000,0.07,2000,0.0,0.0,0.0,5.0,0.7642084965482354,0.8475020353216678,2000,0.0895,0.0435,2000,0.0895,0.0435,1.0,0.0,0.0
2026072601,random_20x20_d5,20,20,4000,16000,0.15,2000,0.0,0.0,0.0,5.0,0.7713540107943118,0.8615944883786142,2000,0.106,0.0545,2000,0.1065,0.0545,1.0,0.0,0.0
