scenario_id,shape_index,design_index,rows,columns,n_p,n_q,target_mi,margin_alpha_p,margin_alpha_q,association_p,association_q,generation_attempts,true_mi_p,true_mi_q,true_delta,distribution_l1,population_variance_p,population_variance_q,pooled_mixture_mi,pooled_mixture_variance,min_probability_p,min_probability_q,min_joint_expected_p,min_joint_expected_q,independence_expected_below_1_p,independence_expected_below_1_q,independence_expected_below_5_p,independence_expected_below_5_q,is_permutation_anchor,scenario_seed,scenario_key,subset,probability_p_json,probability_q_json
random_2x2_d0,0,0,2,2,400,400,0.03,50.0,50.0,0.2506186966480493,0.2492876155070392,1,0.030000000000000138,0.029999999999999916,2.220446049250313e-16,0.05529016967073272,0.05821320795934803,0.05819051352220911,0.030040402119395626,0.05827548412013007,0.16638626217677482,0.1759471774962478,66.55450487070993,70.37887099849912,0.0,0.0,0.0,0.0,True,2026072501,2026072501:random_2x2_d0,easy,"[[0.27271548309752597, 0.16638626217677482], [0.2106613817112232, 0.3502368730144759]]","[[0.29079965261341945, 0.1759471774962478], [0.20198939900276, 0.33126377088757286]]"
random_2x5_d2,1,2,2,5,250,1000,0.15,5.0,1.2,0.6564843939567813,1.4455413410381437,2,0.1500000000000008,0.15000000000000013,6.661338147750939e-16,0.9406519815780132,0.2325562776112031,0.20277066443015074,0.12252524559496214,0.19436468929620498,0.009859232762815135,6.000478343750735e-05,2.4648081907037835,0.06000478343750735,0.0,0.0,0.0,0.0,False,2026072501,2026072501:random_2x5_d2,hard,"[[0.1983023051936702, 0.12707641925621202, 0.009859232762815135, 0.03422626912307, 0.0175160400370043], [0.07078999771974115, 0.14678846881638402, 0.15809624283399745, 0.14744484867039015, 0.08990017558671548]]","[[0.05117121238273165, 6.000478343750735e-05, 0.1944003788193426, 0.0075662730640226085, 0.018177836273213295], [0.006591889764128289, 0.041468089325750745, 0.2803895048778972, 0.24228458624690963, 0.15789022446256645]]"
random_3x3_d0,2,0,3,3,900,900,0.03,50.0,50.0,0.26736574383467426,0.26295917578739386,1,0.03000000000000047,0.029999999999998916,1.5543122344752192e-15,0.37329756903112327,0.05679781873085036,0.055456528207634775,0.00920753423128895,0.018278167470822174,0.052258822653110326,0.05888772736988728,47.03294038779929,52.99895463289855,0.0,0.0,0.0,0.0,False,2026072501,2026072501:random_3x3_d0,easy,"[[0.14490237897242866, 0.12160348854068954, 0.163063236278104], [0.13945787925571118, 0.08218410323604122, 0.07763751731335765], [0.052258822653110326, 0.0754882907000164, 0.14340428305054115]]","[[0.14715177379037567, 0.1040239550368334, 0.05888772736988728], [0.081880196263428, 0.11052083540569756, 0.14368958397329526], [0.11700445810505086, 0.10075324611609648, 0.1360882239393355]]"
random_3x3_d4,2,4,3,3,180,360,0.07,10.0,0.8,0.42441702638706613,0.9095269245073277,1,0.06999999999997542,0.06999999999999984,-2.4424906541753444e-14,1.112838632853584,0.1273793907094799,0.12257096663840959,0.05545934486132009,0.09034009559391228,0.016182876611374963,5.35669774057582e-06,2.9129177900474934,0.0019284111866072953,0.0,0.3333333333333333,0.0,0.3333333333333333,True,2026072501,2026072501:random_3x3_d4,hard,"[[0.14074388190282594, 0.03103202613161152, 0.016182876611374963], [0.11350907383569679, 0.15820870604065868, 0.14734377807789226], [0.19702577331388396, 0.12648069583209484, 0.06947318825396108]]","[[0.1853892295649204, 0.4903457841043284, 0.0022278898711623855], [0.16596928462767754, 0.09481118008668997, 0.0013447114961550666], [0.002569862217630599, 0.05733670133369513, 5.35669774057582e-06]]"
random_4x6_d0,4,0,4,6,2400,2400,0.03,50.0,50.0,0.2587136535700337,0.2509245250561982,1,0.030000000000000027,0.030000000000000027,0.0,0.354075135003737,0.059253020356674714,0.057857412801212336,0.010741279377849411,0.021987040453931225,0.013957246966966297,0.023719290798161763,33.49739272071911,56.92629791558823,0.0,0.0,0.0,0.0,False,2026072501,2026072501:random_4x6_d0,easy,"[[0.051780567340611754, 0.013957246966966297, 0.036343437939188344, 0.047240872452456124, 0.02695964700967222, 0.034673887239964896], [0.047190855274418256, 0.030481139134993895, 0.06248012353387806, 0.03444708841471549, 0.06983631877037055, 0.04947372609211936], [0.054625280524205594, 0.02810701128954034, 0.04822131532841216, 0.024276194001916374, 0.04124902316957008, 0.027915410967898423], [0.037581142732208354, 0.05583054871833031, 0.05379369111247774, 0.04908580198271686, 0.03724819446432653, 0.03720147553904207]]","[[0.055432838067994275, 0.05551267250081198, 0.03329321934384846, 0.02870787950352778, 0.035130126564284665, 0.025250573673461483], [0.042656862310538425, 0.03592811366538467, 0.03123287084405778, 0.047793864798874194, 0.058294584636695304, 0.03444996191422289], [0.023719290798161763, 0.05753518404613157, 0.04266725700894143, 0.034701972367228086, 0.027873693695535898, 0.04950648766032016], [0.05747366012361696, 0.03880847679532055, 0.05730290766136364, 0.032258952999450335, 0.04318603147272248, 0.05128251754750532]]"
random_4x6_d5,4,5,4,6,240,960,0.15,2.0,20.0,0.656163048003235,0.6263072124245942,1,0.15000000000000013,0.1499999999999999,2.220446049250313e-16,0.8741385262691701,0.23713124633113292,0.2416467574452628,0.13002930005421676,0.216417573752066,0.0003343937048834584,0.006191487038178262,0.08025448917203001,5.943827556651131,0.125,0.0,0.4166666666666667,0.0,True,2026072501,2026072501:random_4x6_d5,hard,"[[0.0003343937048834584, 0.01804013269732058, 0.006455878897554548, 0.012084504579398306, 0.013925780694193618, 0.011347575776005633], [0.006174567119882772, 0.0823444998362348, 0.017593267798924873, 0.01062355108734521, 0.09409304297343563, 0.006954467686426748], [0.011359714472572972, 0.0641335699691991, 0.13148670651330258, 0.08120906772433463, 0.10013328739055796, 0.1776044447841938], [0.0005552395111014849, 0.08224044174524907, 0.005040288247369767, 0.007279807425953587, 0.026169402315317572, 0.032816367049241305]]","[[0.06715868024563429, 0.05047546409456619, 0.049160347182835955, 0.01742157161156392, 0.03258951638845231, 0.01949623145957857], [0.0794592151755762, 0.02939579513726761, 0.04473216109916623, 0.017614771964707572, 0.04854592168073063, 0.029365074333957856], [0.006191487038178262, 0.02168837331479185, 0.024189480992233073, 0.06304761014218777, 0.07220658603153284, 0.06034279717200341], [0.011438425827726036, 0.06405901890043601, 0.03834531217334928, 0.09622194680383132, 0.02487691270834678, 0.03197729852134619]]"
random_5x5_d0,5,0,5,5,2500,2500,0.03,50.0,50.0,0.25630288184668404,0.25404378751631546,1,0.030000000000005134,0.02999999999999936,5.773159728050814e-15,0.4013796039684562,0.05675007914452504,0.05875419435396489,0.0097944218055519,0.019046197596819272,0.01965783680253608,0.014214744553572144,49.144592006340204,35.53686138393036,0.0,0.0,0.0,0.0,False,2026072501,2026072501:random_5x5_d0,easy,"[[0.03919524102621882, 0.04458437215569008, 0.06156031840259979, 0.0629440709550689, 0.03971055602683132], [0.04549955227219521, 0.02321375253751804, 0.05548821730968318, 0.04574394043972538, 0.03775455344661204], [0.03605752003322569, 0.027240856455364382, 0.02636758740045083, 0.028333934131943263, 0.040226478878714604], [0.01965783680253608, 0.03891459378836261, 0.049967028200993656, 0.03104846734776941, 0.06676881180743753], [0.045840630887523756, 0.039638694659803256, 0.03029802409412545, 0.02529665879426311, 0.03864830214534372]]","[[0.04904039639964201, 0.05727589224429031, 0.033835944418140806, 0.029617293782992014, 0.030483747386721955], [0.0314208503714321, 0.043952900292133334, 0.014214744553572144, 0.04510641438437442, 0.030651616972581362], [0.03766966479945456, 0.044587163692520936, 0.055892726930888585, 0.02833465140135669, 0.045876740899908376], [0.04454521693122386, 0.05432590791077485, 0.03286633906217581, 0.07497777572532208, 0.02664941356692647], [0.04147054721277942, 0.048765110472628825, 0.03387879969430002, 0.03164087269576926, 0.03291926819808989]]"
random_5x10_d5,6,5,5,10,500,2000,0.15,2.0,20.0,0.815160756790099,0.6160630152423734,1,0.1499999999999997,0.14999999999998748,1.2212453270876722e-14,1.043441998171027,0.2354914107451832,0.2614261021279734,0.11411702002380286,0.20522073180112388,0.00015198564662872468,0.0018839524570970323,0.07599282331436234,3.7679049141940646,0.0,0.0,0.46,0.0,False,2026072501,2026072501:random_5x10_d5,hard,"[[0.028201004890112253, 0.0028402061303315095, 0.024583663724055186, 0.011416783684535784, 0.0009747886365998698, 0.003855599025960851, 0.13150877334775368, 0.0025605981495418315, 0.004423829577582, 0.018672638487311474], [0.09320515179895454, 0.019737382340528253, 0.009452555929556922, 0.04117109839394262, 0.03442516977617562, 0.05585722004991489, 0.10109116733843851, 0.03329516494167515, 0.026383465377617633, 0.020704694439626612], [0.028657345611624137, 0.001072916893533234, 0.007967682239537748, 0.00565858170788984, 0.002236223982877629, 0.010002465164964358, 0.050371595050473686, 0.008592453270004676, 0.001824207168992689, 0.003007533833174738], [0.003067715991203736, 0.00015198564662872468, 0.009011284307115477, 0.008818209315397648, 0.0003470406471659928, 0.0016327755521969225, 0.045526427894922665, 0.013428477423923533, 0.005159471269340748, 0.0189141942557676], [0.006462092657189763, 0.00032414056013940415, 0.0055974462904360735, 0.009460926424336245, 0.0007543539735952963, 0.02553400461238018, 0.04025718812251049, 0.0045283963416964, 0.016114298852398862, 0.001157608898366348]]","[[0.0018839524570970323, 0.00906037543705367, 0.026428447642149067, 0.011113554062258578, 0.01876381214655489, 0.012802110139461571, 0.012953846997290337, 0.023202969756391946, 0.014112361682454794, 0.025785716883787706], [0.011911168063932333, 0.030583328454232027, 0.02735513419503861, 0.023884242527547245, 0.01707464034179533, 0.018848349039390474, 0.020426224124010246, 0.023430071854392047, 0.007719578378300631, 0.02583765647648842], [0.008970862315328816, 0.005223322041663094, 0.022063751932868723, 0.006755748933144299, 0.013220894791039642, 0.005279208955807205, 0.040544338291587566, 0.01229400570517939, 0.026497445095676978, 0.006181780326705507], [0.009739506528491329, 0.01963310142862731, 0.020109978861486136, 0.01637779151702768, 0.04069751257737877, 0.006708678981316786, 0.008030245146532645, 0.03513934127343385, 0.05170166079211781, 0.023182201535756168], [0.03484688738932647, 0.04309646702856819, 0.029781706093629325, 0.06368773870914161, 0.021634398014496965, 0.023434819083531837, 0.009528692959634393, 0.004403495326541944, 0.00638843223959929, 0.021668445464733507]]"
random_2x2_d0,0,0,2,2,400,400,0.03,50.0,50.0,0.2543636122529566,0.25069613195970397,1,0.02999999999998848,0.030000000000000027,-1.1546319456101628e-14,0.4814375360823758,0.05798384385395715,0.0581971886470407,4.844098317913215e-06,9.68784384176693e-06,0.13949776846866332,0.16451923070688146,55.79910738746533,65.80769228275258,0.0,0.0,0.0,0.0,True,2026072601,2026072601:random_2x2_d0,easy,"[[0.26423071329066267, 0.13949776846866332], [0.24235169861890538, 0.35391981962176877]]","[[0.21291253416436204, 0.2736574976528604], [0.3489107374758962, 0.16451923070688146]]"
random_2x5_d2,1,2,2,5,250,1000,0.15,5.0,1.2,0.6367893500059991,0.6640852873452264,1,0.1499999999999999,0.15000000000000036,-4.440892098500626e-16,0.3669892870589832,0.25212264938544027,0.2385299682199042,0.12287226457787837,0.20862022015125598,0.01007545518272863,0.008876670836574922,2.5188637956821576,8.876670836574922,0.0,0.0,0.0,0.0,False,2026072601,2026072601:random_2x5_d2,hard,"[[0.046982199178312804, 0.10067994749562298, 0.14882217128751726, 0.01007545518272863, 0.052098248189573156], [0.11534649394686924, 0.06682030060428544, 0.04752315654124233, 0.08914645309857243, 0.32250557447527584]]","[[0.04396308290373364, 0.14069440741345648, 0.12454587105966185, 0.06792588773538798, 0.0739134899001257], [0.08710212094226778, 0.027648906222828736, 0.11133766588968852, 0.008876670836574922, 0.31399189709627445]]"
random_3x3_d0,2,0,3,3,900,900,0.03,50.0,50.0,0.24382786075758933,0.2591815605702752,1,0.030000000000004245,0.03000000000000047,3.774758283725532e-15,0.3424378599086284,0.05697848594319428,0.057208578458551096,0.018112880944795906,0.036583038056453195,0.07206247849743955,0.06170641893840043,64.8562306476956,55.53577704456039,0.0,0.0,0.0,0.0,False,2026072601,2026072601:random_3x3_d0,easy,"[[0.09687281460537536, 0.07206247849743955, 0.1583876379394799], [0.08756805391121315, 0.10761825523382805, 0.12896056739890896], [0.09577519789767963, 0.16611926020995593, 0.08663573430611965]]","[[0.13060842136982442, 0.1379949353094472, 0.12034455494166223], [0.15596902448086014, 0.07322493466143955, 0.09401960899330249], [0.06170641893840043, 0.13634647119073348, 0.08978563011433]]"
random_3x3_d4,2,4,3,3,180,360,0.07,10.0,0.8,0.37826045249314794,0.30890007911172573,1,0.07000000000000006,0.07000000000000028,-2.220446049250313e-16,0.9400801756163493,0.13098581585354557,0.12883728928453825,0.05702981487457226,0.10345858848212723,0.04663825206096828,0.010154947792400736,8.39488537097429,3.655781205264265,0.0,0.0,0.0,0.1111111111111111,True,2026072601,2026072601:random_3x3_d4,hard,"[[0.09299445012244198, 0.05119118050026619, 0.054810885944784414], [0.10520104385165047, 0.19888283788425554, 0.04663825206096828], [0.12053349620816309, 0.1245912596492446, 0.20515659377822545]]","[[0.12397289317999073, 0.02091447959526428, 0.2405591822672288], [0.296972816254369, 0.022457176494490683, 0.10817982808643127], [0.06609906961685336, 0.010154947792400736, 0.11068960671297115]]"
random_4x6_d0,4,0,4,6,2400,2400,0.03,50.0,50.0,0.24049503948947668,0.2471637835299415,1,0.029999999999999583,0.03000000000000025,-6.661338147750939e-16,0.3920796691126997,0.058621562272541526,0.06098543577280158,0.008949760112977545,0.017621941742829453,0.02352262011476874,0.023012561980650253,56.45428827544498,55.230148753560606,0.0,0.0,0.0,0.0,False,2026072601,2026072601:random_4x6_d0,easy,"[[0.04007945712038405, 0.061275368608840614, 0.033517921526313596, 0.05502148441503522, 0.06803328914018517, 0.05167150166509495], [0.0362764134920925, 0.02529196783327861, 0.043122773761566716, 0.03535367284445598, 0.04629608808720093, 0.033280972937643094], [0.06384340955764739, 0.03182144344849142, 0.0424356219191447, 0.0473880592543737, 0.02352262011476874, 0.028247940742882435], [0.03517551629676516, 0.027595114353123812, 0.05990069767977222, 0.04361660191012369, 0.032110285392123565, 0.035121777898691746]]","[[0.023012561980650253, 0.03556933526560858, 0.07559433530078961, 0.05514038221029249, 0.025283105986113507, 0.03180906934118342], [0.048926938170896876, 0.02584923162823289, 0.04872174538755506, 0.028979308697636708, 0.031113825420247362, 0.03361045123289142], [0.02601539908902889, 0.02551933333598197, 0.03249889215924292, 0.03235724581377551, 0.05640147720589543, 0.04157110286249273], [0.039772858947899496, 0.05889936509243236, 0.07083947764312636, 0.05302723083907849, 0.05374617004636895, 0.045741156342578845]]"
random_4x6_d5,4,5,4,6,240,960,0.15,2.0,20.0,0.8994122208543863,0.6308556848711122,1,0.15000000000004787,0.1499999999999999,4.796163466380676e-14,0.9157671155649909,0.24940645249201976,0.23890678467032878,0.09439779048093722,0.1609239754224888,0.00036928467007001087,0.005090054536589132,0.08862832081680261,4.8864523551255665,0.041666666666666664,0.0,0.4583333333333333,0.0,True,2026072601,2026072601:random_4x6_d5,hard,"[[0.002237592379318054, 0.03444758188207116, 0.00041025977683468507, 0.00036928467007001087, 0.018158604912889013, 0.0004101730871861341], [0.037073442070973454, 0.1743267324856433, 0.008564864735141328, 0.04613934942257239, 0.052840174392664696, 0.013725489342367201], [0.1899735750098728, 0.10269303495531976, 0.06686138889690288, 0.042936115718663966, 0.09708209888388213, 0.03388278106455591], [0.00223197563083486, 0.007789056031308552, 0.0207440125289548, 0.003076487029704805, 0.025723266922482783, 0.01830265816978524]]","[[0.01882032241361683, 0.005090054536589132, 0.026196789299344977, 0.02837724931318729, 0.05671825518665552, 0.038603602963778995], [0.07145503036645955, 0.028772569180627677, 0.052256451312793516, 0.014885631327400374, 0.010106027184407172, 0.10428127567021482], [0.04697554905385024, 0.09952095072861028, 0.05290652753454074, 0.09341072680599764, 0.07462526863887604, 0.031199131203121077], [0.011511336984926186, 0.013789434447445547, 0.011083908097906025, 0.04718206349369339, 0.0116648211764985, 0.05056702307945859]]"
random_5x5_d0,5,0,5,5,2500,2500,0.03,50.0,50.0,0.2629935026846361,0.26820107378739594,1,0.03000000000000136,0.029999999999999805,1.5543122344752192e-15,0.35118799585046606,0.05635148204902737,0.05603269800005199,0.014580757002126354,0.02885502812075659,0.01717964899386281,0.01920409525411138,42.949122484657025,48.01023813527845,0.0,0.0,0.0,0.0,False,2026072601,2026072601:random_5x5_d0,easy,"[[0.037391024938150344, 0.04502813414017671, 0.03915401008533145, 0.025856624014708694, 0.021608834139586173], [0.03874034348631967, 0.05680763479403028, 0.04420200344353693, 0.03555911812609772, 0.025920975974168276], [0.042587910932413285, 0.03635215919697005, 0.055231946210081866, 0.06857984166976479, 0.03309901521913343], [0.04979708459226572, 0.036765218595172865, 0.01717964899386281, 0.04004892883899669, 0.045007841920076], [0.03963266910343878, 0.03084555446749317, 0.04806019058604774, 0.04121646588662754, 0.04532682064554904]]","[[0.024358900709245995, 0.03371254104509103, 0.04941416184420135, 0.05028895086512241, 0.04235076736083168], [0.04699663615921984, 0.053105182049377996, 0.03807761257225344, 0.01920409525411138, 0.05153177086630508], [0.03797040382336879, 0.03549368842234518, 0.04430436510133059, 0.0316395733684485, 0.026956457691058075], [0.06779483515009982, 0.05033872735386109, 0.052949834255064096, 0.025237515485427558, 0.05782173400274927], [0.0387187265032035, 0.036982716336763276, 0.024687546115691236, 0.03775108010354801, 0.02231217756128094]]"
random_5x10_d5,6,5,5,10,500,2000,0.15,2.0,20.0,0.6286694832032396,0.5846337010854779,1,0.14999999999999947,0.1499999999999999,-4.440892098500626e-16,0.8097775343106247,0.3008593621741652,0.2597360461347684,0.1218602378204241,0.20973805859320496,0.001801747147340034,0.004546802446239855,0.9008735736700171,9.09360489247971,0.0,0.0,0.22,0.0,False,2026072601,2026072601:random_5x10_d5,hard,"[[0.02534065385917801, 0.008676411196285684, 0.013450297462273086, 0.03788714745973259, 0.045164657285759996, 0.03224368741630471, 0.018456571230461, 0.02162523994678862, 0.00621987517503989, 0.02084681158710216], [0.012457750977041888, 0.0029393701336850498, 0.006222814213146226, 0.008406400417484939, 0.002420557709047508, 0.011510919705701065, 0.013226880775727716, 0.0037659179191606986, 0.001801747147340034, 0.05194650338204198], [0.0023177793407048734, 0.02029210707756912, 0.02031883815943068, 0.020723553291895905, 0.016557023075101675, 0.01573938654460354, 0.03596293224375047, 0.007657207865346066, 0.0029881915499293784, 0.0094289292956364], [0.023118000253239703, 0.01031479107830059, 0.006899553570251779, 0.039317659967245185, 0.003948170511133721, 0.017509602457241494, 0.003675706472961204, 0.003229753258061198, 0.0033128408990314158, 0.004850816109902994], [0.03279454294788981, 0.018755626184545293, 0.01336967877098428, 0.10086993536321526, 0.027958591940970796, 0.0611038337311465, 0.03956400653047899, 0.04725961724177932, 0.030660286453746344, 0.014890822814603182]]","[[0.008369646494913775, 0.05481282641107643, 0.011539199073542375, 0.04274508320662615, 0.006563337343023526, 0.011684380971246052, 0.018284106177091003, 0.009142129063760064, 0.0059382291218766136, 0.04719688469403519], [0.03369330005076664, 0.010421442718148965, 0.041722596395759905, 0.007569707508164093, 0.019370146202960258, 0.022086133329074782, 0.013836617004745476, 0.021958389675223445, 0.02617587745212722, 0.027358405228294462], [0.004555771342403181, 0.009114305609181585, 0.020767850938196004, 0.007662600064742317, 0.011431443559396256, 0.03725630228041347, 0.026320189786345836, 0.008391984822880002, 0.012263832321259249, 0.020304929611759746], [0.038658000939078535, 0.039086105581001604, 0.04094973097542857, 0.020433079958876103, 0.004546802446239855, 0.019167757328881076, 0.022563002620569223, 0.038679027467642554, 0.011099561528745071, 0.009644706000015423], [0.018512047853560764, 0.007298764420989761, 0.007670748372531226, 0.03151154563972829, 0.009965621160478205, 0.013622703333826723, 0.014928317517729627, 0.028675409273740793, 0.013586416313036932, 0.010863002808865643]]"
