k,shape,nu0,entropy,N,lam_min,lam_tp,mu,sigma2,nu,a
2,uniform,1,1.0,11,2.75,0.6875,1.2538078777700146,3.0718264853197055,1.0235175729299277,1.22499887733325
2,uniform,1,1.0,13,3.25,0.8125,1.1946401694452995,2.851222553012703,1.001089959073381,1.1933394782533535
2,uniform,1,1.0,16,4.0,1.0,1.1561356390762951,2.8318284106587277,0.9440187907652411,1.2246955785054954
2,uniform,1,1.0,20,5.0,1.25,1.1068022254077987,2.5659236629953543,0.9548305616680955,1.1591608708818533
2,uniform,1,1.0,36,9.0,2.25,1.0773783274066957,2.228082244394414,1.0419220953678356,1.0340296382968466
2,uniform,1,1.0,66,16.5,4.125,1.0128227126036187,2.1786153196690896,0.9417081004659078,1.075516619324531
2,uniform,1,1.0,120,30.0,7.5,1.0353730643558547,2.092759613430192,1.0244821005854061,1.010630701858261
2,mild_skew,1,0.8112781244591328,12,0.75,0.421875,1.229301712234492,2.0831453008641376,1.4508663405051772,0.8472880498464535
2,mild_skew,1,0.8112781244591328,15,0.9375,0.52734375,1.2031974581204616,2.0821500234924466,1.3905665844378499,0.8652569906293743
2,mild_skew,1,0.8112781244591328,18,1.125,0.6328125,1.2565561553522433,2.211385586392513,1.4280036745010745,0.8799390210191632
2,mild_skew,1,0.8112781244591328,23,1.4375,0.80859375,1.196537048326102,2.1989006994030964,1.3021969645155722,0.9188602653295412
2,mild_skew,1,0.8112781244591328,28,1.75,0.984375,1.1992725334289907,2.370055901373213,1.2136883426284275,0.9881223138650098
2,mild_skew,1,0.8112781244591328,35,2.1875,1.23046875,1.1983504317614515,2.533039009916762,1.1338504868506127,1.0568857584477422
2,mild_skew,1,0.8112781244591328,43,2.6875,1.51171875,1.0671858874551912,2.3379753131032333,0.974249567136671,1.0953927242602333
2,mild_skew,1,0.8112781244591328,53,3.3125,1.86328125,1.1387631198148922,2.62318869737866,0.9887061836965171,1.1517710100258005
2,mild_skew,1,0.8112781244591328,65,4.0625,2.28515625,1.0506770627405801,2.296626183982932,0.9613425971262698,1.092926773328631
2,mild_skew,1,0.8112781244591328,80,5.0,2.8125,1.0112804273750917,2.0197543725891203,1.0126856182823516,0.9986124115106491
2,mild_skew,1,0.8112781244591328,145,9.0625,5.09765625,1.008641680570307,2.0928933140248156,0.9722024844421956,1.0374810769476879
2,mild_skew,1,0.8112781244591328,264,16.5,9.28125,1.0357369678044734,1.9859087653886112,1.0803628899506714,0.9586935810538295
2,mild_skew,1,0.8112781244591328,480,30.0,16.875,0.9975352034096222,1.8904861241372066,1.052720217658954,0.9475786506959535
2,strong_skew,1,0.4689955935892812,17,0.17000000000000004,0.13770000000000002,0.6897407926449505,1.5247847692379373,0.6240124778741761,1.1053317314978877
2,strong_skew,1,0.4689955935892812,29,0.29000000000000004,0.2349,0.8603485425081733,1.3289996851613668,1.1139199246778801,0.7723612114730475
2,strong_skew,1,0.4689955935892812,50,0.5000000000000001,0.405,1.0056592951227343,1.1786123115783937,1.7161718199131273,0.5859898661974539
2,strong_skew,1,0.4689955935892812,62,0.6200000000000001,0.5022,1.066046580654186,1.1824910091200633,1.922137764024373,0.5546150752598543
2,strong_skew,1,0.4689955935892812,76,0.7600000000000001,0.6156,1.0798988002160002,1.1360513285524287,2.053043536675266,0.5259989770917409
2,strong_skew,1,0.4689955935892812,94,0.9400000000000002,0.7614000000000001,1.1134883978492403,1.382620242198762,1.7934880082084452,0.6208507627333
2,strong_skew,1,0.4689955935892812,115,1.1500000000000001,0.9315,1.1295284333849471,1.6341703993793983,1.5614460796861465,0.723386127820683
2,strong_skew,1,0.4689955935892812,142,1.4200000000000004,1.1502000000000001,1.1717319061940255,1.9105617767682752,1.4372271827979788,0.8152725750099648
2,strong_skew,1,0.4689955935892812,176,1.7600000000000002,1.4256,1.1806296450752514,2.3288705493319917,1.197049238507768,0.9862832764899586
2,strong_skew,1,0.4689955935892812,216,2.1600000000000006,1.7496,1.1466206661522986,2.3159753497930002,1.1353652379461217,1.0099134867177526
2,strong_skew,1,0.4689955935892812,267,2.6700000000000004,2.1627,1.1260000546315743,2.366477627833504,1.0715302000898619,1.0508337091545756
2,strong_skew,1,0.4689955935892812,329,3.2900000000000005,2.6649000000000003,1.0913444804658652,2.612453543819627,0.9118116399512459,1.1968968508936986
2,strong_skew,1,0.4689955935892812,406,4.0600000000000005,3.2886,1.0686129252673813,2.328047406634814,0.9810226207542497,1.0892846940122427
2,strong_skew,1,0.4689955935892812,500,5.000000000000001,4.05,1.0342844038016872,1.9873879069764042,1.0765328944513017,0.9607550397508771
2,strong_skew,1,0.4689955935892812,909,9.090000000000002,7.362900000000001,1.0321641282011893,2.250451377851259,0.946799204844438,1.0901615917292378
2,strong_skew,1,0.4689955935892812,1651,16.51,13.3731,1.0464682172357074,2.205119841183441,0.9932301267551654,1.05360096220044
2,strong_skew,1,0.4689955935892812,3000,30.000000000000007,24.3,1.0617905343532852,2.3587807610736617,0.9559168511524311,1.1107561636487684
3,uniform,4,1.584962500721156,10,1.1111111111111112,0.12345679012345678,5.150983731214136,7.602968569746102,6.979545727654838,0.7380113165251648
3,uniform,4,1.584962500721156,13,1.4444444444444444,0.16049382716049382,5.21421331647416,8.708993174393864,6.243665591479513,0.8351205297717726
3,uniform,4,1.584962500721156,16,1.7777777777777777,0.19753086419753085,5.097837364797377,10.07924908127632,5.156722606687175,0.9885808785189578
3,uniform,4,1.584962500721156,19,2.111111111111111,0.2345679012345679,5.130464446457271,10.539753852464397,4.994740067901605,1.0271734618239476
3,uniform,4,1.584962500721156,24,2.6666666666666665,0.2962962962962963,4.88257920830182,11.55450300097868,4.126456970641141,1.1832376401935916
3,uniform,4,1.584962500721156,30,3.333333333333333,0.37037037037037035,4.605296043064988,11.107625126619627,3.818773392602686,1.2059621165230356
3,uniform,4,1.584962500721156,37,4.111111111111111,0.4567901234567901,4.44881281243982,10.434798452225357,3.793448532953276,1.1727621381425015
3,uniform,4,1.584962500721156,45,5.0,0.5555555555555556,4.426956625943435,10.192289825962803,3.845641225402102,1.151162151243204
3,uniform,4,1.584962500721156,82,9.11111111111111,1.0123456790123457,4.203067794290162,8.897043455372664,3.9711571539490063,1.0583987566723565
3,uniform,4,1.584962500721156,149,16.555555555555554,1.8395061728395061,4.010271069188068,8.113877927475121,3.9641400060775367,1.0116370922923525
3,uniform,4,1.584962500721156,270,30.0,3.3333333333333335,4.042859209201845,8.064254994150874,4.053619484325145,0.9973455142583293
3,mild_skew,4,1.4833557549816874,11,0.3055555555555555,0.09430727023319617,4.433561113931282,7.406560127025682,5.307852448058695,0.8352834140204524
3,mild_skew,4,1.4833557549816874,18,0.5,0.154320987654321,4.743840085762604,7.917750051660497,5.684447882910535,0.8345296119301697
3,mild_skew,4,1.4833557549816874,22,0.611111111111111,0.18861454046639234,4.809517836608341,9.208939799815166,5.023697042979487,0.9573662176403618
3,mild_skew,4,1.4833557549816874,27,0.75,0.2314814814814815,4.743314198313114,8.850994755350976,5.083955014280563,0.9329968862803454
3,mild_skew,4,1.4833557549816874,34,0.9444444444444444,0.29149519890260633,4.669412069555171,8.987633502911935,4.85186875237922,0.9623945551423712
3,mild_skew,4,1.4833557549816874,42,1.1666666666666665,0.360082304526749,4.53304511109662,8.977217432709653,4.577921417914165,0.9901972308563582
3,mild_skew,4,1.4833557549816874,51,1.4166666666666665,0.4372427983539095,4.374317930578135,8.784445609337363,4.356486045616432,1.0040931807826277
3,mild_skew,4,1.4833557549816874,63,1.75,0.5401234567901235,4.306096750271236,9.067091968757317,4.090058706052328,1.0528202795473873
3,mild_skew,4,1.4833557549816874,78,2.1666666666666665,0.6687242798353911,4.39403276099374,9.463542872383233,4.080400789651413,1.0768630307438796
3,mild_skew,4,1.4833557549816874,96,2.6666666666666665,0.8230452674897121,4.222956509948347,8.929025780333525,3.9944697492516346,1.0572007738297478
3,mild_skew,4,1.4833557549816874,118,3.2777777777777777,1.0116598079561043,4.197676866073659,8.394482063769097,4.198112745519033,0.9998961725251809
3,mild_skew,4,1.4833557549816874,146,4.055555555555555,1.2517146776406036,4.046532923390037,8.43075565572092,3.8844510192792043,1.0417258200209998
3,mild_skew,4,1.4833557549816874,180,5.0,1.54320987654321,4.10576332315044,7.77741087018288,4.33493684391936,0.9471333657166465
3,mild_skew,4,1.4833557549816874,327,9.083333333333332,2.803497942386832,4.00598071676764,8.311437213097474,3.8616381479307393,1.0373785847631134
3,mild_skew,4,1.4833557549816874,594,16.5,5.0925925925925934,3.9386068301075525,7.840240448922889,3.957180615372842,0.9953063084375946
3,mild_skew,4,1.4833557549816874,1080,30.0,9.25925925925926,4.054655890313799,8.262427305943978,3.979516861111578,1.0188814451162378
3,strong_skew,4,1.2866926683547546,22,0.09777777777777778,0.05914951989026063,3.6259324659315872,6.584425829980647,3.9934799440319195,0.9079631090548943
3,strong_skew,4,1.2866926683547546,38,0.1688888888888889,0.10216735253772291,4.241767136343102,7.436775814315802,4.838814262579923,0.8766129274987935
3,strong_skew,4,1.2866926683547546,66,0.29333333333333333,0.17744855967078188,4.225502548368268,7.4331975019775856,4.804089163920769,0.8795637225266862
3,strong_skew,4,1.2866926683547546,112,0.49777777777777776,0.30112482853223593,4.343111784670985,8.98651036511153,4.197985471063079,1.0345704659075807
3,strong_skew,4,1.2866926683547546,139,0.6177777777777778,0.37371742112482853,4.21210416704709,8.213035640132295,4.320405338888722,0.9749326363277089
3,strong_skew,4,1.2866926683547546,171,0.76,0.45975308641975304,4.265175083744266,7.882819771729209,4.615535816316727,0.9240909947369762
3,strong_skew,4,1.2866926683547546,211,0.9377777777777778,0.5672976680384088,4.2245039329617695,7.936835704273725,4.497115511664111,0.9393807924223266
3,strong_skew,4,1.2866926683547546,260,1.1555555555555554,0.6990397805212619,4.257277223004945,8.003475487027037,4.529134719758897,0.9399758422799966
3,strong_skew,4,1.2866926683547546,320,1.4222222222222223,0.8603566529492455,4.147799393113639,7.682696748426292,4.478698136572411,0.9261172033996443
3,strong_skew,4,1.2866926683547546,395,1.7555555555555555,1.062002743484225,4.185420229782436,8.417289002081755,4.162324115410459,1.0055488505295558
3,strong_skew,4,1.2866926683547546,487,2.1644444444444444,1.309355281207133,4.1480566624320065,8.197337740881638,4.198039563243854,0.9880937518432471
3,strong_skew,4,1.2866926683547546,600,2.6666666666666665,1.6131687242798354,4.221002962027401,8.629170313500332,4.129450540006058,1.022170606266956
3,strong_skew,4,1.2866926683547546,740,3.2888888888888888,1.9895747599451303,4.179412469895185,8.916705195883525,3.9179244372864077,1.066741469059543
3,strong_skew,4,1.2866926683547546,913,4.057777777777778,2.454705075445816,4.130899189030445,8.957247882956848,3.810172127177826,1.0841765282898594
3,strong_skew,4,1.2866926683547546,1125,5.0,3.024691358024691,4.090403993271043,8.494257178283721,3.939462739824486,1.038315187479926
3,strong_skew,4,1.2866926683547546,2044,9.084444444444445,5.495528120713305,4.088526469401768,8.184745722804584,4.084683692597592,1.0009407770817458
3,strong_skew,4,1.2866926683547546,3715,16.511111111111113,9.988203017832648,4.0687945618409715,8.019038007157471,4.1289464326494665,0.9854316659734681
3,strong_skew,4,1.2866926683547546,6750,30.0,18.14814814814815,4.0244098949573885,8.874052710844698,3.6501642553550475,1.102528438015713
4,uniform,9,2.0,12,0.75,0.046875,10.373632955410264,12.423094784144448,17.324549568907585,0.5987822606382708
4,uniform,9,2.0,15,0.9375,0.05859375,11.067161308715141,13.972499026453468,17.531875894388254,0.6312593914868865
4,uniform,9,2.0,18,1.125,0.0703125,11.270259964140164,15.353018186767615,16.54642209292437,0.6811297270700949
4,uniform,9,2.0,23,1.4375,0.08984375,11.19976293221536,18.615809341584026,13.476146799336734,0.8310805083220516
4,uniform,9,2.0,28,1.75,0.109375,11.149743460867185,21.21017961230539,11.722369307144048,0.9511510146734685
4,uniform,9,2.0,35,2.1875,0.13671875,10.895570306086997,21.292079631525766,11.150949493830897,0.9770979872265421
4,uniform,9,2.0,43,2.6875,0.16796875,10.560727756351756,24.72425224505639,9.021827607836236,1.1705752110779475
4,uniform,9,2.0,53,3.3125,0.20703125,10.275413900132463,23.016629316933493,9.174595407969356,1.1199855081573298
4,uniform,9,2.0,65,4.0625,0.25390625,9.837127267311407,22.222212486283542,8.709220374254942,1.1295072170168798
4,uniform,9,2.0,80,5.0,0.3125,9.763987790629646,22.192361657642692,8.591736115902094,1.1364394412158305
4,uniform,9,2.0,145,9.0625,0.56640625,9.419081716455228,20.443942584283427,8.679255482693954,1.0852407484992757
4,uniform,9,2.0,264,16.5,1.03125,9.08883056263282,18.467908762736027,8.945987556851044,1.0159672707874923
4,uniform,9,2.0,480,30.0,1.875,9.192851988638237,18.778077653624987,9.00076453445661,1.0213412375633515
4,mild_skew,9,1.9304066313306079,11,0.171875,0.03289794921875,9.100995775075956,11.604845248811294,14.274748576493883,0.6375590943901104
4,mild_skew,9,1.9304066313306079,19,0.296875,0.05682373046875001,10.48512490947073,16.06238743228763,13.688854764667582,0.7659607096229828
4,mild_skew,9,1.9304066313306079,32,0.5,0.09570312500000001,10.6755214490062,18.94421109895961,12.031829418798054,0.8872733378622529
4,mild_skew,9,1.9304066313306079,39,0.609375,0.11663818359375001,10.7048414225368,20.529603003575392,11.163745335134081,0.9588933732523406
4,mild_skew,9,1.9304066313306079,49,0.765625,0.14654541015625,10.273081170568476,20.092699316280207,10.504929683746111,0.9779295511576469
4,mild_skew,9,1.9304066313306079,60,0.9375,0.17944335937500003,10.29725983758393,21.675661198432262,9.783651736574303,1.052496564149928
4,mild_skew,9,1.9304066313306079,74,1.15625,0.22131347656250003,10.048623881258775,20.65773684557137,9.775982980309024,1.0278888477505443
4,mild_skew,9,1.9304066313306079,91,1.421875,0.27215576171875,9.794898765010766,20.875925899138775,9.191452612002937,1.0656529689572463
4,mild_skew,9,1.9304066313306079,112,1.75,0.3349609375,9.637703053267582,21.454527632007753,8.658808223247831,1.1130519125474496
4,mild_skew,9,1.9304066313306079,138,2.15625,0.41271972656250006,9.511300957091736,19.662864662018624,9.201593709905227,1.0336580006627676
4,mild_skew,9,1.9304066313306079,171,2.671875,0.51141357421875,9.424031778238437,19.63606081671051,9.04584435608058,1.0418078630662753
4,mild_skew,9,1.9304066313306079,211,3.296875,0.63104248046875,9.285658895704389,19.276001499951985,8.946197802234954,1.0379447337263916
4,mild_skew,9,1.9304066313306079,260,4.0625,0.7775878906250001,9.257771571018107,17.859493492600922,9.597846041564244,0.9645676259992693
4,mild_skew,9,1.9304066313306079,320,5.0,0.9570312500000001,9.154394453002645,18.13250536932081,9.243393132308732,0.9903716440454093
4,mild_skew,9,1.9304066313306079,582,9.09375,1.7406005859375002,9.042112175085226,18.30067771072472,8.935165558258086,1.0119691813352354
4,mild_skew,9,1.9304066313306079,1057,16.515625,3.1611938476562504,9.054369842922393,18.06021153486863,9.07869911646844,0.997320180652103
4,mild_skew,9,1.9304066313306079,1920,30.0,5.742187500000001,9.016024283115703,18.012771338165642,9.025673212372016,0.9989309463095688
4,strong_skew,9,1.7921113328010545,40,0.10000000000000002,0.04604591836734694,9.122228858403993,16.209744211227022,10.267288398969686,0.8884749803384699
4,strong_skew,9,1.7921113328010545,68,0.17000000000000004,0.0782780612244898,9.628310432361465,16.665655034923272,11.12519869007926,0.8654506495193991
4,strong_skew,9,1.7921113328010545,117,0.29250000000000004,0.13468431122448982,9.798723341210788,17.7239857116227,10.834468124697961,0.9044028030202871
4,strong_skew,9,1.7921113328010545,200,0.5000000000000001,0.23022959183673472,9.557692261216687,18.638843075703036,9.802054879597268,0.9750702662470075
4,strong_skew,9,1.7921113328010545,246,0.6150000000000001,0.2831823979591837,9.601024928700108,19.3588924584823,9.523238984793412,1.0081680134280893
4,strong_skew,9,1.7921113328010545,304,0.7600000000000001,0.34994897959183674,9.328252802147988,18.197629195140518,9.563476583424237,0.9754039465434624
4,strong_skew,9,1.7921113328010545,375,0.9375000000000002,0.4316804846938776,9.429452842538682,18.197544211043148,9.772151657222315,0.9649310789778467
4,strong_skew,9,1.7921113328010545,462,1.1550000000000002,0.5318303571428572,9.267675095173422,18.14282841137003,9.468182107247504,0.9788230718629077
4,strong_skew,9,1.7921113328010545,570,1.4250000000000003,0.6561543367346939,9.255792199462206,18.190258657615356,9.419293133993978,0.9826419103635599
4,strong_skew,9,1.7921113328010545,702,1.7550000000000003,0.8081058673469388,9.30127220735787,18.95750770655971,9.127113755088422,1.0190814376749007
4,strong_skew,9,1.7921113328010545,866,2.1650000000000005,0.9968941326530613,9.212755454539943,19.140552451917443,8.868590734605778,1.0388071487605368
4,strong_skew,9,1.7921113328010545,1067,2.6675000000000004,1.2282748724489796,9.23016883785813,18.4132468916472,9.253774445832773,0.9974490832780917
4,strong_skew,9,1.7921113328010545,1316,3.2900000000000005,1.5149107142857143,9.085007405396196,18.077047933124724,9.131729899864977,0.9948835001712576
4,strong_skew,9,1.7921113328010545,1622,4.055000000000001,1.8671619897959184,9.081139321556657,18.734086423198338,8.80396188152563,1.0314832621677588
4,strong_skew,9,1.7921113328010545,2000,5.000000000000001,2.302295918367347,9.055371286044426,19.186085183025565,8.547835407367547,1.059375953617383
4,strong_skew,9,1.7921113328010545,3634,9.085000000000003,4.183271683673469,9.065964701626523,18.485873186510606,8.892381240731924,1.0195204699613523
4,strong_skew,9,1.7921113328010545,6604,16.51,7.60218112244898,9.02471938945293,18.954490328833554,8.593801114712406,1.0501429191795935
4,strong_skew,9,1.7921113328010545,12000,30.000000000000007,13.813775510204083,8.994622245742114,18.397577809165586,8.79498705566483,1.022698747458497
5,uniform,16,2.321928094887362,12,0.4800000000000001,0.019200000000000002,15.182781381436243,15.0704032742665,30.591994956114622,0.4962991594113597
5,uniform,16,2.321928094887362,15,0.6000000000000001,0.024000000000000004,16.87096020657396,16.580041998380988,34.333965899434475,0.4913781372064521
5,uniform,16,2.321928094887362,19,0.7600000000000001,0.030400000000000007,18.334305462033377,20.380315512610853,32.98739477974689,0.555797315442746
5,uniform,16,2.321928094887362,23,0.9200000000000002,0.036800000000000006,19.093622212205418,22.86675455937991,31.886152294653417,0.5988060909878733
5,uniform,16,2.321928094887362,29,1.1600000000000001,0.04640000000000001,19.74757693248252,26.77976404749443,29.123990339325026,0.6780518981912349
5,uniform,16,2.321928094887362,36,1.4400000000000004,0.05760000000000001,19.764914382639034,32.25466763744152,24.22296487095586,0.8159576867626896
5,uniform,16,2.321928094887362,44,1.7600000000000002,0.07040000000000002,19.64951220665603,36.36027441367127,21.237646645172266,0.9252207899938267
5,uniform,16,2.321928094887362,54,2.1600000000000006,0.08640000000000002,19.215573841485245,39.866715861957616,18.523636576240467,1.0373542885273563
5,uniform,16,2.321928094887362,67,2.6800000000000006,0.10720000000000002,18.449898290057316,40.86151548074688,16.661092615316672,1.1073642477142334
5,uniform,16,2.321928094887362,82,3.2800000000000007,0.1312,18.11128682568597,42.24802740246108,15.528237915465755,1.166345268811702
5,uniform,16,2.321928094887362,101,4.040000000000001,0.16160000000000002,17.39328765350213,38.03033183890089,15.909745761829932,1.0932473663552473
5,uniform,16,2.321928094887362,125,5.000000000000001,0.20000000000000004,17.135170839231325,37.970148519991206,15.46552179194434,1.107959438404249
5,uniform,16,2.321928094887362,227,9.080000000000002,0.3632000000000001,16.404451528601918,33.35418978898424,16.136265438120542,1.0166200842140218
5,uniform,16,2.321928094887362,413,16.520000000000003,0.6608000000000002,16.2659550719033,32.107750482201304,16.48083658478942,0.986961735116988
5,uniform,16,2.321928094887362,750,30.000000000000007,1.2000000000000002,16.26296225876439,31.737992880972318,16.666708724896047,0.9757752731630478
5,mild_skew,16,2.268995593589281,17,0.17000000000000004,0.022032000000000003,16.53939163446593,19.787943903755146,27.648297060952334,0.5982065223765444
5,mild_skew,16,2.268995593589281,29,0.29000000000000004,0.037584000000000006,18.560234170707194,27.554026042639475,25.0041349266641,0.7422865948029576
5,mild_skew,16,2.268995593589281,50,0.5000000000000001,0.06480000000000001,18.836583032899153,35.362188841686034,20.067584726940616,0.9386572070933454
5,mild_skew,16,2.268995593589281,62,0.6200000000000001,0.080352,18.730430418691903,36.795086303613076,19.06934098616366,0.9822274630404029
5,mild_skew,16,2.268995593589281,76,0.7600000000000001,0.09849600000000001,18.08575989065595,37.56436446550837,17.41516011126972,1.03850666747257
5,mild_skew,16,2.268995593589281,94,0.9400000000000002,0.12182400000000002,17.91242657514518,37.273976511653004,17.216034125559855,1.040450224744352
5,mild_skew,16,2.268995593589281,115,1.1500000000000001,0.14904,17.46643110439765,36.43514846702194,16.746258948322897,1.043004957602598
5,mild_skew,16,2.268995593589281,142,1.4200000000000004,0.18403200000000003,17.358610651947686,36.95083056884776,16.309314790880368,1.0643372130908926
5,mild_skew,16,2.268995593589281,176,1.7600000000000002,0.22809600000000002,16.858940916164002,36.180067307102256,15.711628527507727,1.0730231361216043
5,mild_skew,16,2.268995593589281,216,2.1600000000000006,0.279936,16.92226180033147,35.591890211904506,16.09147155343703,1.0516292275778212
5,mild_skew,16,2.268995593589281,267,2.6700000000000004,0.34603200000000006,16.579636369218882,34.70397414897282,15.841663606337235,1.0465842970296648
5,mild_skew,16,2.268995593589281,329,3.2900000000000005,0.42638400000000004,16.271009552970657,33.95380330596642,15.59446813584744,1.0433834236108401
5,mild_skew,16,2.268995593589281,406,4.0600000000000005,0.5261760000000001,16.120629679865015,33.6748370448268,15.434355387045136,1.044464072234329
5,mild_skew,16,2.268995593589281,500,5.000000000000001,0.648,16.12837999729929,33.7662078320532,15.407394435945855,1.0467947753496438
5,mild_skew,16,2.268995593589281,909,9.090000000000002,1.1780640000000002,16.28709299157553,31.553272647882142,16.81406560114985,0.9686588227930858
5,mild_skew,16,2.268995593589281,1651,16.51,2.1396960000000003,16.142449386204756,31.744371237506147,16.417315072116292,0.983257573805209
5,mild_skew,16,2.268995593589281,3000,30.000000000000007,3.8880000000000003,16.159894007436336,32.934598390751155,15.858227340941975,1.0190227230325757
5,strong_skew,16,2.162292189082415,62,0.09920000000000001,0.035712,16.86663160778028,30.773138385385103,18.489063951155575,0.9122490815294144
5,strong_skew,16,2.162292189082415,107,0.17120000000000002,0.061632,17.339175410118692,30.842258047062302,19.495784222031116,0.8893807611249945
5,strong_skew,16,2.162292189082415,182,0.2912,0.104832,17.225514622673966,33.66184515796298,17.62935766732701,0.9770925831630555
5,strong_skew,16,2.162292189082415,312,0.49920000000000003,0.179712,16.65743528889753,34.31960758419364,16.16977407000431,1.030158814636616
5,strong_skew,16,2.162292189082415,385,0.616,0.22176,16.747215184220288,35.29658398808108,15.89214505977616,1.0538045758598287
5,strong_skew,16,2.162292189082415,475,0.76,0.2736,16.648918736967914,34.087200743000004,16.263376814071954,1.0237061421686036
5,strong_skew,16,2.162292189082415,586,0.9376000000000001,0.337536,16.435750639332937,33.33927287733899,16.205146409293498,1.0142303083363189
5,strong_skew,16,2.162292189082415,722,1.1552,0.415872,16.465559333451314,31.763972038997554,17.070575671742205,0.9645579416930615
5,strong_skew,16,2.162292189082415,890,1.4240000000000002,0.51264,16.179034013751,31.742815001510483,16.4926230774212,0.9809861013497901
5,strong_skew,16,2.162292189082415,1098,1.7568000000000001,0.632448,16.420159856204915,32.28653000166517,16.7018041077451,0.9831368964859563
5,strong_skew,16,2.162292189082415,1352,2.1632000000000002,0.778752,16.28190416847819,33.34539108435041,15.900272555263193,1.0240015768213149
5,strong_skew,16,2.162292189082415,1668,2.6688,0.9607680000000001,16.061476287947396,33.577667492543796,15.365630778587052,1.045285840808439
5,strong_skew,16,2.162292189082415,2056,3.2896,1.184256,16.34360073446427,34.83722422663857,15.334935024090164,1.0657756755271255
5,strong_skew,16,2.162292189082415,2535,4.056,1.4601600000000001,16.24086914245946,33.61106097463367,15.69518026827873,1.0347679265133138
5,strong_skew,16,2.162292189082415,3125,5.0,1.8,16.131659730092718,34.72867320954853,14.98648935289273,1.0764135182185908
5,strong_skew,16,2.162292189082415,5679,9.086400000000001,3.2711040000000002,16.068909795368516,33.99298155625204,15.19195140822826,1.0577251969529917
5,strong_skew,16,2.162292189082415,10319,16.5104,5.943744,16.084917937464162,31.235482896386333,16.56606916647916,0.9709556187300855
5,strong_skew,16,2.162292189082415,18750,30.0,10.8,16.112042719793347,31.422214649663914,16.523209678170943,0.9751157936995258
6,uniform,25,2.584962500721156,11,0.3055555555555555,0.008487654320987654,18.453954417503688,17.335044016193145,39.29017236128021,0.46968372263211916
6,uniform,25,2.584962500721156,18,0.5,0.013888888888888888,24.553354143880288,22.12309156388761,54.50117113820449,0.45051057860055344
6,uniform,25,2.584962500721156,22,0.611111111111111,0.016975308641975308,26.77318744763071,25.121624555907538,57.06665701581063,0.46915640143793697
6,uniform,25,2.584962500721156,27,0.75,0.020833333333333332,28.645627937635417,29.46027634635366,55.70701308394224,0.5142194196352026
6,uniform,25,2.584962500721156,34,0.9444444444444444,0.026234567901234566,30.064382790164235,35.63651154634692,50.727025364309455,0.5926699343052145
6,uniform,25,2.584962500721156,42,1.1666666666666665,0.032407407407407406,30.226654322845036,42.2120993824722,43.28856630770386,0.6982595382805677
6,uniform,25,2.584962500721156,51,1.4166666666666665,0.03935185185185185,30.424225728107253,48.37815891898632,38.26658689946766,0.7950598209355978
6,uniform,25,2.584962500721156,63,1.75,0.04861111111111111,30.083676892543405,53.68949924256757,33.7133937974002,0.8923360570973814
6,uniform,25,2.584962500721156,78,2.1666666666666665,0.06018518518518518,29.84452490447061,60.95426438550292,29.225048509826834,1.0211967618953814
6,uniform,25,2.584962500721156,96,2.6666666666666665,0.07407407407407407,28.662170092906788,62.78938062888384,26.16748202344304,1.0953354268946778
6,uniform,25,2.584962500721156,118,3.2777777777777777,0.09104938271604938,28.102097986708362,60.82761136768031,25.966099720107252,1.0822610361057448
6,uniform,25,2.584962500721156,146,4.055555555555555,0.11265432098765432,27.128282342422406,58.48591252622789,25.1665288635158,1.0779508961901607
6,uniform,25,2.584962500721156,180,5.0,0.1388888888888889,26.57807800541409,59.44672382903819,23.76562356887431,1.1183412851924168
6,uniform,25,2.584962500721156,327,9.083333333333332,0.2523148148148148,25.68687232421976,52.25931772084686,25.251589135751725,1.0172378532744204
6,uniform,25,2.584962500721156,594,16.5,0.4583333333333333,25.456285548696698,51.94336523815963,24.95111631545665,1.0202463579926924
6,uniform,25,2.584962500721156,1080,30.0,0.8333333333333334,25.302380796296042,51.28203226329613,24.968217744326246,1.0133835364378674
6,mild_skew,25,2.5422509372837157,14,0.09722222222222221,0.009077074759945127,20.578435436922128,20.95511745275878,40.41704905603586,0.5091523482674685
6,mild_skew,25,2.5422509372837157,25,0.1736111111111111,0.016209062071330584,26.501643033601393,28.484979335069518,49.31280273851175,0.5374191196174791
6,mild_skew,25,2.5422509372837157,42,0.29166666666666663,0.027231224279835382,29.533051879527058,41.077831177246004,42.46578401646335,0.6954552368108294
6,mild_skew,25,2.5422509372837157,72,0.5,0.046682098765432084,29.223503047560833,54.741090780898354,31.201904024492006,0.9365935817449402
6,mild_skew,25,2.5422509372837157,89,0.6180555555555555,0.05770426097393688,28.918090314530545,55.28128180818033,30.254578768309205,0.9558252499889837
6,mild_skew,25,2.5422509372837157,109,0.7569444444444444,0.07067151063100136,28.18188846198419,57.3112049430471,27.71600555503836,1.0168091648712034
6,mild_skew,25,2.5422509372837157,135,0.9375,0.08752893518518516,27.878173714615755,59.07298418214259,26.312961175820654,1.0594844695865473
6,mild_skew,25,2.5422509372837157,166,1.1527777777777777,0.10762817215363508,27.212338802629713,57.29997387860492,25.846831437583052,1.0528307451667411
6,mild_skew,25,2.5422509372837157,205,1.423611111111111,0.1329143089849108,26.78946500273435,55.61902772909938,25.80683138253591,1.038076492446237
6,mild_skew,25,2.5422509372837157,253,1.7569444444444444,0.16403570816186552,26.23823393444001,55.93501776052613,24.615882771176715,1.0659066822158798
6,mild_skew,25,2.5422509372837157,312,2.1666666666666665,0.2022890946502057,25.91979747944403,53.43978305975485,25.143661254169583,1.0308680672010622
6,mild_skew,25,2.5422509372837157,384,2.6666666666666665,0.24897119341563778,25.603534054435688,51.54814952642878,25.434121771550753,1.0066608269161639
6,mild_skew,25,2.5422509372837157,474,3.2916666666666665,0.3073238168724279,25.541094756201204,53.71717651639867,24.288228222349,1.0515832823367235
6,mild_skew,25,2.5422509372837157,584,4.055555555555555,0.37864368998628245,25.620089461601832,53.27078738641843,24.643487217830383,1.0396292227288695
6,mild_skew,25,2.5422509372837157,720,5.0,0.46682098765432084,25.278607847878117,50.0311231422535,25.544420136638294,0.9895941153747734
6,mild_skew,25,2.5422509372837157,1308,9.083333333333332,0.8480581275720162,25.263048944089473,51.01389968298912,25.021480259988003,1.0096544521583628
6,mild_skew,25,2.5422509372837157,2377,16.506944444444443,1.541157621742112,25.137013399104713,49.61023091064524,25.473352210952314,0.9867964448078023
6,mild_skew,25,2.5422509372837157,4320,30.0,2.800925925925925,25.107122146131577,49.641472919871184,25.396812196861237,0.9885934483239804
6,strong_skew,25,2.455372792042982,90,0.1,0.028840877914951987,26.641874123151425,50.76670760861065,27.962792555547036,0.952761569511641
6,strong_skew,25,2.455372792042982,154,0.1711111111111111,0.0493499466544734,26.76338863610448,47.37136612079004,30.241009704502083,0.8850031430041876
6,strong_skew,25,2.455372792042982,263,0.2922222222222222,0.0842794543514708,26.869972948441212,51.62178671122741,27.97250898303112,0.9605850145491514
6,strong_skew,25,2.455372792042982,450,0.5,0.14420438957475992,26.222237547147447,53.51612220099223,25.697143727886946,1.0204339371262754
6,strong_skew,25,2.455372792042982,554,0.6155555555555555,0.17753162627648222,26.04961612195445,52.79231361766055,25.707624977973456,1.013303101483471
6,strong_skew,25,2.455372792042982,684,0.76,0.2191906721536351,25.72641839773205,52.144731887303294,25.38506114119342,1.0134471709419954
6,strong_skew,25,2.455372792042982,843,0.9366666666666666,0.2701428898033836,25.69263708099941,53.935429886107045,24.47784699481855,1.0496281428034913
6,strong_skew,25,2.455372792042982,1040,1.1555555555555554,0.33327236701722296,25.586241325462723,51.64610827118401,25.351600230063493,1.0092554747341342
6,strong_skew,25,2.455372792042982,1282,1.4244444444444444,0.4108222831885383,25.34733139426453,50.726607396792446,25.33136914854251,1.0006301375037574
6,strong_skew,25,2.455372792042982,1580,1.7555555555555555,0.5063176345069349,25.612205478125027,52.21992351252393,25.123938348794113,1.01943433877891
6,strong_skew,25,2.455372792042982,1948,2.1644444444444444,0.624244779759183,25.263197843287255,49.463585987494845,25.806020834414554,0.9789652579678849
6,strong_skew,25,2.455372792042982,2401,2.667777777777778,0.769410531931108,25.20141223442377,50.92385515978744,24.943562368423603,1.010337331219641
6,strong_skew,25,2.455372792042982,2961,3.29,0.9488648834019203,25.367363575536015,49.43897934516284,26.032217626531256,0.9744603375504345
6,strong_skew,25,2.455372792042982,3650,4.055555555555555,1.1696578265508306,25.32440055312811,50.514496212603945,25.391731540826786,0.9973483105084655
6,strong_skew,25,2.455372792042982,4500,5.0,1.4420438957475994,25.007408767819395,49.84002283192771,25.095112632259696,0.9965051416295475
6,strong_skew,25,2.455372792042982,8177,9.085555555555555,2.6203539856729154,25.184641041872727,50.527107048667986,25.105975048088606,1.0031333574431363
6,strong_skew,25,2.455372792042982,14859,16.51,4.761628943758573,25.22703953326154,49.4803120376026,25.723504861048784,0.980699934535787
6,strong_skew,25,2.455372792042982,27000,30.0,8.652263374485596,25.01415545105058,50.811403799863264,24.628643420042934,1.0156529949470914
7,uniform,36,2.807354922057604,14,0.2857142857142857,0.005830903790087463,25.99889762486665,22.93264044652358,58.9502704047117,0.44103101557255353
7,uniform,36,2.807354922057604,25,0.5102040816326531,0.010412328196584754,36.10140042304009,30.81341174603943,84.59375568316928,0.4267620007113929
7,uniform,36,2.807354922057604,30,0.6122448979591836,0.012494793835901706,38.59164816540384,32.60565984980745,91.35317702402592,0.42244451066276784
7,uniform,36,2.807354922057604,37,0.7551020408163265,0.015410245730945436,40.75004932605252,40.07079741815411,82.8816308668413,0.4916656308503638
7,uniform,36,2.807354922057604,46,0.9387755102040816,0.01915868388171595,42.49614352007356,47.6434077642118,75.80995142145314,0.5605615453283057
7,uniform,36,2.807354922057604,57,1.163265306122449,0.02374010828821324,43.36915218468979,59.86033361933038,62.84239487136434,0.6901257069127388
7,uniform,36,2.807354922057604,70,1.4285714285714284,0.029154518950437313,43.34758283844248,69.31267078308022,54.21845433762495,0.7994986830224222
7,uniform,36,2.807354922057604,86,1.7551020408163265,0.035818408996251556,43.277742153535755,80.01628963622939,46.814541749506326,0.9244508337837597
7,uniform,36,2.807354922057604,106,2.1632653061224487,0.04414827155351936,42.110456338221844,85.71584211572024,41.376027797038184,1.0177500978292613
7,uniform,36,2.807354922057604,131,2.6734693877551017,0.05456059975010411,41.31485783229872,94.98160843359902,35.942063013101084,1.1494848756243963
7,uniform,36,2.807354922057604,161,3.2857142857142856,0.06705539358600582,39.69692457031234,89.66876449452155,35.14815508442399,1.129417019896562
7,uniform,36,2.807354922057604,199,4.061224489795918,0.08288213244481464,39.013615267687335,86.07511368366056,35.365905686722456,1.1031419812425263
7,uniform,36,2.807354922057604,245,5.0,0.10204081632653059,38.23998029306321,85.20977542627094,34.32226139544604,1.1141451273410843
7,uniform,36,2.807354922057604,445,9.081632653061224,0.18533944189920862,36.88220137560967,74.1104898372339,36.7099659251637,1.0046917899841443
7,uniform,36,2.807354922057604,809,16.51020408163265,0.33694294044148265,36.524608276478624,76.35132627043394,34.944959699195245,1.0452039032490215
7,uniform,36,2.807354922057604,1470,29.999999999999996,0.6122448979591836,36.1729786293735,73.76635989264233,35.476452540845095,1.0196334762537624
7,mild_skew,36,2.7715546487390923,20,0.1020408163265306,0.0071823814907054015,31.22260743944429,26.602439427890115,73.2903625594278,0.4260124571512019
7,mild_skew,36,2.7715546487390923,34,0.17346938775510204,0.012210048534199183,38.79110675662973,37.20965705320284,80.87953948367404,0.47961582130991137
7,mild_skew,36,2.7715546487390923,57,0.29081632653061223,0.020469787248510393,42.17679026602286,56.380696415896466,63.10250671690985,0.6683853377685323
7,mild_skew,36,2.7715546487390923,98,0.49999999999999994,0.035193669304456464,42.025205204774316,78.27943761974738,45.12341749521858,0.9313391479984299
7,mild_skew,36,2.7715546487390923,121,0.6173469387755102,0.04345340801876768,41.46584562467712,85.54959260464346,40.19695012027979,1.0315669596972026
7,mild_skew,36,2.7715546487390923,149,0.760204081632653,0.05350874210575524,40.43927085239395,83.58234089967326,39.13110375877668,1.0334303653094339
7,mild_skew,36,2.7715546487390923,184,0.9387755102040816,0.0660779097144897,39.65827170127661,87.74726290343764,35.84792191325801,1.1062920689583786
7,mild_skew,36,2.7715546487390923,226,1.1530612244897958,0.08116091084497104,38.829064137638454,86.6146721055446,34.8138758746932,1.1153329861172958
7,mild_skew,36,2.7715546487390923,279,1.423469387755102,0.10019422179534035,38.141280847546724,81.11002321600944,35.87120918008308,1.0632839460768462
7,mild_skew,36,2.7715546487390923,344,1.7551020408163265,0.1235369616401329,38.03145165910889,83.02299664575392,34.84314885598892,1.0915044394035
7,mild_skew,36,2.7715546487390923,424,2.1632653061224487,0.1522664876029545,37.59267181262023,76.7132145527757,36.84395139090773,1.0203213931580983
7,mild_skew,36,2.7715546487390923,523,2.6683673469387754,0.18781927598194625,36.95652730508085,75.41828008557786,36.218935486235345,1.0203648121885254
7,mild_skew,36,2.7715546487390923,645,3.290816326530612,0.2316318030752492,36.78564814255732,76.72019775890404,35.275819114034604,1.0428006795148246
7,mild_skew,36,2.7715546487390923,795,4.0561224489795915,0.2854996642555397,36.64827035656693,74.53687523725738,36.038423018212974,1.0169221427376485
7,mild_skew,36,2.7715546487390923,980,5.0,0.35193669304456465,36.33969299626714,71.40767208140501,36.98687405906437,0.9825024125649616
7,mild_skew,36,2.7715546487390923,1781,9.08673469387755,0.639591071747316,36.44030348516733,77.82698242148525,34.12430179804873,1.0678695699277583
7,mild_skew,36,2.7715546487390923,3236,16.51020408163265,1.1621093251961339,36.14734064528284,70.34697910378333,37.14815482832425,0.9730588453809738
7,mild_skew,36,2.7715546487390923,5880,29.999999999999996,2.111620158267388,35.99577597008618,71.59441607451443,36.19544536378625,0.9944835768231811
7,strong_skew,36,2.6982826861451885,123,0.10040816326530612,0.023688129945855892,38.868875037288525,78.01613826086776,38.73017763613532,1.003581119675108
7,strong_skew,36,2.6982826861451885,209,0.17061224489795918,0.040250562265722614,38.71007611550188,71.15543601846467,42.11821546505876,0.9190815823527881
7,strong_skew,36,2.6982826861451885,358,0.2922448979591836,0.06894593919200333,38.499825317872485,76.98730133729845,38.506000957552416,0.9998396187730131
7,strong_skew,36,2.6982826861451885,613,0.5004081632653061,0.1180554768846314,37.87116242069899,79.68835068197535,35.99584960212684,1.0520980290589208
7,strong_skew,36,2.6982826861451885,755,0.6163265306122448,0.14540274885464388,37.54168534424747,77.8955736739942,36.18634723418212,1.0374544051460677
7,strong_skew,36,2.6982826861451885,931,0.7599999999999999,0.17929795918367347,37.35020566857664,77.10092185268547,36.18731994282594,1.0321351713138194
7,strong_skew,36,2.6982826861451885,1148,0.937142857142857,0.22108921282798832,36.664454047526725,74.95871580881588,35.86726843164776,1.022225991850987
7,strong_skew,36,2.6982826861451885,1415,1.1551020408163264,0.2725097875885048,36.69946292402869,76.71888417705144,35.111318246076195,1.0452317018353467
7,strong_skew,36,2.6982826861451885,1744,1.423673469387755,0.3358707205331112,36.58743300283862,76.80428298839757,34.858479284011445,1.0495992296376564
7,strong_skew,36,2.6982826861451885,2151,1.7559183673469385,0.41425339441899206,36.434890315885916,75.692341437924,35.07623643587069,1.0387343118324348
7,strong_skew,36,2.6982826861451885,2651,2.164081632653061,0.510546605581008,36.248712347236626,75.70118497062153,34.71462559912732,1.0441913666540559
7,strong_skew,36,2.6982826861451885,3268,2.667755102040816,0.6293724281549354,36.426166298680485,72.11608880480979,36.798046405717734,0.9898940258149285
7,strong_skew,36,2.6982826861451885,4030,3.2897959183673464,0.7761232819658476,36.03071762944074,69.70710743640178,37.247639749703666,0.9673288796702183
7,strong_skew,36,2.6982826861451885,4969,4.056326530612244,0.9569619325281132,36.100916745596514,72.77525994099663,35.81646265308119,1.0079419929117666
7,strong_skew,36,2.6982826861451885,6125,4.999999999999999,1.1795918367346938,36.16957658175279,75.46289196801149,34.67235977804398,1.043181854748084
7,strong_skew,36,2.6982826861451885,11130,9.085714285714285,2.1434868804664724,36.144980039720096,67.83965090643655,38.516105687914404,0.9384380739993057
7,strong_skew,36,2.6982826861451885,20225,16.51020408163265,3.89506039150354,35.98392498695354,72.06105114252438,35.937384674162544,1.0012950389465725
7,strong_skew,36,2.6982826861451885,36750,29.999999999999996,7.077551020408163,35.910556605938616,71.25418854855354,36.19627426869349,0.9921064344735061
8,uniform,49,3.0,11,0.171875,0.002685546875,24.27279167547172,21.730146910664285,54.22590267272505,0.4476235614180127
8,uniform,49,3.0,19,0.296875,0.004638671875,37.289529525322955,28.464581805341883,97.70099710082364,0.38166989725643846
8,uniform,49,3.0,32,0.5,0.0078125,49.06686482391962,37.7088931134336,127.69174721764088,0.3842602665643605
8,uniform,49,3.0,39,0.609375,0.009521484375,52.573306699147004,45.196246712148685,122.30894281491868,0.4298402511638286
8,uniform,49,3.0,49,0.765625,0.011962890625,55.977583665395294,55.0035969150698,113.93763494611827,0.4913002072745094
8,uniform,49,3.0,60,0.9375,0.0146484375,57.7884732178854,64.76370370586092,103.128988793519,0.5603513996785843
8,uniform,49,3.0,74,1.15625,0.01806640625,58.72079612465716,76.95348972785979,89.61599817519934,0.6552490327659797
8,uniform,49,3.0,91,1.421875,0.022216796875,59.09100859918004,92.04446811028973,75.87087782580221,0.7788364955372157
8,uniform,49,3.0,112,1.75,0.02734375,58.199992482279214,104.50765932324506,64.8227918771108,0.8978322407435504
8,uniform,49,3.0,138,2.15625,0.03369140625,57.31964689813937,115.20419198240981,57.03858278054739,1.0049276139744452
8,uniform,49,3.0,171,2.671875,0.041748046875,56.00380694895194,123.17014012688074,50.92835632961957,1.0996586378418134
8,uniform,49,3.0,211,3.296875,0.051513671875,54.3830949581622,125.6189722380744,47.0871710623991,1.154945046201537
8,uniform,49,3.0,260,4.0625,0.0634765625,53.01551585675914,115.46968135010286,48.68195510190131,1.0890178043545455
8,uniform,49,3.0,320,5.0,0.078125,51.863822326516015,115.73768777911314,46.4819389074032,1.1157844002556367
8,uniform,49,3.0,582,9.09375,0.14208984375,50.11491089660911,107.53240062248551,46.71158236283072,1.0728583439401207
8,uniform,49,3.0,1057,16.515625,0.258056640625,49.45046309389533,102.37528013879488,47.77224144120403,1.035129640185646
8,uniform,49,3.0,1920,30.0,0.46875,49.487040572656106,98.24626410424456,49.853644959796654,0.9926463874921043
8,mild_skew,49,2.9691853060460174,26,0.1015625,0.005578994750976562,43.14646712203707,37.732087421929776,98.67557043934228,0.43725581650992346
8,mild_skew,49,2.9691853060460174,44,0.171875,0.009441375732421873,52.59032917494752,53.67980921066959,103.04592223400107,0.5103581785169835
8,mild_skew,49,2.9691853060460174,75,0.29296875,0.016093254089355465,57.3435828845979,78.46008351650804,83.8206219179181,0.6841226129382812
8,mild_skew,49,2.9691853060460174,128,0.5,0.027465820312499993,56.908241085619416,107.92837591369974,60.01290904346687,0.9482666645004865
8,mild_skew,49,2.9691853060460174,158,0.6171875,0.03390312194824218,56.09892521391737,116.68657775368594,53.94089827194855,1.0400072488798557
8,mild_skew,49,2.9691853060460174,195,0.76171875,0.04184246063232421,54.81895468188601,119.04734021952379,50.48609715888188,1.0858227862092102
8,mild_skew,49,2.9691853060460174,240,0.9375,0.05149841308593749,53.65454647718931,116.88839100985383,49.25742125118619,1.0892682790595178
8,mild_skew,49,2.9691853060460174,296,1.15625,0.06351470947265624,52.89750569830828,117.051728080259,47.81041946145295,1.1064012048870808
8,mild_skew,49,2.9691853060460174,365,1.42578125,0.07832050323486327,52.062106411689115,111.82060483243035,48.47877415944631,1.073915488053746
8,mild_skew,49,2.9691853060460174,450,1.7578125,0.0965595245361328,51.141890072537684,106.65189700400613,49.047283614529306,1.0427058606236022
8,mild_skew,49,2.9691853060460174,554,2.1640625,0.11887550354003903,50.543094207056576,106.01830755737406,48.191759157085535,1.0487912267802186
8,mild_skew,49,2.9691853060460174,683,2.66796875,0.14655590057373044,50.08814428516567,99.59613517935864,50.37991069459749,0.9942086755333784
8,mild_skew,49,2.9691853060460174,842,3.2890625,0.18067359924316403,50.016149364122846,103.85051236209118,48.17723360847697,1.0381698079759047
8,mild_skew,49,2.9691853060460174,1038,4.0546875,0.22273063659667963,49.96134048214739,102.69383712023108,48.61315172887452,1.0277330044509765
8,mild_skew,49,2.9691853060460174,1280,5.0,0.27465820312499994,49.61657055469608,97.84789617685931,50.31899856404562,0.9860405010156255
8,mild_skew,49,2.9691853060460174,2326,9.0859375,0.4991054534912108,49.29355309546405,105.90144461071256,45.88897508824991,1.074191633190036
8,mild_skew,49,2.9691853060460174,4227,16.51171875,0.907015800476074,49.388609944642056,98.2027491363547,49.67752560322143,0.9941841777529948
8,mild_skew,49,2.9691853060460174,7680,30.0,1.6479492187499998,49.019324858000175,97.69000749696431,49.194268095615065,0.9964438288364234
8,strong_skew,49,2.9058319805028345,160,0.10000000000000002,0.019641012396694215,52.89538579230685,97.58477842191354,57.343407104333366,0.922431862063348
8,strong_skew,49,2.9058319805028345,274,0.17125000000000004,0.03363523372933885,52.25072854248873,99.35251614789073,54.95862085982626,0.9507285249343483
8,strong_skew,49,2.9058319805028345,467,0.29187500000000005,0.05732720493285124,52.08449200199587,99.95788136061532,54.278747612088694,0.9595743139511176
8,strong_skew,49,2.9058319805028345,800,0.5000000000000001,0.09820506198347108,50.944433038169535,101.89402795354259,50.94185223031624,1.000050661837768
8,strong_skew,49,2.9058319805028345,986,0.6162500000000001,0.12103773889462811,50.66793157200307,107.59820010890347,47.71900063731184,1.0617978351454713
8,strong_skew,49,2.9058319805028345,1216,0.7600000000000001,0.14927169421487604,49.95253993003408,99.948362869326,49.930907797339,1.0004332413258512
8,strong_skew,49,2.9058319805028345,1499,0.9368750000000002,0.18401173489152894,50.18009174636263,98.99415374324312,50.872531608367645,0.986388728059857
8,strong_skew,49,2.9058319805028345,1848,1.1550000000000002,0.2268536931818182,50.24327894737308,97.71226149991182,51.66981176432644,0.9723913680301374
8,strong_skew,49,2.9058319805028345,2278,1.4237500000000003,0.2796389139979339,49.882162321067156,102.82800111278627,48.39596395725113,1.0307091385787626
8,strong_skew,49,2.9058319805028345,2810,1.7562500000000003,0.34494528021694215,49.54580375041323,96.1069052646122,51.08450142090562,0.9698793640400942
8,strong_skew,49,2.9058319805028345,3462,2.1637500000000003,0.4249824057334711,49.474165272034384,98.27860447677371,49.811310252030275,0.993231557686597
8,strong_skew,49,2.9058319805028345,4269,2.6681250000000003,0.5240467620092976,49.294215069343345,98.7757610105817,49.200727272399604,1.001900130386816
8,strong_skew,49,2.9058319805028345,5264,3.2900000000000005,0.6461893078512397,49.28139995540901,98.86706095127121,49.129737613258335,1.003086976432574
8,strong_skew,49,2.9058319805028345,6490,4.05625,0.7966885653409091,48.99881728546915,99.00042989731524,48.502498380361054,1.0102328523618704
8,strong_skew,49,2.9058319805028345,8000,5.000000000000001,0.9820506198347108,49.37756712994653,103.53587859931736,47.097569821336336,1.0484100839440191
8,strong_skew,49,2.9058319805028345,14538,9.086250000000001,1.7846314888946282,49.176675147913414,100.51195115675392,48.12055384004758,1.0219474054969604
8,strong_skew,49,2.9058319805028345,26416,16.51,3.242731146694215,49.01383278833455,98.7269639098156,48.6666602408093,1.007133683425314
8,strong_skew,49,2.9058319805028345,48000,30.000000000000007,5.8923037190082646,49.15530287461299,96.87724185608809,49.882588612179646,0.9854200482011659
9,uniform,64,3.169925001442312,14,0.1728395061728395,0.002133821063862216,33.24033948106645,27.826386273333558,79.41528288748054,0.4185635090938729
9,uniform,64,3.169925001442312,24,0.2962962962962963,0.003657978966620942,49.36390336154145,37.18255335517051,131.07195365585343,0.37661682751103903
9,uniform,64,3.169925001442312,40,0.49382716049382713,0.006096631611034903,63.75948767011298,47.484159567464296,171.22645972829963,0.37236936260485604
9,uniform,64,3.169925001442312,50,0.6172839506172839,0.007620789513793629,68.6605574433022,56.8684089258748,165.79581660425296,0.4141272008520686
9,uniform,64,3.169925001442312,62,0.7654320987654321,0.0094497789971041,72.74388540102073,72.70422837990436,145.56712810666372,0.4997274202436552
9,uniform,64,3.169925001442312,76,0.9382716049382716,0.011583600060966317,74.9445894962661,88.8701605107126,126.40219084755208,0.5929057795102093
9,uniform,64,3.169925001442312,94,1.1604938271604937,0.014327084285932023,76.76687138299808,110.33739046372568,106.82058941517546,0.7186523853059005
9,uniform,64,3.169925001442312,115,1.419753086419753,0.017527815881725348,76.55918144094962,120.39532607355956,97.36770444605268,0.7862892719563683
9,uniform,64,3.169925001442312,142,1.7530864197530862,0.021643042219173906,75.4513911270503,140.01732024174973,81.31726008150866,0.9278644048191161
9,uniform,64,3.169925001442312,175,2.1604938271604937,0.026672763298277703,74.2970584787714,147.62542450543987,74.78458290082098,0.9934809501753039
9,uniform,64,3.169925001442312,216,2.6666666666666665,0.03292181069958848,72.52108424919072,155.16663028463114,67.78915867452642,1.06980357430579
9,uniform,64,3.169925001442312,266,3.2839506172839505,0.04054260021338211,70.6520178331387,167.81196334010383,59.49167776289555,1.1875949794981873
9,uniform,64,3.169925001442312,329,4.061728395061728,0.05014479500076208,68.96523521992432,154.8388082000473,61.434258300343046,1.1225859500535262
9,uniform,64,3.169925001442312,405,5.0,0.06172839506172839,67.59079992036342,140.63758653623105,64.96863813426803,1.04036042406609
9,uniform,64,3.169925001442312,736,9.08641975308642,0.11217802164304222,65.76815341816584,137.53278542416865,62.90063842879586,1.0455880108850728
9,uniform,64,3.169925001442312,1337,16.50617283950617,0.20377991159884165,64.89397344197903,131.40241677708588,64.09665655133733,1.012439289871588
9,uniform,64,3.169925001442312,2430,30.0,0.37037037037037035,64.50658349984467,131.23297830693102,63.41545194669511,1.017206083370134
9,mild_skew,64,3.1428767624836587,32,0.09876543209876543,0.004350435890343425,56.4098764726735,46.58179245037323,136.62308796091799,0.4128868503456016
9,mild_skew,64,3.1428767624836587,55,0.16975308641975306,0.007477311686527761,68.90499588405541,65.75425951767434,144.41341116480785,0.4771370977825561
9,mild_skew,64,3.1428767624836587,95,0.29320987654320985,0.012915356549457042,75.08430846279067,107.50765691613883,104.87910422479288,0.7159129458415143
9,mild_skew,64,3.1428767624836587,162,0.5,0.022024081694863588,74.46754023972302,140.43089999590353,78.97712753413289,0.9429000846800755
9,mild_skew,64,3.1428767624836587,200,0.6172839506172839,0.027190224314646405,73.08610089233267,146.96151276729026,72.69356504382858,1.0053998706524767
9,mild_skew,64,3.1428767624836587,246,0.7592592592592592,0.03344397590701508,71.48037550862061,150.30112195548503,67.98943369653199,1.0513453579812164
9,mild_skew,64,3.1428767624836587,304,0.9382716049382716,0.04132914095826254,69.98713628799753,150.54911430333516,65.07111341652349,1.0755484671056161
9,mild_skew,64,3.1428767624836587,374,1.154320987654321,0.05084571946838878,68.38437843532569,144.4169358345622,64.76280897335954,1.0559205123955617
9,mild_skew,64,3.1428767624836587,461,1.4228395061728394,0.06267346704525996,67.56427383545208,144.05932766610425,63.37571017258105,1.0660909937177032
9,mild_skew,64,3.1428767624836587,569,1.7561728395061726,0.07735618817516902,66.87680186085163,137.45305843628637,65.07685864565538,1.027658729272674
9,mild_skew,64,3.1428767624836587,701,2.1635802469135803,0.09530173622283565,66.45422854193102,139.1408529095006,63.47761133785117,1.046892394678136
9,mild_skew,64,3.1428767624836587,864,2.6666666666666665,0.11746176903927247,65.9067215101381,135.12551232240853,64.2912780208503,1.025126946282883
9,mild_skew,64,3.1428767624836587,1066,3.2901234567901234,0.14492389559706534,65.23190632647835,132.54829753051237,64.2060544309429,1.0159774947180222
9,mild_skew,64,3.1428767624836587,1314,4.055555555555555,0.1786397737472269,65.04466296149876,134.0304795836251,63.13203075775398,1.0302957497293854
9,mild_skew,64,3.1428767624836587,1620,5.0,0.22024081694863587,64.6610278840254,132.2554359923441,63.226868455686606,1.0226827528132907
9,mild_skew,64,3.1428767624836587,2944,9.08641975308642,0.4002401019115951,64.60036953157295,131.21600029590655,63.60821445867478,1.0155979079328308
9,mild_skew,64,3.1428767624836587,5349,16.50925925925926,0.7272025492952181,64.30497117329328,129.0209388504395,64.10012753653116,1.0031956822027441
9,mild_skew,64,3.1428767624836587,9720,30.0,1.3214449016918153,64.158421770232,124.66273688077378,66.03902957759978,0.9715227825212369
9,strong_skew,64,3.0870755136620947,202,0.09975308641975308,0.016557096648546127,69.74075725441622,135.15495758137502,71.97328621099223,0.9689811446148051
9,strong_skew,64,3.0870755136620947,346,0.1708641975308642,0.0283601754475097,68.61708686410265,128.1375459626939,73.48829063866398,0.9337145587109562
9,strong_skew,64,3.0870755136620947,591,0.29185185185185186,0.04844180257074634,67.74198939673816,138.63189028029345,66.20377343408568,1.023234566292267
9,strong_skew,64,3.0870755136620947,1012,0.4997530864197531,0.08294941489271623,66.85760807974053,136.3203645002756,65.5799267340596,1.0194828114228032
9,strong_skew,64,3.0870755136620947,1247,0.6158024691358025,0.10221138376602484,66.18979829536742,137.4424867894335,63.751602589865826,1.03824524571072
9,strong_skew,64,3.0870755136620947,1539,0.76,0.1261454046639232,65.25019940893594,134.3357650343692,63.38726729723272,1.0293896896196462
9,strong_skew,64,3.0870755136620947,1897,0.9367901234567901,0.15548917001134654,65.38582057059129,138.5662696716197,61.707737991668,1.0596048842273222
9,strong_skew,64,3.0870755136620947,2339,1.1550617283950617,0.1917180646581653,64.87522262487919,131.55190630067068,63.98682662960665,1.0138840452334839
9,strong_skew,64,3.0870755136620947,2884,1.4241975308641976,0.23638943927924272,64.73689851694952,128.19969676683942,65.38027991151763,0.9901593967563488
9,strong_skew,64,3.0870755136620947,3556,1.7560493827160495,0.29147047367440604,64.71519597550488,132.06862889608752,63.422428553312145,1.0203834424458542
9,strong_skew,64,3.0870755136620947,4382,2.163950617283951,0.359174245118461,64.89508742356813,129.17529082444187,65.20399288182901,0.9952624763513989
9,strong_skew,64,3.0870755136620947,5403,2.6681481481481484,0.44286135243611247,64.31512663048514,122.42671431932922,67.57406725310216,0.9517723180638146
9,strong_skew,64,3.0870755136620947,6662,3.2898765432098767,0.5460563261020509,64.54446217241335,129.8968679132732,64.1430030461944,1.0062588140117141
9,strong_skew,64,3.0870755136620947,8213,4.055802469135803,0.6731853206658878,64.36956117892483,130.27097995747545,63.61263894260865,1.0118989284031918
9,strong_skew,64,3.0870755136620947,10125,5.0,0.8299039780521263,64.05523586270374,129.86014391750132,63.19218688119187,1.0136575267308678
9,strong_skew,64,3.0870755136620947,18399,9.085925925925926,1.508089214042575,64.15626437415536,132.5058514667772,62.12595463346032,1.032680539923672
9,strong_skew,64,3.0870755136620947,33433,16.510123456790122,2.7403634269843695,64.02545017553419,129.2911415630906,63.41127815287303,1.0096855329296548
9,strong_skew,64,3.0870755136620947,60750,30.0,4.979423868312758,64.09983286092012,123.55924926039326,66.50717930697174,0.9638032093506744
10,uniform,81,3.321928094887362,17,0.17000000000000004,0.0017000000000000003,42.843047594399984,32.98086291380101,111.30859322713091,0.3849033246424788
10,uniform,81,3.321928094887362,29,0.29000000000000004,0.0029000000000000007,62.46952640276891,41.66580740851064,187.321065963029,0.33348906104932335
10,uniform,81,3.321928094887362,50,0.5000000000000001,0.005000000000000001,81.4295024694053,56.068185039466876,236.52500496484532,0.3442743928131749
10,uniform,81,3.321928094887362,62,0.6200000000000001,0.0062000000000000015,87.34245154696707,70.70009887011608,215.80461595249153,0.4047293018338178
10,uniform,81,3.321928094887362,76,0.7600000000000001,0.007600000000000002,91.32303900189171,84.75475566457128,196.80069601161588,0.4640381911886201
10,uniform,81,3.321928094887362,94,0.9400000000000002,0.009400000000000002,95.27748333294596,109.39535315130459,165.96315234165937,0.5740881755294895
10,uniform,81,3.321928094887362,115,1.1500000000000001,0.011500000000000002,96.69883108099194,132.9389068925926,140.67610680724252,0.6873863179444595
10,uniform,81,3.321928094887362,142,1.4200000000000004,0.014200000000000003,97.04228047239671,151.63999328782086,124.20475621373772,0.7813088921120018
10,uniform,81,3.321928094887362,176,1.7600000000000002,0.017600000000000005,96.10677264199607,175.68858865032703,105.14640499553164,0.9140281367306878
10,uniform,81,3.321928094887362,216,2.1600000000000006,0.021600000000000005,93.98844882138548,189.36598339379685,93.299000734253,1.0073896620725473
10,uniform,81,3.321928094887362,267,2.6700000000000004,0.026700000000000005,91.49580696589706,192.45097784277695,86.99859866838182,1.0516928820274167
10,uniform,81,3.321928094887362,329,3.2900000000000005,0.032900000000000006,89.24922080266177,206.47313173029784,77.15699710785593,1.1567223213456894
10,uniform,81,3.321928094887362,406,4.0600000000000005,0.040600000000000004,87.51517667317323,200.760404163026,76.29897120467406,1.1470033644151163
10,uniform,81,3.321928094887362,500,5.000000000000001,0.05000000000000001,85.77453261783465,196.4899622994189,74.88698516412448,1.1453863769498627
10,uniform,81,3.321928094887362,909,9.090000000000002,0.09090000000000002,82.93274924987183,178.7743526746989,76.94438039059398,1.0778272412992216
10,uniform,81,3.321928094887362,1651,16.51,0.16510000000000002,82.35339489309699,169.45101069051654,80.04769783055579,1.0288040396542306
10,uniform,81,3.321928094887362,3000,30.000000000000007,0.30000000000000004,81.76289986307341,164.339660421663,81.35798475993128,1.004976955910805
10,mild_skew,81,3.297825708486153,40,0.10000000000000002,0.00361,72.3474101911871,53.57081647567164,195.41041580909598,0.37023313159451077
10,mild_skew,81,3.297825708486153,68,0.17000000000000004,0.006137,87.55523660703558,80.0436770777473,191.54341072732058,0.4571038819585311
10,mild_skew,81,3.297825708486153,117,0.29250000000000004,0.01055925,95.13539665037777,133.18749068663743,135.9098162922708,0.6999891490235803
10,mild_skew,81,3.297825708486153,200,0.5000000000000001,0.01805,94.53343621577031,177.8633898477687,100.48802702354683,0.9407432807255613
10,mild_skew,81,3.297825708486153,246,0.6150000000000001,0.0222015,91.9174453321206,187.4070216922518,90.16542368681897,1.0194311918434178
10,mild_skew,81,3.297825708486153,304,0.7600000000000001,0.027436,90.20119234735425,193.54563906557664,84.07582976465508,1.0728552141542376
10,mild_skew,81,3.297825708486153,375,0.9375000000000002,0.03384375,88.7148823778563,193.6511255279456,81.28360043206791,1.0914241237628126
10,mild_skew,81,3.297825708486153,462,1.1550000000000002,0.041695499999999996,86.28941454690435,185.85383706762119,80.12600848416598,1.0769214163957306
10,mild_skew,81,3.297825708486153,570,1.4250000000000003,0.051442499999999995,85.45419435261991,179.8239863185655,81.21741133598056,1.0521659450473324
10,mild_skew,81,3.297825708486153,702,1.7550000000000003,0.0633555,84.45090935876547,176.7165154727763,80.71635039251463,1.0462676886168678
10,mild_skew,81,3.297825708486153,866,2.1650000000000005,0.0781565,83.66051421063662,177.93797202648517,78.66878056749296,1.06345253615392
10,mild_skew,81,3.297825708486153,1067,2.6675000000000004,0.09629675,83.0314692750749,184.14348888855082,74.87883423508174,1.1088776971927474
10,mild_skew,81,3.297825708486153,1316,3.2900000000000005,0.118769,82.13623082206998,165.2664512468809,81.64222517948794,1.006050859607219
10,mild_skew,81,3.297825708486153,1622,4.055000000000001,0.1463855,82.14457500255949,168.8688589485112,79.91682118736331,1.0278759062497402
10,mild_skew,81,3.297825708486153,2000,5.000000000000001,0.1805,81.69810364391479,156.9011040971235,85.08009140433079,0.9602493638101117
10,mild_skew,81,3.297825708486153,3634,9.085000000000003,0.3279685,81.19956669363087,161.47390453483007,81.6648318528919,0.9943027476001036
10,mild_skew,81,3.297825708486153,6604,16.51,0.596011,80.9336840570614,159.42867926281727,82.17168009339356,0.9849340303748798
10,mild_skew,81,3.297825708486153,12000,30.000000000000007,1.083,81.01356758642508,166.28652314705352,78.93842518165081,1.0262881150719565
10,strong_skew,81,3.2479670439552866,250,0.1,0.014207100591715972,88.68946554860791,180.1551509533952,87.32274661780322,1.0156513506931544
10,strong_skew,81,3.2479670439552866,428,0.17120000000000002,0.024322556213017744,86.6829338103924,172.94739860765392,86.89267458740873,0.9975862087568113
10,strong_skew,81,3.2479670439552866,730,0.29200000000000004,0.041484733727810634,85.33583784783197,166.86581416456383,87.28217049910207,0.9777006845711963
10,strong_skew,81,3.2479670439552866,1250,0.5,0.07103550295857985,83.89511804338713,170.2211383368675,82.69702459144516,1.0144877455732053
10,strong_skew,81,3.2479670439552866,1540,0.616,0.08751573964497038,83.10459630824596,166.47199275857727,82.97340367123928,1.0015811408379303
10,strong_skew,81,3.2479670439552866,1900,0.76,0.10797396449704139,82.87740936899375,169.2935692412481,81.14501944167452,1.0213493069474762
10,strong_skew,81,3.2479670439552866,2342,0.9368000000000001,0.13309211834319523,82.45585578781619,169.5276893056232,80.21070990289986,1.0279905998542367
10,strong_skew,81,3.2479670439552866,2888,1.1552,0.1641204260355029,82.6010839868425,178.66618367172757,76.37639015492198,1.0815002361239427
10,strong_skew,81,3.2479670439552866,3560,1.4240000000000002,0.20230911242603544,82.0155847177185,167.50031930000986,80.31693509242001,1.0211493332426576
10,strong_skew,81,3.2479670439552866,4390,1.756,0.24947668639053244,81.85705836416878,157.44293287654457,85.11754553364482,0.9616942999350556
10,strong_skew,81,3.2479670439552866,5410,2.164,0.3074416568047336,81.78107739507196,169.22206683485308,79.04577393474142,1.0346040442666644
10,strong_skew,81,3.2479670439552866,6670,2.668,0.37904544378698213,81.68087241986318,168.2508542107906,79.30735270932227,1.029928116743984
10,strong_skew,81,3.2479670439552866,8225,3.29,0.46741360946745547,81.19938175771308,168.7636148224313,78.1369799974025,1.0391927325628962
10,strong_skew,81,3.2479670439552866,10140,4.056,0.5762399999999998,81.2755182810379,166.06822713026415,79.55416862094636,1.021637453950318
10,strong_skew,81,3.2479670439552866,12500,5.0,0.7103550295857985,81.20777269935844,169.54782385000644,77.79164836258576,1.043913767206091
10,strong_skew,81,3.2479670439552866,22715,9.086,1.2908571597633132,81.25438506091332,158.5591556946041,83.27838354971583,0.9756959921346912
10,strong_skew,81,3.2479670439552866,41275,16.51,2.3455923076923066,80.9779435927745,165.3424620134683,79.31933840419552,1.0209104768389148
10,strong_skew,81,3.2479670439552866,75000,30.0,4.262130177514791,80.87870352907487,164.3398550570854,79.60776991402076,1.0159649443317753
11,uniform,100,3.4594316186372978,12,0.09917355371900827,0.0008196161464380849,33.35286507547457,26.390999406203097,84.30249962275721,0.39563316894189765
11,uniform,100,3.4594316186372978,21,0.17355371900826447,0.0014343282562666484,55.16763296521998,40.55702039359513,150.0833985065559,0.3675798490318046
11,uniform,100,3.4594316186372978,35,0.2892561983471075,0.0023905470937777475,77.65004169529877,48.25483815619391,249.90360368694746,0.3107199758214389
11,uniform,100,3.4594316186372978,60,0.49586776859504134,0.004098080732190424,100.49162747381533,69.67647034993426,289.870228546834,0.3466779875173659
11,uniform,100,3.4594316186372978,75,0.6198347107438017,0.00512260091523803,107.4031280709595,82.73008909792878,278.8690800458893,0.38513817327215255
11,uniform,100,3.4594316186372978,92,0.7603305785123967,0.00628372378935865,112.99118941101287,106.58780834697937,239.558521420282,0.4716642461354187
11,uniform,100,3.4594316186372978,113,0.9338842975206612,0.007718052045625299,116.58309600664508,129.2999964744689,210.233853752322,0.554540070144899
11,uniform,100,3.4594316186372978,140,1.15702479338843,0.00956218837511099,118.46734506293507,159.7635294897191,175.69105904315487,0.6742935338208419
11,uniform,100,3.4594316186372978,172,1.4214876033057853,0.011747831432279216,119.25420021674628,191.68278998708104,148.3864489899621,0.8036731185932853
11,uniform,100,3.4594316186372978,212,1.7520661157024793,0.0144798852537395,118.0672510324143,207.09274704859502,134.62447106445595,0.8770118099545637
11,uniform,100,3.4594316186372978,262,2.165289256198347,0.01789495253056485,115.58770827913555,232.0828830300014,115.13574918401393,1.0039254453835993
11,uniform,100,3.4594316186372978,323,2.669421487603306,0.022061334608291783,112.74566494093942,250.37901104755267,101.5387424831737,1.1103709006404414
11,uniform,100,3.4594316186372978,398,3.2892561983471076,0.027183935523529813,110.2108870065646,246.19927231281054,98.67161263857021,1.1169462427888177
11,uniform,100,3.4594316186372978,491,4.0578512396694215,0.03353596065842497,107.34912196871865,239.91329237486067,96.06665702748164,1.11744412984007
11,uniform,100,3.4594316186372978,605,5.0,0.04132231404958678,105.98279730931631,249.2619112021227,90.12490734213685,1.1759545772067086
11,uniform,100,3.4594316186372978,1099,9.082644628099175,0.07506317874462128,102.83398432238165,201.91502384390438,104.74533425299724,0.9817524098400507
11,uniform,100,3.4594316186372978,1998,16.512396694214875,0.13646608838194113,101.69539348696028,217.18155459598398,95.23785825832672,1.067804288617221
11,uniform,100,3.4594316186372978,3630,30.0,0.24793388429752067,100.4316365724663,192.04996432207147,105.04051547449052,0.956122845730479
11,mild_skew,100,3.437696351104599,48,0.09917355371900827,0.002987196037844589,89.60125538954472,59.15509008029548,271.4351362320608,0.33010190439361914
11,mild_skew,100,3.437696351104599,83,0.17148760330578514,0.005165359815439602,108.45606565875126,98.43347302582374,238.99833698013376,0.4537942273119936
11,mild_skew,100,3.437696351104599,141,0.2913223140495868,0.00877488836116848,116.87602641561587,165.1902459904226,165.38513480385177,0.706690033262251
11,mild_skew,100,3.437696351104599,242,0.5,0.015060446690799804,115.88427113357636,209.18089588358765,128.39761718616765,0.9025422252622664
11,mild_skew,100,3.437696351104599,298,0.615702479338843,0.018545508734951824,113.9654282585696,237.1381793729079,109.54051239243861,1.0403952452794665
11,mild_skew,100,3.437696351104599,368,0.7603305785123967,0.02290183629014185,111.08466116340323,242.35879641248042,101.83085679949069,1.090874265961777
11,mild_skew,100,3.437696351104599,454,0.9380165289256198,0.02825389585794674,108.98842478046417,233.06864862479983,101.9311418006219,1.069235788544843
11,mild_skew,100,3.437696351104599,559,1.1549586776859504,0.03478838719073178,106.99457500481245,233.77652184167192,97.93831296894416,1.0924690426180814
11,mild_skew,100,3.437696351104599,689,1.4235537190082646,0.04287870979322754,105.23111533411752,215.5189475533665,102.76207971663666,1.0240267190415875
11,mild_skew,100,3.437696351104599,850,1.756198347107438,0.0528982631701646,103.61754504819773,220.78324149332659,97.25915399371297,1.065375759436441
11,mild_skew,100,3.437696351104599,1047,2.1632231404958677,0.0651582135754851,102.92026070394473,215.91761069628134,98.11686994135844,1.0489558091840592
11,mild_skew,100,3.437696351104599,1291,2.6673553719008267,0.08034312676786176,102.38247586223541,216.10232884241833,97.01118372791632,1.0553677620240545
11,mild_skew,100,3.437696351104599,1592,3.2892561983471076,0.09907533525517888,101.63276186605182,209.36574762568918,98.67152007107205,1.0300111095161686
11,mild_skew,100,3.437696351104599,1963,4.055785123966943,0.12216387129768601,100.9667789974964,200.2159226379568,101.83296439977202,0.9914940568863814
11,mild_skew,100,3.437696351104599,2420,5.0,0.15060446690799803,100.95291971362735,208.28025052717132,97.86325849820842,1.0315712072419445
11,mild_skew,100,3.437696351104599,4398,9.086776859504132,0.2737018369675105,100.97673573805815,208.15486413284805,97.96841599441245,1.0307070366822841
11,mild_skew,100,3.437696351104599,7991,16.5103305785124,0.49730590705033567,100.43460061864782,197.95455895454776,101.91337905729556,0.985489849788845
11,mild_skew,100,3.437696351104599,14520,30.0,0.9036268014479882,100.53802802528388,202.249326297105,99.95479603590108,1.0058349575259333
11,strong_skew,100,3.3926359318353914,303,0.10016528925619834,0.012315819846140759,109.74045343033585,214.17261858799938,112.46038077596262,0.9758143505574175
11,strong_skew,100,3.3926359318353914,517,0.1709090909090909,0.021014121651665916,107.40739276580565,210.2623341856519,109.7329016671334,0.9788075511902345
11,strong_skew,100,3.3926359318353914,883,0.29190082644628096,0.03589065651532109,105.23030186366707,203.98447177024372,108.57117048390768,0.9692287685087102
11,strong_skew,100,3.3926359318353914,1513,0.5001652892561983,0.06149780669046524,103.20237779211145,204.44243261516255,104.19295687010704,0.9904928403247975
11,strong_skew,100,3.3926359318353914,1863,0.6158677685950412,0.075724001232212,102.94523414824306,218.64864668526127,96.93836567936063,1.0619658524959161
11,strong_skew,100,3.3926359318353914,2299,0.7599999999999999,0.09344577500421652,101.76775814768502,218.23398678500146,94.91350775357316,1.0722157525976992
11,strong_skew,100,3.3926359318353914,2834,0.9368595041322313,0.11519152951802941,101.67519231949592,203.99165608488508,101.35556455215692,1.0031535295447396
11,strong_skew,100,3.3926359318353914,3494,1.1550413223140494,0.14201806779675186,101.29602648977009,211.50171283035178,97.02885943856718,1.043978328467363
11,strong_skew,100,3.3926359318353914,4308,1.4241322314049585,0.17510413167384287,100.7858130908946,212.28221019131945,95.70071944547816,1.0531353753125492
11,strong_skew,100,3.3926359318353914,5312,1.7560330578512395,0.21591298687359642,100.79201820954904,202.27384697138564,100.44828915713654,1.0034219502920034
11,strong_skew,100,3.3926359318353914,6546,2.16396694214876,0.26607048420078355,100.73934772600994,206.11628953595365,98.47272336514399,1.023017788920706
11,strong_skew,100,3.3926359318353914,8071,2.6680991735537187,0.3280560461326801,100.60769829777581,204.01247067745393,99.22833563227746,1.0139008949077815
11,strong_skew,100,3.3926359318353914,9952,3.2899173553719003,0.40451168022703904,100.3313521344692,208.0648333551221,96.76195692281841,1.036888414880839
11,strong_skew,100,3.3926359318353914,12269,4.055867768595041,0.49868908809340257,100.10570185721231,208.61137270371307,96.07483441047042,1.0419554972066922
11,strong_skew,100,3.3926359318353914,15125,4.999999999999999,0.6147748355540561,100.39775621763728,204.4051456151874,98.62481126098616,1.0179766626063238
11,strong_skew,100,3.3926359318353914,27485,9.08595041322314,1.1171627342283128,100.1132470482617,203.90244756674872,98.30840535904112,1.0183589763523166
11,strong_skew,100,3.3926359318353914,49943,16.5100826446281,2.0299966685670228,99.81510442845838,200.9950085941854,99.137338203057,1.0068366393297061
11,strong_skew,100,3.3926359318353914,90750,29.999999999999996,3.688649013324336,100.57479355317189,199.52831232920926,101.39201780621038,0.9919399547348939
12,uniform,121,3.584962500721156,14,0.09722222222222221,0.0006751543209876543,40.92817757125946,31.68554804058533,105.73373811675447,0.387087208872397
12,uniform,121,3.584962500721156,25,0.1736111111111111,0.0012056327160493826,67.80629568653758,46.736286819945335,196.75049292825022,0.34463088085509785
12,uniform,121,3.584962500721156,42,0.29166666666666663,0.002025462962962963,95.24398285323478,56.502168812673766,321.0997545889782,0.296618049350898
12,uniform,121,3.584962500721156,72,0.5,0.003472222222222222,121.45947691766042,80.45227905825645,366.7367713083502,0.3311897972061765
12,uniform,121,3.584962500721156,89,0.6180555555555555,0.0042920524691358024,130.25456843103387,99.57192112648791,340.7838757193881,0.3822204561646851
12,uniform,121,3.584962500721156,109,0.7569444444444444,0.005256558641975309,135.97466254135395,124.51564313815862,296.9764824283187,0.45786340194184966
12,uniform,121,3.584962500721156,135,0.9375,0.006510416666666667,141.0023636226355,159.83800468892437,248.7727069148978,0.566791933774595
12,uniform,121,3.584962500721156,166,1.1527777777777777,0.008005401234567902,143.33500607071934,190.61853013983517,215.56061680070317,0.6649406009226624
12,uniform,121,3.584962500721156,205,1.423611111111111,0.009886188271604939,144.0859807502258,224.61392843523097,184.85736831534874,0.7794440766052079
12,uniform,121,3.584962500721156,253,1.7569444444444444,0.012201003086419753,141.99924685436898,260.887763007072,154.57824372284898,0.9186237560634115
12,uniform,121,3.584962500721156,312,2.1666666666666665,0.015046296296296295,139.2581179720289,298.72677232120566,129.83652767659814,1.072565020522564
12,uniform,121,3.584962500721156,384,2.6666666666666665,0.018518518518518517,136.4210338834863,293.50519899163515,126.8168233460813,1.0757329373500806
12,uniform,121,3.584962500721156,474,3.2916666666666665,0.022858796296296297,133.0839590564591,313.6101027375585,112.95133673013613,1.1782415587911448
12,uniform,121,3.584962500721156,584,4.055555555555555,0.02816358024691358,130.11465290469144,297.2532143687167,113.90842609700668,1.142274170252192
12,uniform,121,3.584962500721156,720,5.0,0.034722222222222224,127.67877069518048,287.8926348946295,113.24963899961568,1.1274099575329664
12,uniform,121,3.584962500721156,1308,9.083333333333332,0.0630787037037037,123.6954593075815,258.31078058977334,118.46634211997971,1.0441401084394577
12,uniform,121,3.584962500721156,2377,16.506944444444443,0.11463155864197531,122.60536826573794,233.92064529980956,128.52286986735203,0.953957598303543
12,uniform,121,3.584962500721156,4320,30.0,0.20833333333333334,122.10366392604365,250.29794513367537,119.1324582085696,1.0249403543094213
12,mild_skew,121,3.5651709273605956,58,0.10069444444444443,0.0025688349301268864,109.72874817752465,75.41182351813178,319.3238835740834,0.3436283780259972
12,mild_skew,121,3.5651709273605956,98,0.17013888888888887,0.004340445226766118,130.84686757367496,112.11749816899773,305.4100034953693,0.4284301957242827
12,mild_skew,121,3.5651709273605956,168,0.29166666666666663,0.007440763245884775,141.46553878137897,186.33314612181567,214.80342149777928,0.658581403382541
12,mild_skew,121,3.5651709273605956,288,0.5,0.01275559413580247,139.69285134489618,272.6704857206957,143.13314963509558,0.9759643499848211
12,mild_skew,121,3.5651709273605956,355,0.6163194444444444,0.015723041382673185,137.45798592559905,269.55792554163037,140.19026045519928,0.9805102400071981
12,mild_skew,121,3.5651709273605956,438,0.7604166666666666,0.019399132748199592,133.89802816481523,294.34048892344873,121.82273673594729,1.0991218203794035
12,mild_skew,121,3.5651709273605956,540,0.9375,0.023916739004629633,131.65788734003712,294.80354370213547,117.59559658723563,1.1195817799382453
12,mild_skew,121,3.5651709273605956,665,1.1545138888888888,0.029453021181627233,129.53885265698563,283.60805063812705,118.33454170240934,1.0946833510603622
12,mild_skew,121,3.5651709273605956,820,1.423611111111111,0.03631801108110426,127.10309117831034,277.19413628491174,116.56231984991837,1.0904303495500425
12,mild_skew,121,3.5651709273605956,1011,1.7552083333333333,0.04477745024755659,126.21759274326035,273.18024634347,116.63274289513309,1.0821797516735518
12,mild_skew,121,3.5651709273605956,1246,2.163194444444444,0.05518566074031208,124.64071898293072,259.03865136758424,119.94587484581056,1.0391413555752154
12,mild_skew,121,3.5651709273605956,1537,2.6684027777777777,0.06807412564836249,124.09239712087381,256.73481132460563,119.95975881692839,1.034450205174656
12,mild_skew,121,3.5651709273605956,1895,3.2899305555555554,0.08393003780328362,123.33152470848306,245.52309237659702,123.90414962343502,0.9953784847667148
12,mild_skew,121,3.5651709273605956,2336,4.055555555555555,0.10346204132373116,122.7812999184939,254.14220147357497,118.63631874018085,1.0349385518897527
12,mild_skew,121,3.5651709273605956,2880,5.0,0.1275559413580247,121.98308505592199,258.0322105337029,115.33345398222494,1.0576557004416245
12,mild_skew,121,3.5651709273605956,5234,9.086805555555555,0.23181520731524352,122.01325989059076,241.13959813517562,123.47400181685222,0.9881696397236063
12,mild_skew,121,3.5651709273605956,9510,16.510416666666664,0.4212003480259774,121.58679038153122,235.8852105729043,125.34357333702674,0.9700281166758012
12,mild_skew,121,3.5651709273605956,17280,30.0,0.7653356481481483,121.05505962608781,240.4364431991411,121.89772287504894,0.9930871288725802
12,strong_skew,121,3.5240660220627174,360,0.1,0.010743827160493824,132.727043798647,266.09952828741,132.40510623153517,1.0024314588483383
12,strong_skew,121,3.5240660220627174,616,0.1711111111111111,0.018383882030178322,129.1669853588837,257.45233975856075,129.60931038613563,0.9965872434168953
12,strong_skew,121,3.5240660220627174,1051,0.29194444444444445,0.03136600651577503,127.38635239166037,251.08778611465186,129.25585132398723,0.9855364464109182
12,strong_skew,121,3.5240660220627174,1800,0.5,0.05371913580246912,124.8819688828867,247.64045885575314,125.95281259069569,0.9914980564087212
12,strong_skew,121,3.5240660220627174,2218,0.6161111111111112,0.06619391289437584,123.9721500234333,259.7673047741804,118.32970276835445,1.0476841158481118
12,strong_skew,121,3.5240660220627174,2736,0.76,0.08165308641975307,123.47217620142223,246.42098482192822,123.7344157757657,0.9978806254290745
12,strong_skew,121,3.5240660220627174,3373,0.9369444444444445,0.10066369170096019,123.08726148686479,248.06908438044815,122.14721538698863,1.0076960092532432
12,strong_skew,121,3.5240660220627174,4158,1.155,0.12409120370370368,122.56705993470685,250.58719598352286,119.89985459612888,1.0222452758392593
12,strong_skew,121,3.5240660220627174,5126,1.423888888888889,0.15298016117969818,122.47094663868367,236.07124059193492,127.0729355508604,0.9637846651434695
12,strong_skew,121,3.5240660220627174,6322,1.7561111111111112,0.18867354252400545,121.92639841881378,249.9392414491744,118.95728373974723,1.0249595029890086
12,strong_skew,121,3.5240660220627174,7790,2.1638888888888888,0.23248448216735249,121.62636691184835,241.7702198041455,122.37216924532002,0.9939054579315615
12,strong_skew,121,3.5240660220627174,9605,2.6680555555555556,0.2866512774348422,121.55478028871809,247.84806803780862,119.2308233670359,1.0194912427512826
12,strong_skew,121,3.5240660220627174,11844,3.29,0.3534719135802468,121.49730859458364,251.07915202653058,117.58519874376258,1.0332704276781144
12,strong_skew,121,3.5240660220627174,14602,4.056111111111111,0.43578156721536343,121.41004786432259,253.25082779212406,116.40948897127767,1.0429566261069898
12,strong_skew,121,3.5240660220627174,18000,5.0,0.5371913580246912,121.62203705342915,253.45975514701308,116.72006775549835,1.041997656377302
12,strong_skew,121,3.5240660220627174,32710,9.08611111111111,0.9761960733882028,121.60075731919434,238.78570948093588,123.849490095069,0.9818430195057848
12,strong_skew,121,3.5240660220627174,59436,16.51,1.7738058641975305,121.35351307748245,244.54606708725257,120.44090761019939,1.007577205165513
12,strong_skew,121,3.5240660220627174,108000,30.0,3.223148148148147,121.15400092690174,239.12419306988429,122.76710066142043,0.9868604884710321
