configuration_id,configuration_label,n_p,n_q,wall_seconds,development_lr_valid_count,development_lr_valid_rate,development_lr_retry_count,development_lr_median_elapsed_ms,development_lr_p99_elapsed_ms,development_lr_max_constraint_residual,development_lr_median_iterations,development_lr_full_start_audit_count,development_lr_full_start_max_statistic_difference,validation_lr_valid_count,validation_lr_valid_rate,validation_lr_retry_count,validation_lr_median_elapsed_ms,validation_lr_p99_elapsed_ms,validation_lr_max_constraint_residual,validation_lr_median_iterations,validation_lr_full_start_audit_count,validation_lr_full_start_max_statistic_difference
LR_C1_N0_n1000_scale0.5,"Balanced, large sample",500,500,38.561597666935995,5000,1.0,0,3.7781670689582825,4.4159761071205175,8.379092142352107e-09,10.0,25,2.7593614504439756e-08,5000,1.0,0,3.7269368767738342,4.252327391877771,9.572389977896556e-09,10.0,25,2.0691004465334117e-09
LR_C1_N0_n1000_scale1,"Balanced, large sample",1000,1000,39.80192687502131,5000,1.0,0,3.887729486450553,4.41177916713059,9.924839547426068e-09,10.0,25,9.49785317061469e-09,5000,1.0,0,3.8627709727734327,4.369811401702465,9.226606617618316e-09,10.0,25,4.389221430756152e-09
LR_C1_N0_n1000_scale2,"Balanced, large sample",2000,2000,41.186289249919355,5000,1.0,0,4.032249446026981,4.550008703954519,9.894339125793294e-09,9.0,25,8.21819412522018e-09,5000,1.0,0,3.9876459632068872,4.517094304319472,9.882462667643033e-09,9.0,25,2.570232027210295e-09
LR_C1_N0_n10_scale0.5,"Balanced, very small sample",5,5,65.15573870786466,5000,1.0,0,6.638457998633385,16.887000775896027,9.856490110204952e-09,32.0,25,4.827640509574849e-09,5000,1.0,0,7.015395909547806,17.79359224718064,9.856490110204952e-09,32.0,25,4.739359127370335e-09
LR_C1_N0_n10_scale1,"Balanced, very small sample",10,10,37.65250404085964,4995,0.999,5,2.6811249554157257,11.187085001729448,9.740896880772176e-09,11.0,25,5.041634665303718e-09,4995,0.999,5,2.815874991938472,11.405713064596096,9.525368604990092e-09,11.0,25,2.182304115194711e-09
LR_C1_N0_n10_scale2,"Balanced, very small sample",20,20,36.18159691686742,5000,1.0,0,2.7316665509715676,13.380906772799793,9.992535229819133e-09,10.0,25,4.126960106987099e-09,5000,1.0,0,2.902499516494572,13.262935562524959,9.998939232147563e-09,10.0,25,8.369767101612524e-10
LR_C1_N0_n50_scale0.5,"Balanced, moderate sample",25,25,37.50798404193483,5000,1.0,0,2.8234788915142417,14.40152083989233,9.996971944703503e-09,10.0,25,3.2989362352964235e-09,5000,1.0,0,3.0204789945855737,16.58415681449698,9.998786867915221e-09,10.0,25,1.5205046111077536e-09
LR_C1_N0_n50_scale1,"Balanced, moderate sample",50,50,35.78093216591515,5000,1.0,0,3.3212915295735,9.248836513143036,9.992479912956931e-09,10.0,25,8.874678769643651e-09,5000,1.0,0,3.3028334146365523,9.426779919303963,9.982964316312959e-09,10.0,25,2.9239117793622427e-09
LR_C1_N0_n50_scale2,"Balanced, moderate sample",100,100,35.31521829217672,5000,1.0,0,3.428353928029537,4.167775521054869,9.34834284982422e-09,10.0,25,7.83273890192504e-09,5000,1.0,0,3.407041891478002,3.9398209773935386,9.41258754966201e-09,10.0,25,1.5744490156066604e-09
LR_C1_N3_n50_scale0.5,One skewed population,25,25,46.73889008304104,5000,1.0,0,3.7749166367575526,11.697934991680095,9.923163089842202e-09,14.0,25,5.887841325602494e-09,5000,1.0,0,3.7792290095239878,12.083274524193298,9.976553756729789e-09,14.0,25,8.98992880138394e-09
LR_C1_N3_n50_scale1,One skewed population,50,50,43.898111207876354,5000,1.0,0,3.3681669738143682,13.142716740258038,9.954636691344998e-09,11.0,25,1.577504633587523e-07,5000,1.0,0,3.3107289345934987,11.42357079312206,9.993271623404132e-09,11.0,25,3.2676109640306095e-07
LR_C1_N3_n50_scale2,One skewed population,100,100,39.33349995804019,5000,1.0,0,3.440812579356134,10.198693510610642,9.994325013418237e-09,11.0,25,7.770114507366088e-07,5000,1.0,0,3.4252494806423783,10.875611933879581,9.984386241390641e-09,11.0,25,1.4406396076083183e-09
LR_C1_N6_n100_scale0.5,"Sparse, smaller sample",50,50,63.342377584194764,5000,1.0,0,5.397375440225005,19.30426801322028,7.001867261338668e-09,32.0,25,1.4628227518187487e-09,5000,1.0,0,5.392645951360464,19.11736718611792,7.585849115532284e-09,31.0,25,6.409663910744712e-09
LR_C1_N6_n100_scale1,"Sparse, smaller sample",100,100,55.666272749891505,5000,1.0,0,4.978603566996753,10.964288029354071,8.008660986116856e-09,23.0,25,4.827938937523868e-09,5000,1.0,0,4.9855210818350315,10.854299103375537,9.823860863678036e-09,24.0,25,2.3488837541663088e-09
LR_C1_N6_n100_scale2,"Sparse, smaller sample",200,200,57.70884133409709,5000,1.0,0,5.155979422852397,12.146629770286383,9.406601059712416e-09,17.0,25,7.190863016148796e-09,5000,1.0,0,5.186250084079802,12.31609634822235,9.79338761995796e-09,17.5,25,6.698883225908503e-09
LR_C1_N6_n200_scale0.5,"Sparse, larger sample",100,100,55.61905900016427,5000,1.0,0,4.977125092409551,10.83293098490686,8.925509461729653e-09,24.0,25,3.610750809457386e-09,5000,1.0,0,5.012979032471776,11.046874683815993,8.667651499316698e-09,24.0,25,7.641062893526396e-09
LR_C1_N6_n200_scale1,"Sparse, larger sample",200,200,57.4763428340666,5000,1.0,0,5.198166472837329,12.715329660568399,9.737960741593166e-09,17.0,25,4.0111558519129176e-09,5000,1.0,0,5.185166490264237,12.146200544666522,9.892751662993193e-09,17.0,25,4.328512659412809e-09
LR_C1_N6_n200_scale2,"Sparse, larger sample",400,400,61.44041454093531,5000,1.0,0,4.933249671012163,17.18416853575036,9.935355474964547e-09,15.0,25,7.280050340341404e-09,5000,1.0,0,4.954874981194735,17.01919907238342,9.912668592210183e-09,15.0,25,4.483581506065093e-09
LR_C1_N7_n1000_scale0.5,Ultra-rare categories,500,500,112.08720912504941,5000,1.0,0,7.790062460117042,24.857939039357014,2.5190388174031026e-09,33.0,25,2.696066303542466e-08,5000,1.0,0,7.789416471496224,25.492987364996278,2.5190388174031026e-09,33.0,25,0.0001081408634604486
LR_C1_N7_n1000_scale1,Ultra-rare categories,1000,1000,75.03934700018726,5000,1.0,0,7.181041990406811,22.87602817174049,1.3540540581141736e-09,30.0,25,0.060249355185703735,5000,1.0,0,7.276916992850602,22.100069497246302,5.94394517546698e-10,30.0,25,3.617287802626379e-09
LR_C1_N7_n1000_scale2,Ultra-rare categories,2000,2000,53.282694458030164,5000,1.0,0,3.8068119902163744,12.447158384602519,1.5524431219715584e-10,13.0,25,5.427750693343114e-09,5000,1.0,0,3.819103934802115,15.238657961599568,3.1067728251121807e-10,13.0,25,8.434540177404415e-09
LR_C2_N0_np20_nq200_scale0.5,"Balanced, unequal samples",10,100,34.36108683422208,5000,1.0,0,3.0674166046082973,7.871052036061893,9.995332117540556e-09,10.0,25,3.017021299456246e-09,5000,1.0,0,3.066792036406696,7.71605548914522,9.94941114218495e-09,10.0,25,1.9898607206414454e-09
LR_C2_N0_np20_nq200_scale1,"Balanced, unequal samples",20,200,39.94041508389637,5000,1.0,0,3.295021131634712,13.783545985352257,9.987327923011158e-09,10.0,25,6.881236913613975e-09,5000,1.0,0,3.3119164872914553,14.49677285505459,9.962907436544821e-09,10.0,25,2.2401877686206717e-08
LR_C2_N0_np20_nq200_scale2,"Balanced, unequal samples",40,400,38.938664000015706,5000,1.0,0,3.4892086405307055,11.629110057838325,9.963008182345412e-09,10.0,25,9.529230737825856e-09,5000,1.0,0,3.487499547190964,11.76833490841092,9.97667330693286e-09,10.0,25,2.1236701286397874e-09
LR_C2_N3_np500_nq50_scale0.5,"Skewed, unequal samples",250,25,42.84830700000748,5000,1.0,0,3.651583450846374,8.44102853210643,8.136592646174057e-09,12.0,25,2.5861481844913214e-09,5000,1.0,0,3.6439584800973535,8.406417327933015,9.983903079269218e-09,12.0,25,1.4250061369049263
LR_C2_N3_np500_nq50_scale1,"Skewed, unequal samples",500,50,42.555504916002974,5000,1.0,0,3.7484585773199797,9.814021312631702,9.988938464572383e-09,11.0,25,3.970171746914275e-09,5000,1.0,0,3.717145649716258,9.80555517366159,9.899861142664834e-09,11.0,25,4.180947144050151e-09
LR_C2_N3_np500_nq50_scale2,"Skewed, unequal samples",1000,100,43.913480875082314,5000,1.0,0,3.7816665135324,13.04217660333962,9.961677961689563e-09,11.0,25,9.458290151087567e-09,5000,1.0,0,3.7928540259599686,13.596278957556938,9.995886153524314e-09,11.0,25,1.8399077816866338e-09
LR_C2_N5_np200_nq2000_scale0.5,Rare and highly unequal,100,1000,46.6134564159438,5000,1.0,0,3.428270574659109,9.255413352511825,1.9813894275300115e-09,12.0,25,2.658566700119991e-09,5000,1.0,0,3.4580000210553408,9.824586608447163,2.752953222155685e-09,12.0,25,4.111427642783383e-09
LR_C2_N5_np200_nq2000_scale1,Rare and highly unequal,200,2000,37.90857591689564,5000,1.0,0,3.475749515928328,8.034059521742167,4.073531154752397e-09,11.0,25,5.1318238547537476e-09,5000,1.0,0,3.472625045105815,7.962098368443552,1.888496237861803e-09,11.0,25,5.3169060265645385e-09
LR_C2_N5_np200_nq2000_scale2,Rare and highly unequal,400,4000,38.8958725000266,5000,1.0,0,3.7372710648924112,4.852916183881464,3.152773916936802e-09,11.0,25,6.802565621910617e-09,5000,1.0,0,3.7589374696835876,5.128125790506601,2.844877831573167e-09,11.0,25,2.4242581275757402e-09
LR_C3_C3_same_balanced_i0p005_n1000_scale0.5,Near independence,500,500,39.33344649989158,5000,1.0,0,3.716832958161831,7.344668670557447,9.980624857824916e-09,9.0,25,5.093170329928398e-11,5000,1.0,0,3.7202079547569156,8.021276714280251,9.900685007946386e-09,9.0,25,7.066773832775652e-10
LR_C3_C3_same_balanced_i0p005_n1000_scale1,Near independence,1000,1000,39.979617457836866,5000,1.0,0,3.837895579636097,4.985841887537393,9.858544140761705e-09,9.0,25,6.37646735413e-09,5000,1.0,0,3.8343131309375167,6.32090968778359,9.940951423148547e-09,9.0,25,5.3805706556886435e-09
LR_C3_C3_same_balanced_i0p005_n1000_scale2,Near independence,2000,2000,40.94985183305107,5000,1.0,0,3.972874954342842,4.440375557169318,9.885853635704933e-09,9.0,25,2.4270775611512363e-08,5000,1.0,0,3.9560209261253476,5.0702812965028,9.993188981177736e-09,9.0,25,8.054485078901052e-09
LR_C4_C4_s0p05_i0p0001_n500_scale0.5,Rare-cell case B,250,250,54.67837958293967,5000,1.0,0,5.073687410913408,11.160315794404605,3.616857683144681e-09,22.0,25,4.909452400170267e-09,5000,1.0,0,4.788521095179021,10.852748646866534,5.820510686274649e-09,21.0,25,1.2400391824485268e-09
LR_C4_C4_s0p05_i0p0001_n500_scale1,Rare-cell case B,500,500,43.38723225006834,5000,1.0,0,3.8074376061558723,9.53590050106869,3.1448963372718297e-09,12.0,25,7.919425115687773e-09,5000,1.0,0,3.5037085181102157,8.541929372586312,4.316252486934874e-09,12.0,25,2.975639290525578e-09
LR_C4_C4_s0p05_i0p0001_n500_scale2,Rare-cell case B,1000,1000,41.3299969159998,5000,1.0,0,3.5063541727140546,12.951606647111484,6.795260634566425e-09,11.0,25,6.724803824909031e-09,5000,1.0,0,3.355874912813306,12.242984732147317,5.708512970051954e-09,11.0,25,4.957428245688789e-09
LR_C4_C4_s0p1_i0p0001_n100_scale0.5,Rare-cell case A,50,50,62.70855441596359,5000,1.0,0,5.370312486775219,20.994632502552125,3.5338642116744534e-09,31.0,25,1.3597934866993455e-07,5000,1.0,0,5.286208004690707,20.009870745707317,8.146095555050525e-09,31.0,25,1.754645495566365e-08
LR_C4_C4_s0p1_i0p0001_n100_scale1,Rare-cell case A,100,100,50.10730983316898,5000,1.0,0,4.169041523709893,11.417029048316182,8.364582909994867e-09,14.0,25,2.987178504554322e-09,5000,1.0,0,4.207916557788849,10.555594910401851,9.515813609306534e-09,14.0,25,1.2552732187032234e-09
LR_C4_C4_s0p1_i0p0001_n100_scale2,Rare-cell case A,200,200,44.087096916045994,5000,1.0,0,3.750271047465503,10.153643668163573,9.972228109250691e-09,11.0,25,1.9288108887849376e-09,5000,1.0,0,3.7366250762715936,10.185052289161831,9.596548282593542e-09,11.0,25,7.781295607856009e-10
